Epoch    Loss         Train Acc      Test Acc        L2 Norm    Dropout Gap
  1     5.0604         0.0092         0.0108         114.6877     0.0006
  2     4.7697
               Per-Epoch   Results
                       0.0103
                                   (page   1
                                      0.0091
                                              of 223)114.5651     -0.0021
  3     4.6619         0.0138         0.0088         114.4447     0.0033
  4     4.6217         0.0145         0.0108         114.3248     -0.0003
  5     4.6092         0.0135         0.0085         114.2051     0.0006
  6     4.5988         0.0145         0.0085         114.0860     0.0008
  7     4.5982         0.0124         0.0103         113.9674     -0.0024
  8     4.5901         0.0135         0.0100         113.8497     0.0006
  9     4.5824         0.0131         0.0082         113.7323     0.0024
 10     4.5721         0.0145         0.0070         113.6160     0.0032
 11     4.5638         0.0128         0.0082         113.5008     0.0024
 12     4.5580         0.0138         0.0087         113.3870     0.0021
 13     4.5514         0.0142         0.0082         113.2743     0.0011
 14     4.5432         0.0142         0.0076         113.1628     0.0011
 15     4.5345         0.0156         0.0064         113.0525     0.0043
 16     4.5267         0.0159         0.0065         112.9434     0.0017
 17     4.5194         0.0163         0.0064         112.8355     0.0041
 18     4.5113         0.0181         0.0064         112.7289     0.0024
 19     4.5023         0.0191         0.0055         112.6234     0.0018
 20     4.4934         0.0198         0.0059         112.5192     0.0036
 21     4.4848         0.0216         0.0049         112.4164     0.0043
 22     4.4759         0.0241         0.0041         112.3147     0.0039
 23     4.4665         0.0259         0.0043         112.2144     0.0044
 24     4.4574         0.0269         0.0041         112.1155     0.0043
 25     4.4483         0.0287         0.0041         112.0179     0.0071
 26     4.4382         0.0294         0.0041         111.9217     0.0049
 27     4.4279         0.0291         0.0041         111.8268     0.0070
 28     4.4179         0.0305         0.0039         111.7334     0.0061
 29     4.4071         0.0326         0.0033         111.6415     0.0059
 30     4.3961         0.0358         0.0032         111.5510     0.0070
 31     4.3852         0.0397         0.0035         111.4619     0.0064
 32     4.3738         0.0400         0.0027         111.3743     0.0065
 33     4.3622         0.0404         0.0030         111.2882     0.0055
 34     4.3509         0.0418         0.0030         111.2035     0.0068
 35     4.3390         0.0425         0.0027         111.1204     0.0076
 36     4.3273         0.0446         0.0030         111.0386     0.0067
 37     4.3151         0.0464         0.0030         110.9581     0.0064
 38     4.3027         0.0464         0.0027         110.8789     0.0049
 39     4.2904         0.0468         0.0024         110.8012     0.0087
 40     4.2777         0.0464         0.0024         110.7247     0.0062
 41     4.2651         0.0454         0.0024         110.6494     0.0062
 42     4.2521         0.0468         0.0023         110.5752     0.0071
 43     4.2391         0.0475         0.0023         110.5021     0.0053
 44     4.2259         0.0489         0.0021         110.4301     0.0062
 45     4.2125         0.0500         0.0023         110.3591     0.0074
Epoch    Loss         Train Acc      Test Acc        L2 Norm    Dropout Gap
 46     4.1991         0.0503         0.0021         110.2890     0.0074
 47     4.1856
               Per-Epoch   Results
                       0.0514
                                   (page   2
                                      0.0020
                                              of 223)110.2199     0.0090
 48     4.1719         0.0532         0.0017         110.1517     0.0074
 49     4.1583         0.0553         0.0017         110.0842     0.0068
 50     4.1444         0.0563         0.0015         110.0176     0.0094
 51     4.1306         0.0567         0.0014         109.9518     0.0062
 52     4.1167         0.0563         0.0014         109.8866     0.0093
 53     4.1028         0.0553         0.0014         109.8220     0.0076
 54     4.0888         0.0553         0.0012         109.7580     0.0059
 55     4.0747         0.0553         0.0014         109.6945     0.0073
 56     4.0606         0.0549         0.0012         109.6315     0.0077
 57     4.0466         0.0549         0.0011         109.5690     0.0082
 58     4.0325         0.0546         0.0009         109.5066     0.0073
 59     4.0184         0.0553         0.0008         109.4447     0.0076
 60     4.0042         0.0567         0.0008         109.3832     0.0058
 61     3.9899         0.0567         0.0008         109.3219     0.0067
 62     3.9756         0.0567         0.0008         109.2608     0.0085
 63     3.9612         0.0578         0.0006         109.2001     0.0070
 64     3.9469         0.0581         0.0006         109.1396     0.0073
 65     3.9327         0.0585         0.0005         109.0793     0.0082
 66     3.9190         0.0556         0.0008         109.0197     0.0059
 67     3.9071         0.0595         0.0005         108.9593     0.0094
 68     3.8940         0.0563         0.0006         108.8997     0.0070
 69     3.8750         0.0578         0.0005         108.8405     0.0082
 70     3.8635         0.0592         0.0005         108.7808     0.0088
 71     3.8483         0.0588         0.0005         108.7220     0.0087
 72     3.8316         0.0595         0.0003         108.6638     0.0085
 73     3.8200         0.0606         0.0005         108.6052     0.0091
 74     3.8023         0.0602         0.0005         108.5474     0.0079
 75     3.7887         0.0609         0.0005         108.4905     0.0070
 76     3.7751         0.0634         0.0005         108.4333     0.0068
 77     3.7573         0.0624         0.0005         108.3769     0.0068
 78     3.7443         0.0634         0.0006         108.3213     0.0083
 79     3.7295         0.0648         0.0005         108.2657     0.0102
 80     3.7119         0.0648         0.0002         108.2107     0.0085
 81     3.6989         0.0638         0.0005         108.1569     0.0074
 82     3.6841         0.0656         0.0002         108.1027     0.0094
 83     3.6663         0.0617         0.0002         108.0495     0.0080
 84     3.6516         0.0638         0.0005         107.9971     0.0085
 85     3.6384         0.0677         0.0002         107.9445     0.0067
 86     3.6220         0.0641         0.0003         107.8931     0.0079
 87     3.6046         0.0656         0.0003         107.8420     0.0088
 88     3.5895         0.0656         0.0002         107.7914     0.0088
 89     3.5760         0.0659         0.0003         107.7419     0.0082
 90     3.5608         0.0680         0.0003         107.6922     0.0087
Epoch    Loss         Train Acc      Test Acc        L2 Norm    Dropout Gap
  91    3.5444         0.0670         0.0003         107.6434     0.0099
  92    3.5272
               Per-Epoch   Results
                       0.0670
                                   (page   3
                                      0.0003
                                              of 223)107.5949     0.0091
  93    3.5111         0.0666         0.0003         107.5468     0.0083
  94    3.4964         0.0673         0.0003         107.4995     0.0100
  95    3.4838         0.0677         0.0002         107.4513     0.0077
  96    3.4747         0.0680         0.0003         107.4041     0.0079
  97    3.4603         0.0673         0.0002         107.3553     0.0090
  98    3.4388         0.0695         0.0003         107.3076     0.0085
  99    3.4198         0.0734         0.0003         107.2599     0.0091
 100    3.4088         0.0712         0.0002         107.2113     0.0067
 101    3.3980         0.0702         0.0003         107.1638     0.0079
 102    3.3794         0.0737         0.0002         107.1156     0.0087
 103    3.3608         0.0734         0.0002         107.0676     0.0082
 104    3.3501         0.0726         0.0002         107.0204     0.0094
 105    3.3431         0.0751         0.0002         106.9713     0.0094
 106    3.3290         0.0712         0.0002         106.9233     0.0087
 107    3.3078         0.0769         0.0002         106.8750     0.0088
 108    3.2939         0.0773         0.0000         106.8260     0.0099
 109    3.2862         0.0737         0.0002         106.7781     0.0093
 110    3.2717         0.0773         0.0002         106.7289     0.0088
 111    3.2557         0.0762         0.0002         106.6800     0.0096
 112    3.2412         0.0773         0.0002         106.6311     0.0096
 113    3.2289         0.0780         0.0002         106.5819     0.0085
 114    3.2206         0.0797         0.0002         106.5332     0.0091
 115    3.2130         0.0790         0.0000         106.4828     0.0085
 116    3.1974         0.0787         0.0002         106.4332     0.0074
 117    3.1802         0.0815         0.0002         106.3831     0.0073
 118    3.1680         0.0822         0.0002         106.3329     0.0068
 119    3.1581         0.0843         0.0002         106.2831     0.0073
 120    3.1500         0.0854         0.0000         106.2321     0.0079
 121    3.1445         0.0797         0.0003         106.1821     0.0109
 122    3.1337         0.0833         0.0000         106.1301     0.0096
 123    3.1192         0.0868         0.0000         106.0790     0.0103
 124    3.1027         0.0886         0.0002         106.0275     0.0091
 125    3.0905         0.0950         0.0002         105.9759     0.0105
 126    3.0846         0.0907         0.0002         105.9245     0.0093
 127    3.0782         0.0897         0.0002         105.8719     0.0108
 128    3.0733         0.0886         0.0000         105.8201     0.0096
 129    3.0619         0.0904         0.0002         105.7660     0.0080
 130    3.0461         0.0967         0.0000         105.7133     0.0088
 131    3.0320         0.0960         0.0000         105.6601     0.0073
 132    3.0244         0.0957         0.0002         105.6060     0.0083
 133    3.0188         0.0964         0.0002         105.5527     0.0074
 134    3.0107         0.0999         0.0002         105.4979     0.0102
 135    3.0022         0.0978         0.0000         105.4441     0.0079
Epoch    Loss         Train Acc      Test Acc        L2 Norm    Dropout Gap
 136    2.9902         0.1006         0.0000         105.3890     0.0076
 137    2.9805
               Per-Epoch   Results
                       0.1017
                                   (page   4
                                      0.0000
                                              of 223)105.3347     0.0097
 138    2.9703         0.1035         0.0000         105.2799     0.0087
 139    2.9598         0.1099         0.0002         105.2246     0.0085
 140    2.9548         0.1077         0.0000         105.1704     0.0073
 141    2.9541         0.1049         0.0002         105.1143     0.0079
 142    2.9575         0.1035         0.0002         105.0591     0.0074
 143    2.9444         0.1074         0.0002         105.0019     0.0076
 144    2.9263         0.1095         0.0000         104.9452     0.0062
 145    2.9127         0.1223         0.0000         104.8884     0.0085
 146    2.9107         0.1166         0.0002         104.8304     0.0087
 147    2.9114         0.1095         0.0000         104.7735     0.0065
 148    2.8991         0.1208         0.0002         104.7151     0.0073
 149    2.8852         0.1219         0.0000         104.6572     0.0108
 150    2.8745         0.1293         0.0000         104.5995     0.0076
 151    2.8706         0.1279         0.0002         104.5407     0.0062
 152    2.8674         0.1247         0.0000         104.4832     0.0100
 153    2.8595         0.1318         0.0002         104.4245     0.0076
 154    2.8488         0.1254         0.0000         104.3661     0.0100
 155    2.8364         0.1364         0.0000         104.3080     0.0076
 156    2.8314         0.1410         0.0002         104.2496     0.0094
 157    2.8303         0.1308         0.0000         104.1919     0.0073
 158    2.8242         0.1414         0.0002         104.1329     0.0087
 159    2.8195         0.1357         0.0000         104.0752     0.0102
 160    2.8111         0.1403         0.0000         104.0161     0.0083
 161    2.8027         0.1428         0.0000         103.9574     0.0082
 162    2.7942         0.1502         0.0000         103.8985     0.0087
 163    2.7868         0.1478         0.0000         103.8394     0.0077
 164    2.7818         0.1513         0.0000         103.7804     0.0087
 165    2.7745         0.1559         0.0000         103.7207     0.0099
 166    2.7685         0.1531         0.0000         103.6616     0.0083
 167    2.7679         0.1563         0.0000         103.6011     0.0088
 168    2.7692         0.1492         0.0000         103.5418     0.0076
 169    2.7701         0.1492         0.0000         103.4806     0.0087
 170    2.7645         0.1527         0.0000         103.4208     0.0091
 171    2.7436         0.1609         0.0000         103.3595     0.0073
 172    2.7295         0.1704         0.0000         103.2979     0.0079
 173    2.7282         0.1680         0.0000         103.2372     0.0073
 174    2.7319         0.1591         0.0000         103.1750     0.0105
 175    2.7309         0.1612         0.0000         103.1142     0.0088
 176    2.7129         0.1758         0.0000         103.0526     0.0087
 177    2.7003         0.1782         0.0000         102.9911     0.0105
 178    2.6987         0.1786         0.0000         102.9300     0.0065
 179    2.6987         0.1768         0.0000         102.8679     0.0097
 180    2.6919         0.1807         0.0000         102.8071     0.0090
Epoch    Loss         Train Acc      Test Acc        L2 Norm    Dropout Gap
 181    2.6813         0.1860         0.0000         102.7456     0.0085
 182    2.6728
               Per-Epoch   Results
                       0.1864
                                   (page   5
                                      0.0000
                                              of 223)102.6842     0.0085
 183    2.6674         0.1910         0.0000         102.6234     0.0099
 184    2.6650         0.1914         0.0000         102.5619     0.0077
 185    2.6609         0.1903         0.0000         102.5017     0.0073
 186    2.6530         0.1995         0.0000         102.4407     0.0094
 187    2.6470         0.1988         0.0000         102.3800     0.0077
 188    2.6400         0.1995         0.0000         102.3192     0.0105
 189    2.6326         0.2066         0.0000         102.2582     0.0079
 190    2.6280         0.2052         0.0000         102.1976     0.0082
 191    2.6202         0.2123         0.0000         102.1370     0.0082
 192    2.6159         0.2098         0.0000         102.0772     0.0097
 193    2.6172         0.2126         0.0000         102.0163     0.0074
 194    2.6195         0.2066         0.0002         101.9565     0.0077
 195    2.6201         0.2073         0.0000         101.8954     0.0096
 196    2.6128         0.2084         0.0000         101.8352     0.0083
 197    2.5948         0.2162         0.0000         101.7739     0.0099
 198    2.5817         0.2243         0.0000         101.7132     0.0085
 199    2.5766         0.2254         0.0002         101.6531     0.0091
 200    2.5800         0.2208         0.0000         101.5919     0.0090
 201    2.5857         0.2190         0.0002         101.5324     0.0076
 202    2.5762         0.2222         0.0000         101.4715     0.0073
 203    2.5619         0.2282         0.0000         101.4116     0.0088
 204    2.5494         0.2371         0.0002         101.3516     0.0076
 205    2.5443         0.2392         0.0000         101.2913     0.0079
 206    2.5473         0.2321         0.0002         101.2322     0.0070
 207    2.5467         0.2339         0.0000         101.1717     0.0067
 208    2.5378         0.2413         0.0000         101.1123     0.0080
 209    2.5257         0.2438         0.0000         101.0527     0.0096
 210    2.5161         0.2466         0.0000         100.9931     0.0091
 211    2.5116         0.2466         0.0000         100.9344     0.0088
 212    2.5100         0.2541         0.0000         100.8749     0.0087
 213    2.5085         0.2463         0.0002         100.8163     0.0085
 214    2.5018         0.2555         0.0000         100.7570     0.0100
 215    2.4915         0.2576         0.0002         100.6985     0.0097
 216    2.4830         0.2576         0.0000         100.6400     0.0079
 217    2.4776         0.2608         0.0000         100.5820     0.0108
 218    2.4739         0.2548         0.0000         100.5241     0.0076
 219    2.4712         0.2636         0.0000         100.4660     0.0099
 220    2.4691         0.2573         0.0002         100.4087     0.0094
 221    2.4680         0.2633         0.0000         100.3501     0.0083
 222    2.4652         0.2580         0.0002         100.2928     0.0077
 223    2.4574         0.2626         0.0000         100.2343     0.0076
 224    2.4448         0.2753         0.0000         100.1766     0.0100
 225    2.4347         0.2729         0.0000         100.1188     0.0094
Epoch    Loss         Train Acc      Test Acc        L2 Norm    Dropout Gap
 226    2.4305         0.2721         0.0000         100.0610     0.0111
 227    2.4285
               Per-Epoch   Results
                       0.2661
                                   (page   6
                                      0.0000
                                              of 223)100.0035     0.0099
 228    2.4257         0.2697         0.0000          99.9456     0.0108
 229    2.4202         0.2704         0.0000          99.8880     0.0083
 230    2.4137         0.2814         0.0000          99.8300     0.0090
 231    2.4100         0.2739         0.0002          99.7724     0.0088
 232    2.4102         0.2782         0.0000          99.7139     0.0088
 233    2.4121         0.2778         0.0002          99.6563     0.0091
 234    2.4104         0.2718         0.0000          99.5975     0.0077
 235    2.4013         0.2803         0.0002          99.5396     0.0093
 236    2.3860         0.2789         0.0000          99.4809     0.0102
 237    2.3745         0.2895         0.0000          99.4227     0.0088
 238    2.3735         0.2863         0.0000          99.3647     0.0096
 239    2.3729         0.2881         0.0000          99.3059     0.0105
 240    2.3691         0.2895         0.0002          99.2481     0.0109
 241    2.3601         0.2874         0.0000          99.1893     0.0067
 242    2.3514         0.2948         0.0000          99.1314     0.0080
 243    2.3442         0.2959         0.0000          99.0732     0.0094
 244    2.3397         0.2916         0.0000          99.0149     0.0103
 245    2.3366         0.2991         0.0002          98.9574     0.0099
 246    2.3319         0.3037         0.0000          98.8990     0.0091
 247    2.3308         0.3016         0.0000          98.8416     0.0094
 248    2.3235         0.3062         0.0000          98.7835     0.0085
 249    2.3132         0.3086         0.0000          98.7259     0.0090
 250    2.3065         0.3030         0.0000          98.6680     0.0087
 251    2.3024         0.3111         0.0000          98.6103     0.0093
 252    2.2961         0.3200         0.0000          98.5533     0.0105
 253    2.2924         0.3140         0.0000          98.4957     0.0080
 254    2.2941         0.3090         0.0000          98.4387     0.0090
 255    2.2900         0.3108         0.0000          98.3811     0.0079
 256    2.2826         0.3189         0.0002          98.3244     0.0090
 257    2.2812         0.3150         0.0000          98.2671     0.0108
 258    2.2741         0.3203         0.0002          98.2104     0.0088
 259    2.2630         0.3239         0.0000          98.1533     0.0077
 260    2.2553         0.3235         0.0000          98.0971     0.0087
 261    2.2506         0.3260         0.0000          98.0405     0.0085
 262    2.2441         0.3281         0.0000          97.9841     0.0077
 263    2.2401         0.3363         0.0002          97.9283     0.0065
 264    2.2408         0.3274         0.0000          97.8716     0.0094
 265    2.2424         0.3249         0.0002          97.8162     0.0067
 266    2.2397         0.3260         0.0000          97.7595     0.0096
 267    2.2299         0.3320         0.0002          97.7043     0.0103
 268    2.2169         0.3381         0.0000          97.6485     0.0067
 269    2.2064         0.3448         0.0002          97.5928     0.0076
 270    2.2011         0.3420         0.0002          97.5376     0.0097
Epoch    Loss         Train Acc      Test Acc        L2 Norm    Dropout Gap
 271    2.2012         0.3370         0.0000          97.4820     0.0124
 272    2.2019
               Per-Epoch   Results
                       0.3451
                                   (page   7
                                      0.0002
                                              of 223) 97.4274     0.0076
 273    2.1980         0.3405         0.0000          97.3718     0.0083
 274    2.1864         0.3427         0.0002          97.3175     0.0109
 275    2.1748         0.3501         0.0002          97.2629     0.0087
 276    2.1672         0.3561         0.0002          97.2086     0.0082
 277    2.1639         0.3586         0.0002          97.1547     0.0108
 278    2.1636         0.3547         0.0002          97.1002     0.0080
 279    2.1630         0.3586         0.0002          97.0465     0.0090
 280    2.1593         0.3526         0.0002          96.9920     0.0108
 281    2.1502         0.3671         0.0002          96.9387     0.0082
 282    2.1402         0.3614         0.0002          96.8846     0.0096
 283    2.1324         0.3689         0.0002          96.8312     0.0087
 284    2.1274         0.3622         0.0002          96.7780     0.0103
 285    2.1245         0.3710         0.0002          96.7243     0.0090
 286    2.1237         0.3707         0.0002          96.6713     0.0090
 287    2.1221         0.3692         0.0000          96.6175     0.0088
 288    2.1160         0.3692         0.0002          96.5647     0.0091
 289    2.1075         0.3721         0.0002          96.5114     0.0103
 290    2.0988         0.3788         0.0002          96.4589     0.0117
 291    2.0927         0.3714         0.0002          96.4060     0.0106
 292    2.0894         0.3824         0.0000          96.3534     0.0099
 293    2.0870         0.3746         0.0002          96.3007     0.0087
 294    2.0809         0.3806         0.0002          96.2480     0.0094
 295    2.0742         0.3806         0.0002          96.1953     0.0077
 296    2.0684         0.3816         0.0002          96.1426     0.0076
 297    2.0665         0.3870         0.0000          96.0902     0.0067
 298    2.0643         0.3834         0.0002          96.0370     0.0080
 299    2.0576         0.3958         0.0003          95.9846     0.0071
 300    2.0582         0.3884         0.0000          95.9310     0.0083
 301    2.0661         0.3870         0.0003          95.8788     0.0079
 302    2.0659         0.3728         0.0002          95.8248     0.0088
 303    2.0510         0.3863         0.0003          95.7721     0.0065
 304    2.0315         0.3948         0.0003          95.7189     0.0074
 305    2.0261         0.3955         0.0002          95.6651     0.0080
 306    2.0275         0.3940         0.0003          95.6123     0.0096
 307    2.0245         0.3969         0.0002          95.5584     0.0076
 308    2.0282         0.3979         0.0003          95.5052     0.0077
 309    2.0259         0.3972         0.0002          95.4513     0.0103
 310    2.0046         0.4033         0.0005          95.3980     0.0076
 311    1.9933         0.4114         0.0003          95.3445     0.0100
 312    1.9941         0.4167         0.0003          95.2907     0.0073
 313    1.9941         0.4118         0.0003          95.2375     0.0070
 314    1.9918         0.4072         0.0002          95.1837     0.0077
 315    1.9856         0.4167         0.0003          95.1307     0.0068
Epoch    Loss         Train Acc      Test Acc        L2 Norm    Dropout Gap
 316    1.9728         0.4132         0.0003          95.0774     0.0088
 317    1.9617
               Per-Epoch   Results
                       0.4242
                                   (page   8
                                      0.0003
                                              of 223) 95.0245     0.0067
 318    1.9623         0.4266         0.0005          94.9717     0.0082
 319    1.9628         0.4185         0.0005          94.9183     0.0088
 320    1.9597         0.4277         0.0003          94.8659     0.0082
 321    1.9519         0.4252         0.0005          94.8130     0.0091
 322    1.9413         0.4298         0.0005          94.7608     0.0067
 323    1.9337         0.4295         0.0003          94.7086     0.0093
 324    1.9325         0.4235         0.0005          94.6560     0.0105
 325    1.9345         0.4344         0.0005          94.6043     0.0073
 326    1.9288         0.4313         0.0005          94.5518     0.0106
 327    1.9196         0.4426         0.0005          94.5004     0.0093
 328    1.9124         0.4352         0.0005          94.4491     0.0068
 329    1.9059         0.4401         0.0005          94.3974     0.0087
 330    1.9034         0.4440         0.0005          94.3464     0.0070
 331    1.9039         0.4359         0.0005          94.2949     0.0077
 332    1.8999         0.4440         0.0005          94.2440     0.0070
 333    1.8892         0.4440         0.0003          94.1926     0.0088
 334    1.8828         0.4479         0.0005          94.1421     0.0087
 335    1.8763         0.4500         0.0005          94.0913     0.0096
 336    1.8710         0.4536         0.0005          94.0408     0.0088
 337    1.8692         0.4511         0.0003          93.9907     0.0090
 338    1.8658         0.4511         0.0005          93.9400     0.0085
 339    1.8628         0.4578         0.0005          93.8905     0.0087
 340    1.8635         0.4476         0.0003          93.8399     0.0090
 341    1.8585         0.4628         0.0005          93.7904     0.0080
 342    1.8489         0.4610         0.0005          93.7405     0.0062
 343    1.8401         0.4610         0.0005          93.6909     0.0079
 344    1.8311         0.4681         0.0005          93.6414     0.0090
 345    1.8233         0.4674         0.0005          93.5918     0.0064
 346    1.8224         0.4692         0.0005          93.5429     0.0096
 347    1.8256         0.4717         0.0005          93.4933     0.0100
 348    1.8284         0.4674         0.0005          93.4446     0.0093
 349    1.8261         0.4667         0.0003          93.3951     0.0109
 350    1.8142         0.4791         0.0005          93.3468     0.0094
 351    1.7993         0.4780         0.0005          93.2980     0.0080
 352    1.7892         0.4816         0.0005          93.2495     0.0077
 353    1.7854         0.4869         0.0005          93.2014     0.0070
 354    1.7875         0.4837         0.0005          93.1529     0.0082
 355    1.7909         0.4819         0.0003          93.1053     0.0103
 356    1.7891         0.4812         0.0005          93.0567     0.0083
 357    1.7772         0.4880         0.0003          93.0092     0.0088
 358    1.7633         0.4915         0.0005          92.9615     0.0087
 359    1.7555         0.4918         0.0005          92.9138     0.0077
 360    1.7552         0.4972         0.0003          92.8667     0.0094
Epoch    Loss         Train Acc      Test Acc        L2 Norm    Dropout Gap
 361    1.7589         0.4911         0.0005          92.8193     0.0087
 362    1.7570
               Per-Epoch   Results
                       0.4993
                                   (page   9
                                      0.0003
                                              of 223) 92.7725     0.0099
 363    1.7499         0.4954         0.0005          92.7251     0.0085
 364    1.7394         0.4968         0.0003          92.6782     0.0083
 365    1.7289         0.5035         0.0006          92.6312     0.0071
 366    1.7220         0.5053         0.0006          92.5846     0.0087
 367    1.7205         0.5099         0.0006          92.5383     0.0079
 368    1.7211         0.5014         0.0005          92.4919     0.0082
 369    1.7202         0.5124         0.0006          92.4460     0.0073
 370    1.7156         0.5014         0.0006          92.3995     0.0094
 371    1.7063         0.5120         0.0006          92.3536     0.0080
 372    1.6953         0.5131         0.0008          92.3075     0.0064
 373    1.6879         0.5188         0.0006          92.2618     0.0073
 374    1.6844         0.5174         0.0005          92.2161     0.0102
 375    1.6845         0.5167         0.0006          92.1704     0.0083
 376    1.6861         0.5241         0.0005          92.1251     0.0064
 377    1.6870         0.5117         0.0006          92.0790     0.0083
 378    1.6844         0.5202         0.0006          92.0338     0.0096
 379    1.6770         0.5167         0.0006          91.9878     0.0083
 380    1.6671         0.5255         0.0006          91.9426     0.0074
 381    1.6595         0.5252         0.0006          91.8969     0.0088
 382    1.6545         0.5298         0.0006          91.8515     0.0080
 383    1.6499         0.5315         0.0005          91.8063     0.0074
 384    1.6452         0.5319         0.0006          91.7605     0.0082
 385    1.6447         0.5337         0.0008          91.7156     0.0083
 386    1.6470         0.5294         0.0008          91.6698     0.0091
 387    1.6423         0.5308         0.0006          91.6248     0.0080
 388    1.6300         0.5326         0.0006          91.5794     0.0079
 389    1.6162         0.5383         0.0006          91.5344     0.0079
 390    1.6096         0.5471         0.0008          91.4894     0.0071
 391    1.6128         0.5397         0.0006          91.4443     0.0085
 392    1.6184         0.5450         0.0006          91.4000     0.0082
 393    1.6150         0.5390         0.0006          91.3547     0.0087
 394    1.6023         0.5471         0.0005          91.3102     0.0087
 395    1.5921         0.5510         0.0005          91.2654     0.0093
 396    1.5877         0.5503         0.0005          91.2208     0.0087
 397    1.5856         0.5556         0.0006          91.1763     0.0083
 398    1.5797         0.5567         0.0005          91.1316     0.0076
 399    1.5791         0.5542         0.0008          91.0872     0.0105
 400    1.5833         0.5542         0.0005          91.0426     0.0105
 401    1.5788         0.5475         0.0006          90.9985     0.0080
 402    1.5672         0.5588         0.0006          90.9540     0.0096
 403    1.5564         0.5563         0.0005          90.9099     0.0090
 404    1.5550         0.5595         0.0006          90.8657     0.0070
 405    1.5505         0.5677         0.0006          90.8213     0.0083
Epoch    Loss        Train Acc      Test Acc       L2 Norm   Dropout Gap
 406    1.5419        0.5634         0.0008        90.7773     0.0082
 407    1.5374
              Per-Epoch  Results
                      0.5726
                                 (page   10
                                     0.0005
                                             of 223)
                                                   90.7330     0.0093
 408    1.5398        0.5634         0.0008        90.6891     0.0087
 409    1.5432        0.5613         0.0006        90.6447     0.0082
 410    1.5371        0.5702         0.0008        90.6010     0.0080
 411    1.5294        0.5680         0.0006        90.5568     0.0093
 412    1.5189        0.5758         0.0006        90.5132     0.0094
 413    1.5091        0.5748         0.0006        90.4694     0.0085
 414    1.5028        0.5811         0.0008        90.4254     0.0079
 415    1.5025        0.5822         0.0008        90.3819     0.0094
 416    1.5040        0.5808         0.0008        90.3379     0.0090
 417    1.5042        0.5758         0.0009        90.2945     0.0070
 418    1.5058        0.5843         0.0008        90.2508     0.0079
 419    1.5022        0.5797         0.0009        90.2073     0.0071
 420    1.4903        0.5861         0.0008        90.1640     0.0083
 421    1.4768        0.5843         0.0009        90.1206     0.0087
 422    1.4735        0.5907         0.0011        90.0773     0.0073
 423    1.4751        0.5882         0.0008        90.0338     0.0096
 424    1.4756        0.5897         0.0009        89.9904     0.0083
 425    1.4770        0.5904         0.0008        89.9465     0.0082
 426    1.4718        0.5882         0.0009        89.9036     0.0080
 427    1.4554        0.5982         0.0009        89.8606     0.0073
 428    1.4428        0.6003         0.0008        89.8174     0.0070
 429    1.4436        0.5996         0.0011        89.7747     0.0074
 430    1.4505        0.5999         0.0006        89.7315     0.0082
 431    1.4508        0.5989         0.0011        89.6890     0.0100
 432    1.4409        0.6031         0.0011        89.6462     0.0097
 433    1.4280        0.6109         0.0009        89.6036     0.0073
 434    1.4207        0.6074         0.0012        89.5612     0.0055
 435    1.4193        0.6123         0.0008        89.5188     0.0044
 436    1.4195        0.6123         0.0011        89.4767     0.0062
 437    1.4191        0.6088         0.0008        89.4344     0.0077
 438    1.4111        0.6180         0.0012        89.3925     0.0080
 439    1.4006        0.6198         0.0011        89.3504     0.0065
 440    1.3948        0.6258         0.0009        89.3084     0.0096
 441    1.3932        0.6223         0.0011        89.2666     0.0076
 442    1.3918        0.6237         0.0009        89.2247     0.0102
 443    1.3893        0.6251         0.0011        89.1832     0.0061
 444    1.3877        0.6251         0.0009        89.1418     0.0082
 445    1.3822        0.6272         0.0012        89.1006     0.0085
 446    1.3748        0.6290         0.0009        89.0594     0.0093
 447    1.3679        0.6286         0.0012        89.0183     0.0064
 448    1.3630        0.6329         0.0009        88.9770     0.0079
 449    1.3583        0.6354         0.0011        88.9360     0.0083
 450    1.3545        0.6361         0.0011        88.8951     0.0112
Epoch    Loss        Train Acc      Test Acc       L2 Norm   Dropout Gap
 451    1.3535        0.6318         0.0011        88.8542     0.0093
 452    1.3545
              Per-Epoch  Results
                      0.6339
                                 (page   11
                                     0.0011
                                             of 223)
                                                   88.8139     0.0074
 453    1.3570        0.6283         0.0014        88.7729     0.0094
 454    1.3569        0.6308         0.0014        88.7327     0.0070
 455    1.3513        0.6318         0.0012        88.6921     0.0085
 456    1.3382        0.6410         0.0015        88.6519     0.0088
 457    1.3279        0.6464         0.0012        88.6114     0.0080
 458    1.3237        0.6442         0.0012        88.5710     0.0074
 459    1.3248        0.6442         0.0014        88.5307     0.0085
 460    1.3270        0.6403         0.0011        88.4903     0.0079
 461    1.3247        0.6481         0.0015        88.4502     0.0090
 462    1.3184        0.6456         0.0012        88.4099     0.0067
 463    1.3077        0.6502         0.0020        88.3702     0.0064
 464    1.3005        0.6520         0.0012        88.3303     0.0091
 465    1.2988        0.6488         0.0015        88.2901     0.0090
 466    1.3006        0.6492         0.0014        88.2502     0.0077
 467    1.2988        0.6534         0.0014        88.2101     0.0090
 468    1.2929        0.6545         0.0018        88.1701     0.0067
 469    1.2863        0.6584         0.0014        88.1301     0.0080
 470    1.2821        0.6577         0.0023        88.0907     0.0068
 471    1.2786        0.6584         0.0014        88.0509     0.0070
 472    1.2743        0.6549         0.0018        88.0113     0.0062
 473    1.2676        0.6609         0.0017        87.9712     0.0071
 474    1.2600        0.6712         0.0018        87.9318     0.0068
 475    1.2583        0.6648         0.0021        87.8923     0.0062
 476    1.2619        0.6651         0.0015        87.8525     0.0049
 477    1.2673        0.6595         0.0021        87.8130     0.0083
 478    1.2643        0.6602         0.0015        87.7736     0.0071
 479    1.2490        0.6690         0.0020        87.7345     0.0079
 480    1.2388        0.6708         0.0021        87.6949     0.0099
 481    1.2360        0.6772         0.0017        87.6555     0.0083
 482    1.2349        0.6715         0.0021        87.6165     0.0077
 483    1.2318        0.6751         0.0017        87.5770     0.0071
 484    1.2299        0.6751         0.0018        87.5381     0.0059
 485    1.2303        0.6793         0.0017        87.4988     0.0090
 486    1.2266        0.6782         0.0018        87.4600     0.0082
 487    1.2198        0.6768         0.0021        87.4208     0.0071
 488    1.2099        0.6814         0.0020        87.3822     0.0076
 489    1.2024        0.6850         0.0018        87.3432     0.0077
 490    1.1995        0.6853         0.0021        87.3043     0.0088
 491    1.1985        0.6906         0.0018        87.2657     0.0082
 492    1.1972        0.6892         0.0020        87.2269     0.0068
 493    1.1966        0.6885         0.0020        87.1886     0.0071
 494    1.1977        0.6903         0.0017        87.1501     0.0073
 495    1.1939        0.6896         0.0021        87.1120     0.0076
Epoch    Loss        Train Acc      Test Acc       L2 Norm   Dropout Gap
 496    1.1862        0.6945         0.0020        87.0740     0.0082
 497    1.1763
              Per-Epoch  Results
                      0.6953
                                 (page   12
                                     0.0020
                                             of 223)
                                                   87.0359     0.0062
 498    1.1705        0.6953         0.0023        86.9983     0.0068
 499    1.1693        0.6977         0.0023        86.9600     0.0068
 500    1.1698        0.6938         0.0020        86.9222     0.0059
 501    1.1667        0.6949         0.0023        86.8842     0.0068
 502    1.1609        0.6995         0.0020        86.8465     0.0061
 503    1.1598        0.7062         0.0020        86.8087     0.0046
 504    1.1616        0.6995         0.0023        86.7713     0.0067
 505    1.1612        0.7016         0.0021        86.7340     0.0065
 506    1.1513        0.6988         0.0021        86.6966     0.0070
 507    1.1437        0.7034         0.0018        86.6595     0.0055
 508    1.1375        0.7059         0.0024        86.6221     0.0062
 509    1.1334        0.7023         0.0021        86.5848     0.0090
 510    1.1300        0.7169         0.0024        86.5478     0.0046
 511    1.1289        0.7062         0.0024        86.5109     0.0049
 512    1.1334        0.7116         0.0021        86.4738     0.0076
 513    1.1334        0.7027         0.0024        86.4368     0.0073
 514    1.1289        0.7084         0.0023        86.4000     0.0077
 515    1.1166        0.7222         0.0021        86.3634     0.0061
 516    1.1089        0.7162         0.0018        86.3268     0.0080
 517    1.1066        0.7179         0.0024        86.2902     0.0074
 518    1.1047        0.7112         0.0023        86.2538     0.0074
 519    1.1019        0.7208         0.0021        86.2170     0.0065
 520    1.0993        0.7215         0.0023        86.1807     0.0087
 521    1.1021        0.7232         0.0020        86.1443     0.0058
 522    1.0962        0.7229         0.0021        86.1083     0.0091
 523    1.0890        0.7183         0.0020        86.0722     0.0059
 524    1.0819        0.7296         0.0024        86.0360     0.0088
 525    1.0767        0.7215         0.0024        86.0004     0.0041
 526    1.0721        0.7286         0.0023        85.9641     0.0064
 527    1.0690        0.7257         0.0021        85.9283     0.0062
 528    1.0694        0.7328         0.0020        85.8925     0.0064
 529    1.0721        0.7279         0.0021        85.8566     0.0058
 530    1.0728        0.7250         0.0023        85.8211     0.0071
 531    1.0605        0.7342         0.0027        85.7855     0.0049
 532    1.0495        0.7367         0.0024        85.7502     0.0071
 533    1.0438        0.7495         0.0024        85.7147     0.0052
 534    1.0434        0.7395         0.0024        85.6794     0.0059
 535    1.0450        0.7346         0.0023        85.6443     0.0074
 536    1.0434        0.7413         0.0026        85.6089     0.0094
 537    1.0410        0.7431         0.0026        85.5738     0.0087
 538    1.0325        0.7410         0.0027        85.5392     0.0067
 539    1.0248        0.7498         0.0027        85.5044     0.0059
 540    1.0210        0.7442         0.0026        85.4698     0.0061
Epoch    Loss        Train Acc      Test Acc       L2 Norm   Dropout Gap
 541    1.0198        0.7516         0.0029        85.4353     0.0056
 542    1.0222
              Per-Epoch  Results
                      0.7498
                                 (page   13
                                     0.0026
                                             of 223)
                                                   85.4011     0.0079
 543    1.0207        0.7449         0.0029        85.3668     0.0052
 544    1.0163        0.7551         0.0024        85.3326     0.0082
 545    1.0052        0.7512         0.0024        85.2986     0.0047
 546    0.9972        0.7580         0.0029        85.2647     0.0053
 547    0.9962        0.7576         0.0027        85.2307     0.0055
 548    0.9992        0.7587         0.0033        85.1971     0.0067
 549    1.0005        0.7587         0.0027        85.1635     0.0058
 550    0.9911        0.7587         0.0030        85.1300     0.0073
 551    0.9809        0.7654         0.0029        85.0968     0.0068
 552    0.9748        0.7668         0.0024        85.0637     0.0087
 553    0.9747        0.7693         0.0030        85.0305     0.0076
 554    0.9768        0.7651         0.0026        84.9975     0.0079
 555    0.9754        0.7679         0.0033        84.9646     0.0053
 556    0.9692        0.7682         0.0029        84.9322     0.0079
 557    0.9594        0.7697         0.0029        84.8995     0.0070
 558    0.9531        0.7732         0.0033        84.8671     0.0043
 559    0.9528        0.7725         0.0027        84.8351     0.0053
 560    0.9547        0.7714         0.0033        84.8029     0.0047
 561    0.9565        0.7718         0.0030        84.7709     0.0073
 562    0.9475        0.7760         0.0032        84.7392     0.0052
 563    0.9368        0.7810         0.0030        84.7075     0.0061
 564    0.9318        0.7821         0.0032        84.6756     0.0085
 565    0.9335        0.7782         0.0035        84.6441     0.0064
 566    0.9349        0.7807         0.0032        84.6129     0.0055
 567    0.9290        0.7778         0.0036        84.5812     0.0043
 568    0.9207        0.7845         0.0036        84.5502     0.0043
 569    0.9132        0.7863         0.0033        84.5192     0.0055
 570    0.9111        0.7884         0.0038        84.4879     0.0058
 571    0.9124        0.7877         0.0036        84.4571     0.0046
 572    0.9123        0.7870         0.0035        84.4263     0.0062
 573    0.9093        0.7906         0.0041        84.3957     0.0058
 574    0.9003        0.7906         0.0039        84.3651     0.0039
 575    0.8929        0.7938         0.0039        84.3344     0.0064
 576    0.8883        0.7970         0.0035        84.3037     0.0067
 577    0.8865        0.7945         0.0041        84.2731     0.0064
 578    0.8865        0.7987         0.0035        84.2426     0.0039
 579    0.8849        0.7938         0.0038        84.2121     0.0027
 580    0.8815        0.7998         0.0039        84.1817     0.0047
 581    0.8744        0.8001         0.0043        84.1513     0.0061
 582    0.8690        0.8055         0.0044        84.1210     0.0047
 583    0.8648        0.8044         0.0046        84.0911     0.0047
 584    0.8617        0.8005         0.0044        84.0608     0.0039
 585    0.8586        0.8062         0.0044        84.0307     0.0029
Epoch    Loss        Train Acc      Test Acc       L2 Norm   Dropout Gap
 586    0.8549        0.8072         0.0039        84.0004     0.0056
 587    0.8521
              Per-Epoch  Results
                      0.8108
                                 (page   14
                                     0.0044
                                             of 223)
                                                   83.9702     0.0030
 588    0.8517        0.8079         0.0041        83.9397     0.0062
 589    0.8567        0.8055         0.0039        83.9098     0.0058
 590    0.8550        0.8051         0.0047        83.8796     0.0035
 591    0.8509        0.8047         0.0039        83.8496     0.0058
 592    0.8399        0.8104         0.0044        83.8197     0.0039
 593    0.8317        0.8172         0.0044        83.7894     0.0067
 594    0.8272        0.8154         0.0046        83.7593     0.0023
 595    0.8261        0.8196         0.0047        83.7289     0.0046
 596    0.8289        0.8147         0.0044        83.6991     0.0041
 597    0.8270        0.8143         0.0044        83.6691     0.0026
 598    0.8223        0.8235         0.0043        83.6393     0.0039
 599    0.8129        0.8200         0.0044        83.6097     0.0035
 600    0.8056        0.8257         0.0049        83.5797     0.0035
 601    0.8014        0.8274         0.0044        83.5500     0.0053
 602    0.8002        0.8274         0.0050        83.5200     0.0061
 603    0.8010        0.8296         0.0043        83.4904     0.0056
 604    0.7972        0.8292         0.0049        83.4610     0.0039
 605    0.7915        0.8342         0.0046        83.4316     0.0050
 606    0.7839        0.8324         0.0052        83.4026     0.0018
 607    0.7784        0.8352         0.0050        83.3734     0.0049
 608    0.7766        0.8391         0.0044        83.3444     0.0044
 609    0.7771        0.8356         0.0053        83.3154     0.0029
 610    0.7796        0.8384         0.0043        83.2868     0.0038
 611    0.7753        0.8356         0.0053        83.2582     0.0030
 612    0.7684        0.8420         0.0044        83.2300     0.0049
 613    0.7592        0.8423         0.0052        83.2017     0.0050
 614    0.7537        0.8412         0.0052        83.1736     0.0044
 615    0.7515        0.8498         0.0047        83.1454     0.0030
 616    0.7506        0.8455         0.0052        83.1172     0.0026
 617    0.7519        0.8498         0.0044        83.0899     0.0052
 618    0.7485        0.8455         0.0055        83.0619     0.0029
 619    0.7428        0.8487         0.0049        83.0347     0.0059
 620    0.7342        0.8529         0.0055        83.0076     0.0036
 621    0.7289        0.8512         0.0055        82.9804     0.0036
 622    0.7266        0.8568         0.0047        82.9533     0.0029
 623    0.7253        0.8526         0.0055        82.9263     0.0024
 624    0.7249        0.8515         0.0047        82.8998     0.0055
 625    0.7212        0.8536         0.0056        82.8727     0.0043
 626    0.7161        0.8540         0.0049        82.8465     0.0032
 627    0.7090        0.8568         0.0055        82.8201     0.0026
 628    0.7039        0.8586         0.0053        82.7936     0.0035
 629    0.7006        0.8607         0.0053        82.7675     0.0035
 630    0.6985        0.8604         0.0053        82.7413     0.0080
Epoch    Loss        Train Acc      Test Acc       L2 Norm   Dropout Gap
 631    0.6985        0.8597         0.0049        82.7153     0.0055
 632    0.6994
              Per-Epoch  Results
                      0.8607
                                 (page   15
                                     0.0056
                                             of 223)
                                                   82.6891     0.0059
 633    0.7005        0.8590         0.0052        82.6636     0.0044
 634    0.6939        0.8607         0.0058        82.6376     0.0041
 635    0.6866        0.8614         0.0056        82.6120     0.0049
 636    0.6784        0.8646         0.0056        82.5863     0.0035
 637    0.6730        0.8646         0.0058        82.5606     0.0052
 638    0.6705        0.8664         0.0052        82.5350     0.0058
 639    0.6699        0.8650         0.0055        82.5092     0.0043
 640    0.6711        0.8668         0.0055        82.4840     0.0032
 641    0.6688        0.8622         0.0061        82.4582     0.0050
 642    0.6639        0.8682         0.0056        82.4329     0.0038
 643    0.6567        0.8689         0.0058        82.4075     0.0035
 644    0.6502        0.8721         0.0061        82.3823     0.0018
 645    0.6463        0.8760         0.0059        82.3569     0.0035
 646    0.6446        0.8738         0.0059        82.3315     0.0024
 647    0.6441        0.8774         0.0056        82.3066     0.0039
 648    0.6426        0.8724         0.0065        82.2807     0.0027
 649    0.6396        0.8792         0.0061        82.2556     0.0041
 650    0.6339        0.8770         0.0065        82.2305     0.0043
 651    0.6273        0.8802         0.0062        82.2055     0.0061
 652    0.6214        0.8813         0.0064        82.1804     0.0021
 653    0.6177        0.8831         0.0065        82.1555     0.0009
 654    0.6152        0.8834         0.0062        82.1310     0.0043
 655    0.6141        0.8831         0.0070        82.1058     0.0008
 656    0.6146        0.8848         0.0065        82.0818     0.0053
 657    0.6135        0.8824         0.0071        82.0570     0.0026
 658    0.6114        0.8863         0.0070        82.0325     0.0050
 659    0.6054        0.8848         0.0071        82.0081     0.0015
 660    0.5983        0.8870         0.0070        81.9844     0.0038
 661    0.5925        0.8873         0.0070        81.9599     0.0014
 662    0.5888        0.8894         0.0070        81.9356     0.0026
 663    0.5866        0.8905         0.0074        81.9118     0.0018
 664    0.5851        0.8905         0.0074        81.8872     -0.0005
 665    0.5836        0.8923         0.0073        81.8633     0.0039
 666    0.5816        0.8912         0.0077        81.8390     0.0011
 667    0.5790        0.8948         0.0074        81.8151     0.0033
 668    0.5752        0.8912         0.0082        81.7906     -0.0014
 669    0.5716        0.8962         0.0074        81.7672     0.0036
 670    0.5668        0.8948         0.0082        81.7434     0.0005
 671    0.5627        0.8994         0.0077        81.7195     -0.0002
 672    0.5596        0.8969         0.0080        81.6957     0.0012
 673    0.5558        0.9011         0.0080        81.6714     0.0011
 674    0.5529        0.9029         0.0079        81.6475     0.0017
 675    0.5527        0.9011         0.0082        81.6230     0.0018
Epoch    Loss        Train Acc      Test Acc       L2 Norm   Dropout Gap
 676    0.5553        0.9029         0.0077        81.5996     0.0009
 677    0.5516
              Per-Epoch  Results
                      0.8979
                                 (page   16
                                     0.0085
                                             of 223)
                                                   81.5753     0.0009
 678    0.5464        0.9036         0.0079        81.5516     0.0015
 679    0.5383        0.9001         0.0082        81.5274     -0.0009
 680    0.5319        0.9075         0.0082        81.5033     -0.0014
 681    0.5301        0.9103         0.0082        81.4796     -0.0014
 682    0.5319        0.9043         0.0088        81.4551     0.0008
 683    0.5345        0.9096         0.0080        81.4314     0.0005
 684    0.5297        0.9040         0.0085        81.4073     0.0000
 685    0.5213        0.9118         0.0087        81.3836     0.0011
 686    0.5137        0.9100         0.0090        81.3595     -0.0002
 687    0.5109        0.9118         0.0088        81.3354     -0.0008
 688    0.5119        0.9142         0.0088        81.3119     0.0023
 689    0.5119        0.9111         0.0090        81.2875     0.0008
 690    0.5093        0.9142         0.0090        81.2638     -0.0008
 691    0.5030        0.9157         0.0088        81.2397     -0.0005
 692    0.4968        0.9174         0.0090        81.2159     -0.0009
 693    0.4929        0.9192         0.0094        81.1920     0.0006
 694    0.4921        0.9164         0.0090        81.1679     0.0003
 695    0.4933        0.9192         0.0091        81.1446     0.0006
 696    0.4922        0.9192         0.0094        81.1203     -0.0011
 697    0.4890        0.9227         0.0093        81.0968     0.0008
 698    0.4824        0.9210         0.0093        81.0729     -0.0005
 699    0.4771        0.9199         0.0094        81.0492     -0.0008
 700    0.4735        0.9266         0.0096        81.0255     -0.0011
 701    0.4719        0.9227         0.0100        81.0015     -0.0015
 702    0.4717        0.9256         0.0096        80.9784     -0.0003
 703    0.4716        0.9242         0.0097        80.9543     -0.0017
 704    0.4703        0.9291         0.0096        80.9310     -0.0009
 705    0.4647        0.9281         0.0099        80.9072     -0.0009
 706    0.4587        0.9302         0.0097        80.8839     -0.0009
 707    0.4541        0.9309         0.0100        80.8604     -0.0014
 708    0.4524        0.9305         0.0102        80.8367     -0.0027
 709    0.4524        0.9316         0.0099        80.8136     -0.0002
 710    0.4522        0.9313         0.0105        80.7895     0.0009
 711    0.4513        0.9323         0.0100        80.7664     -0.0012
 712    0.4461        0.9320         0.0106        80.7424     -0.0002
 713    0.4407        0.9359         0.0102        80.7189     -0.0003
 714    0.4361        0.9337         0.0105        80.6955     0.0008
 715    0.4335        0.9348         0.0111        80.6717     -0.0029
 716    0.4333        0.9373         0.0100        80.6485     -0.0008
 717    0.4338        0.9337         0.0114        80.6244     -0.0023
 718    0.4350        0.9373         0.0102        80.6014     -0.0008
 719    0.4297        0.9348         0.0111        80.5776     -0.0024
 720    0.4239        0.9394         0.0109        80.5542     -0.0021
Epoch    Loss        Train Acc      Test Acc       L2 Norm   Dropout Gap
 721    0.4184        0.9394         0.0112        80.5307     -0.0027
 722    0.4161
              Per-Epoch  Results
                      0.9415
                                 (page   17
                                     0.0112
                                             of 223)
                                                   80.5068     -0.0017
 723    0.4160        0.9405         0.0106        80.4837     -0.0023
 724    0.4156        0.9394         0.0117        80.4597     -0.0026
 725    0.4146        0.9405         0.0108        80.4367     -0.0021
 726    0.4103        0.9391         0.0117        80.4129     -0.0027
 727    0.4053        0.9405         0.0114        80.3895     -0.0032
 728    0.4012        0.9440         0.0115        80.3660     -0.0029
 729    0.3998        0.9454         0.0118        80.3421     -0.0027
 730    0.4006        0.9433         0.0111        80.3191     -0.0015
 731    0.4016        0.9415         0.0123        80.2950     -0.0023
 732    0.4001        0.9458         0.0111        80.2720     -0.0020
 733    0.3932        0.9444         0.0115        80.2485     -0.0033
 734    0.3875        0.9468         0.0120        80.2250     -0.0046
 735    0.3851        0.9479         0.0120        80.2017     -0.0033
 736    0.3856        0.9479         0.0126        80.1779     -0.0029
 737    0.3874        0.9486         0.0117        80.1551     -0.0026
 738    0.3840        0.9483         0.0123        80.1314     -0.0036
 739    0.3789        0.9525         0.0117        80.1083     -0.0020
 740    0.3737        0.9525         0.0118        80.0849     -0.0027
 741    0.3712        0.9536         0.0121        80.0612     -0.0039
 742    0.3713        0.9529         0.0120        80.0383     -0.0018
 743    0.3709        0.9543         0.0126        80.0144     -0.0046
 744    0.3692        0.9518         0.0120        79.9916     -0.0044
 745    0.3646        0.9578         0.0128        79.9681     -0.0017
 746    0.3603        0.9582         0.0123        79.9446     -0.0038
 747    0.3573        0.9582         0.0123        79.9215     -0.0030
 748    0.3562        0.9585         0.0124        79.8979     -0.0035
 749    0.3563        0.9596         0.0124        79.8750     -0.0041
 750    0.3555        0.9592         0.0131        79.8512     -0.0036
 751    0.3539        0.9603         0.0126        79.8285     -0.0035
 752    0.3492        0.9607         0.0128        79.8051     -0.0035
 753    0.3449        0.9635         0.0129        79.7817     -0.0018
 754    0.3421        0.9639         0.0132        79.7586     -0.0033
 755    0.3412        0.9631         0.0135        79.7351     -0.0030
 756    0.3416        0.9628         0.0128        79.7122     -0.0035
 757    0.3406        0.9649         0.0134        79.6884     -0.0043
 758    0.3397        0.9628         0.0128        79.6655     -0.0027
 759    0.3352        0.9660         0.0137        79.6420     -0.0055
 760    0.3308        0.9678         0.0132        79.6188     -0.0041
 761    0.3274        0.9688         0.0131        79.5954     -0.0055
 762    0.3261        0.9685         0.0135        79.5717     -0.0035
 763    0.3266        0.9685         0.0131        79.5488     -0.0043
 764    0.3262        0.9674         0.0138        79.5251     -0.0049
 765    0.3249        0.9685         0.0129        79.5022     -0.0046
Epoch    Loss        Train Acc      Test Acc       L2 Norm   Dropout Gap
 766    0.3210        0.9678         0.0134        79.4786     -0.0035
 767    0.3166
              Per-Epoch  Results
                      0.9717
                                 (page   18
                                     0.0134
                                             of 223)
                                                   79.4555     -0.0024
 768    0.3135        0.9734         0.0134        79.4321     -0.0050
 769    0.3123        0.9731         0.0138        79.4084     -0.0041
 770    0.3128        0.9724         0.0135        79.3854     -0.0062
 771    0.3121        0.9720         0.0141        79.3615     -0.0058
 772    0.3106        0.9727         0.0134        79.3383     -0.0033
 773    0.3067        0.9748         0.0137        79.3147     -0.0050
 774    0.3029        0.9734         0.0135        79.2912     -0.0052
 775    0.3003        0.9755         0.0137        79.2679     -0.0056
 776    0.2994        0.9759         0.0143        79.2440     -0.0052
 777    0.2994        0.9766         0.0138        79.2208     -0.0061
 778    0.2988        0.9770         0.0144        79.1968     -0.0030
 779    0.2977        0.9780         0.0143        79.1736     -0.0064
 780    0.2937        0.9770         0.0147        79.1499     -0.0038
 781    0.2901        0.9777         0.0146        79.1264     -0.0044
 782    0.2878        0.9763         0.0143        79.1028     -0.0035
 783    0.2868        0.9780         0.0149        79.0789     -0.0056
 784    0.2872        0.9798         0.0143        79.0556     -0.0052
 785    0.2876        0.9777         0.0150        79.0315     -0.0043
 786    0.2870        0.9794         0.0146        79.0083     -0.0047
 787    0.2822        0.9791         0.0150        78.9843     -0.0070
 788    0.2783        0.9812         0.0150        78.9607     -0.0067
 789    0.2760        0.9819         0.0147        78.9371     -0.0064
 790    0.2753        0.9816         0.0152        78.9129     -0.0059
 791    0.2765        0.9816         0.0149        78.8895     -0.0036
 792    0.2762        0.9812         0.0152        78.8653     -0.0058
 793    0.2745        0.9833         0.0147        78.8419     -0.0032
 794    0.2697        0.9826         0.0153        78.8179     -0.0065
 795    0.2665        0.9841         0.0155        78.7940     -0.0053
 796    0.2651        0.9851         0.0150        78.7704     -0.0059
 797    0.2654        0.9841         0.0161        78.7461     -0.0064
 798    0.2667        0.9848         0.0150        78.7228     -0.0080
 799    0.2648        0.9823         0.0159        78.6987     -0.0061
 800    0.2614        0.9858         0.0153        78.6753     -0.0046
 801    0.2575        0.9869         0.0155        78.6515     -0.0062
 802    0.2560        0.9862         0.0164        78.6274     -0.0076
 803    0.2570        0.9865         0.0153        78.6038     -0.0067
 804    0.2570        0.9862         0.0167        78.5795     -0.0079
 805    0.2556        0.9869         0.0153        78.5562     -0.0050
 806    0.2511        0.9862         0.0155        78.5324     -0.0056
 807    0.2482        0.9869         0.0164        78.5084     -0.0077
 808    0.2479        0.9883         0.0156        78.4848     -0.0043
 809    0.2480        0.9880         0.0170        78.4605     -0.0096
 810    0.2474        0.9883         0.0155        78.4370     -0.0077
Epoch    Loss        Train Acc      Test Acc       L2 Norm   Dropout Gap
 811    0.2444        0.9887         0.0165        78.4129     -0.0056
 812    0.2417
              Per-Epoch  Results
                      0.9894
                                 (page   19
                                     0.0162
                                             of 223)
                                                   78.3891     -0.0083
 813    0.2396        0.9901         0.0164        78.3654     -0.0080
 814    0.2387        0.9901         0.0176        78.3413     -0.0093
 815    0.2392        0.9901         0.0162        78.3177     -0.0070
 816    0.2394        0.9897         0.0185        78.2932     -0.0083
 817    0.2389        0.9904         0.0162        78.2697     -0.0067
 818    0.2349        0.9897         0.0182        78.2457     -0.0071
 819    0.2318        0.9922         0.0182        78.2220     -0.0102
 820    0.2303        0.9929         0.0172        78.1981     -0.0067
 821    0.2304        0.9922         0.0185        78.1737     -0.0097
 822    0.2318        0.9918         0.0169        78.1503     -0.0065
 823    0.2301        0.9918         0.0188        78.1262     -0.0090
 824    0.2274        0.9918         0.0181        78.1026     -0.0064
 825    0.2241        0.9936         0.0184        78.0787     -0.0115
 826    0.2224        0.9936         0.0191        78.0546     -0.0090
 827    0.2221        0.9922         0.0179        78.0310     -0.0076
 828    0.2222        0.9943         0.0193        78.0065     -0.0073
 829    0.2225        0.9922         0.0172        77.9829     -0.0082
 830    0.2201        0.9940         0.0190        77.9588     -0.0090
 831    0.2171        0.9940         0.0190        77.9352     -0.0091
 832    0.2149        0.9936         0.0190        77.9113     -0.0079
 833    0.2142        0.9940         0.0197        77.8871     -0.0090
 834    0.2150        0.9933         0.0187        77.8634     -0.0105
 835    0.2152        0.9943         0.0203        77.8391     -0.0112
 836    0.2143        0.9936         0.0191        77.8158     -0.0087
 837    0.2104        0.9947         0.0196        77.7919     -0.0093
 838    0.2079        0.9947         0.0202        77.7679     -0.0106
 839    0.2078        0.9947         0.0199        77.7443     -0.0105
 840    0.2081        0.9947         0.0211        77.7200     -0.0131
 841    0.2085        0.9950         0.0196        77.6964     -0.0099
 842    0.2059        0.9947         0.0205        77.6724     -0.0118
 843    0.2030        0.9954         0.0205        77.6489     -0.0117
 844    0.2012        0.9957         0.0205        77.6250     -0.0108
 845    0.2008        0.9957         0.0217        77.6008     -0.0128
 846    0.2010        0.9961         0.0206        77.5771     -0.0131
 847    0.2005        0.9954         0.0222        77.5529     -0.0129
 848    0.1995        0.9965         0.0202        77.5292     -0.0102
 849    0.1969        0.9957         0.0213        77.5052     -0.0108
 850    0.1951        0.9961         0.0216        77.4813     -0.0118
 851    0.1940        0.9957         0.0208        77.4575     -0.0102
 852    0.1933        0.9954         0.0219        77.4334     -0.0128
 853    0.1936        0.9954         0.0210        77.4097     -0.0126
 854    0.1935        0.9957         0.0226        77.3854     -0.0128
 855    0.1934        0.9965         0.0213        77.3618     -0.0097
Epoch    Loss        Train Acc      Test Acc       L2 Norm   Dropout Gap
 856    0.1915        0.9961         0.0225        77.3375     -0.0123
 857    0.1896
              Per-Epoch  Results
                      0.9968
                                 (page   20
                                     0.0220
                                             of 223)
                                                   77.3137     -0.0128
 858    0.1876        0.9968         0.0220        77.2896     -0.0105
 859    0.1863        0.9965         0.0219        77.2657     -0.0114
 860    0.1855        0.9968         0.0222        77.2417     -0.0118
 861    0.1852        0.9965         0.0228        77.2173     -0.0121
 862    0.1856        0.9968         0.0223        77.1936     -0.0123
 863    0.1860        0.9968         0.0228        77.1692     -0.0128
 864    0.1858        0.9972         0.0225        77.1455     -0.0117
 865    0.1833        0.9968         0.0226        77.1213     -0.0126
 866    0.1809        0.9979         0.0228        77.0975     -0.0153
 867    0.1793        0.9982         0.0228        77.0735     -0.0147
 868    0.1789        0.9982         0.0229        77.0492     -0.0137
 869    0.1797        0.9979         0.0229        77.0254     -0.0137
 870    0.1800        0.9972         0.0232        77.0009     -0.0152
 871    0.1792        0.9982         0.0229        76.9772     -0.0115
 872    0.1765        0.9979         0.0228        76.9529     -0.0129
 873    0.1745        0.9982         0.0232        76.9287     -0.0123
 874    0.1736        0.9979         0.0229        76.9045     -0.0152
 875    0.1738        0.9982         0.0241        76.8800     -0.0096
 876    0.1750        0.9975         0.0235        76.8561     -0.0162
 877    0.1743        0.9986         0.0241        76.8315     -0.0141
 878    0.1725        0.9979         0.0235        76.8076     -0.0147
 879    0.1699        0.9982         0.0234        76.7835     -0.0149
 880    0.1689        0.9986         0.0243        76.7591     -0.0167
 881    0.1693        0.9986         0.0237        76.7351     -0.0140
 882    0.1697        0.9982         0.0246        76.7104     -0.0159
 883    0.1696        0.9986         0.0241        76.6864     -0.0144
 884    0.1674        0.9982         0.0243        76.6621     -0.0144
 885    0.1652        0.9982         0.0241        76.6378     -0.0149
 886    0.1644        0.9982         0.0243        76.6137     -0.0158
 887    0.1649        0.9986         0.0255        76.5889     -0.0167
 888    0.1657        0.9989         0.0241        76.5650     -0.0140
 889    0.1649        0.9986         0.0255        76.5403     -0.0162
 890    0.1631        0.9986         0.0247        76.5163     -0.0143
 891    0.1611        0.9986         0.0249        76.4919     -0.0147
 892    0.1601        0.9986         0.0255        76.4673     -0.0161
 893    0.1600        0.9986         0.0246        76.4430     -0.0159
 894    0.1606        0.9989         0.0264        76.4182     -0.0170
 895    0.1613        0.9996         0.0247        76.3940     -0.0156
 896    0.1601        0.9986         0.0267        76.3695     -0.0181
 897    0.1581        0.9989         0.0252        76.3453     -0.0161
 898    0.1563        0.9989         0.0260        76.3210     -0.0176
 899    0.1556        0.9986         0.0272        76.2964     -0.0172
 900    0.1557        0.9996         0.0257        76.2721     -0.0173
Epoch    Loss        Train Acc      Test Acc       L2 Norm   Dropout Gap
 901    0.1563        0.9989         0.0272        76.2473     -0.0199
 902    0.1571
              Per-Epoch  Results
                      0.9996
                                 (page   21
                                     0.0258
                                             of 223)
                                                   76.2232     -0.0162
 903    0.1552        0.9989         0.0267        76.1987     -0.0188
 904    0.1532        0.9996         0.0267        76.1745     -0.0167
 905    0.1519        0.9993         0.0267        76.1500     -0.0165
 906    0.1515        0.9989         0.0272        76.1252     -0.0185
 907    0.1520        0.9996         0.0263        76.1010     -0.0182
 908    0.1528        0.9993         0.0281        76.0761     -0.0194
 909    0.1529        0.9996         0.0266        76.0520     -0.0172
 910    0.1506        0.9996         0.0272        76.0274     -0.0191
 911    0.1487        0.9996         0.0273        76.0031     -0.0203
 912    0.1480        0.9996         0.0269        75.9788     -0.0175
 913    0.1484        0.9993         0.0278        75.9540     -0.0173
 914    0.1495        0.9996         0.0267        75.9298     -0.0146
 915    0.1491        0.9993         0.0279        75.9051     -0.0175
 916    0.1474        0.9996         0.0275        75.8810     -0.0202
 917    0.1455        0.9996         0.0276        75.8566     -0.0182
 918    0.1449        0.9996         0.0276        75.8318     -0.0162
 919    0.1455        0.9996         0.0266        75.8075     -0.0167
 920    0.1461        0.9993         0.0285        75.7827     -0.0188
 921    0.1458        0.9996         0.0273        75.7585     -0.0179
 922    0.1438        0.9996         0.0279        75.7342     -0.0184
 923    0.1423        0.9996         0.0281        75.7097     -0.0185
 924    0.1423        0.9996         0.0275        75.6853     -0.0162
 925    0.1430        0.9993         0.0290        75.6604     -0.0155
 926    0.1434        0.9996         0.0278        75.6363     -0.0164
 927    0.1422        0.9996         0.0290        75.6117     -0.0205
 928    0.1405        0.9996         0.0285        75.5874     -0.0200
 929    0.1395        0.9996         0.0281        75.5631     -0.0156
 930    0.1392        0.9996         0.0295        75.5384     -0.0211
 931    0.1394        0.9996         0.0281        75.5140     -0.0196
 932    0.1401        0.9996         0.0299        75.4892     -0.0199
 933    0.1405        0.9996         0.0279        75.4651     -0.0179
 934    0.1391        0.9996         0.0295        75.4405     -0.0202
 935    0.1375        1.0000         0.0291        75.4164     -0.0188
 936    0.1365        1.0000         0.0291        75.3920     -0.0203
 937    0.1361        0.9996         0.0298        75.3674     -0.0191
 938    0.1361        0.9996         0.0285        75.3430     -0.0191
 939    0.1367        0.9996         0.0302        75.3184     -0.0228
 940    0.1372        1.0000         0.0285        75.2944     -0.0199
 941    0.1365        0.9996         0.0301        75.2698     -0.0220
 942    0.1353        1.0000         0.0296        75.2456     -0.0225
 943    0.1341        1.0000         0.0298        75.2211     -0.0202
 944    0.1334        0.9996         0.0298        75.1968     -0.0190
 945    0.1328        0.9996         0.0296        75.1726     -0.0182
Epoch    Loss        Train Acc      Test Acc       L2 Norm   Dropout Gap
 946    0.1325        1.0000         0.0308        75.1481     -0.0222
 947    0.1325
              Per-Epoch  Results
                      1.0000
                                 (page   22
                                     0.0291
                                             of 223)
                                                   75.1239     -0.0206
 948    0.1333        1.0000         0.0314        75.0992     -0.0217
 949    0.1347        0.9996         0.0291        75.0751     -0.0206
 950    0.1339        0.9996         0.0316        75.0507     -0.0226
 951    0.1323        1.0000         0.0295        75.0268     -0.0194
 952    0.1306        1.0000         0.0305        75.0026     -0.0206
 953    0.1299        0.9996         0.0310        74.9783     -0.0216
 954    0.1297        1.0000         0.0298        74.9542     -0.0213
 955    0.1304        1.0000         0.0322        74.9296     -0.0223
 956    0.1319        1.0000         0.0298        74.9058     -0.0213
 957    0.1312        1.0000         0.0317        74.8815     -0.0210
 958    0.1296        1.0000         0.0304        74.8578     -0.0228
 959    0.1281        1.0000         0.0307        74.8336     -0.0205
 960    0.1275        1.0000         0.0319        74.8093     -0.0220
 961    0.1274        1.0000         0.0307        74.7852     -0.0206
 962    0.1278        1.0000         0.0325        74.7610     -0.0240
 963    0.1287        1.0000         0.0304        74.7371     -0.0205
 964    0.1287        1.0000         0.0325        74.7128     -0.0231
 965    0.1276        1.0000         0.0308        74.6891     -0.0220
 966    0.1262        1.0000         0.0317        74.6650     -0.0214
 967    0.1253        1.0000         0.0314        74.6411     -0.0208
 968    0.1248        1.0000         0.0317        74.6171     -0.0231
 969    0.1245        1.0000         0.0322        74.5930     -0.0225
 970    0.1246        1.0000         0.0319        74.5691     -0.0220
 971    0.1252        1.0000         0.0329        74.5448     -0.0225
 972    0.1264        1.0000         0.0308        74.5210     -0.0199
 973    0.1259        1.0000         0.0328        74.4968     -0.0255
 974    0.1246        1.0000         0.0316        74.4731     -0.0226
 975    0.1230        1.0000         0.0323        74.4493     -0.0235
 976    0.1223        1.0000         0.0329        74.4254     -0.0228
 977    0.1223        1.0000         0.0319        74.4016     -0.0241
 978    0.1228        1.0000         0.0329        74.3775     -0.0243
 979    0.1242        1.0000         0.0317        74.3540     -0.0231
 980    0.1239        1.0000         0.0329        74.3301     -0.0202
 981    0.1225        1.0000         0.0320        74.3066     -0.0225
 982    0.1210        1.0000         0.0325        74.2829     -0.0222
 983    0.1203        1.0000         0.0329        74.2592     -0.0250
 984    0.1203        1.0000         0.0325        74.2356     -0.0238
 985    0.1208        1.0000         0.0331        74.2116     -0.0241
 986    0.1220        1.0000         0.0322        74.1882     -0.0225
 987    0.1218        1.0000         0.0332        74.1643     -0.0249
 988    0.1205        1.0000         0.0328        74.1410     -0.0216
 989    0.1191        1.0000         0.0325        74.1175     -0.0240
 990    0.1185        1.0000         0.0328        74.0939     -0.0252
Epoch    Loss        Train Acc      Test Acc       L2 Norm   Dropout Gap
 991    0.1185        1.0000         0.0323        74.0704     -0.0223
 992    0.1192
              Per-Epoch  Results
                      1.0000
                                 (page   23
                                     0.0337
                                             of 223)
                                                   74.0465     -0.0254
 993    0.1205        1.0000         0.0328        74.0233     -0.0244
 994    0.1198        1.0000         0.0336        73.9998     -0.0244
 995    0.1182        1.0000         0.0328        73.9767     -0.0234
 996    0.1170        1.0000         0.0329        73.9533     -0.0226
 997    0.1170        1.0000         0.0343        73.9296     -0.0237
 998    0.1184        1.0000         0.0328        73.9064     -0.0220
 999    0.1190        1.0000         0.0340        73.8830     -0.0238
1000    0.1181        1.0000         0.0329        73.8601     -0.0250
1001    0.1162        1.0000         0.0337        73.8370     -0.0240
1002    0.1155        1.0000         0.0340        73.8137     -0.0244
1003    0.1158        1.0000         0.0328        73.7906     -0.0237
1004    0.1166        1.0000         0.0345        73.7671     -0.0255
1005    0.1171        1.0000         0.0329        73.7442     -0.0232
1006    0.1159        1.0000         0.0340        73.7211     -0.0261
1007    0.1147        1.0000         0.0339        73.6981     -0.0257
1008    0.1141        1.0000         0.0334        73.6751     -0.0235
1009    0.1143        1.0000         0.0348        73.6516     -0.0264
1010    0.1154        1.0000         0.0332        73.6286     -0.0234
1011    0.1158        1.0000         0.0349        73.6054     -0.0244
1012    0.1149        1.0000         0.0337        73.5827     -0.0244
1013    0.1133        1.0000         0.0339        73.5599     -0.0241
1014    0.1128        1.0000         0.0346        73.5368     -0.0244
1015    0.1132        1.0000         0.0337        73.5139     -0.0238
1016    0.1139        1.0000         0.0352        73.4907     -0.0250
1017    0.1147        1.0000         0.0340        73.4681     -0.0250
1018    0.1134        1.0000         0.0348        73.4454     -0.0260
1019    0.1120        1.0000         0.0351        73.4229     -0.0276
1020    0.1116        1.0000         0.0348        73.4001     -0.0244
1021    0.1117        1.0000         0.0351        73.3770     -0.0260
1022    0.1126        1.0000         0.0346        73.3544     -0.0252
1023    0.1131        1.0000         0.0358        73.3316     -0.0260
1024    0.1124        1.0000         0.0349        73.3092     -0.0246
1025    0.1109        1.0000         0.0354        73.2865     -0.0244
1026    0.1104        1.0000         0.0357        73.2639     -0.0260
1027    0.1102        1.0000         0.0349        73.2412     -0.0249
1028    0.1105        1.0000         0.0361        73.2182     -0.0275
1029    0.1116        1.0000         0.0349        73.1958     -0.0241
1030    0.1117        1.0000         0.0367        73.1733     -0.0275
1031    0.1111        1.0000         0.0352        73.1512     -0.0254
1032    0.1099        1.0000         0.0360        73.1288     -0.0273
1033    0.1093        1.0000         0.0357        73.1065     -0.0261
1034    0.1089        1.0000         0.0357        73.0839     -0.0287
1035    0.1086        1.0000         0.0360        73.0616     -0.0284
Epoch    Loss        Train Acc      Test Acc       L2 Norm   Dropout Gap
1036    0.1084        1.0000         0.0358        73.0391     -0.0250
1037    0.1084
              Per-Epoch  Results
                      1.0000
                                 (page   24
                                     0.0366
                                             of 223)
                                                   73.0165     -0.0272
1038    0.1087        1.0000         0.0355        72.9941     -0.0252
1039    0.1098        1.0000         0.0376        72.9715     -0.0267
1040    0.1112        1.0000         0.0355        72.9495     -0.0244
1041    0.1099        1.0000         0.0369        72.9272     -0.0273
1042    0.1084        1.0000         0.0363        72.9054     -0.0269
1043    0.1075        1.0000         0.0364        72.8835     -0.0276
1044    0.1071        1.0000         0.0366        72.8615     -0.0267
1045    0.1069        1.0000         0.0364        72.8394     -0.0266
1046    0.1067        1.0000         0.0364        72.8175     -0.0298
1047    0.1067        1.0000         0.0360        72.7956     -0.0272
1048    0.1073        1.0000         0.0372        72.7734     -0.0285
1049    0.1091        1.0000         0.0349        72.7517     -0.0278
1050    0.1094        1.0000         0.0380        72.7299     -0.0279
1051    0.1079        1.0000         0.0366        72.7087     -0.0275
1052    0.1061        1.0000         0.0367        72.6874     -0.0264
1053    0.1055        1.0000         0.0372        72.6660     -0.0261
1054    0.1056        1.0000         0.0363        72.6446     -0.0287
1055    0.1067        1.0000         0.0384        72.6229     -0.0301
1056    0.1088        1.0000         0.0357        72.6020     -0.0267
1057    0.1076        1.0000         0.0380        72.5809     -0.0304
1058    0.1056        1.0000         0.0372        72.5603     -0.0261
1059    0.1045        1.0000         0.0369        72.5394     -0.0285
1060    0.1048        1.0000         0.0386        72.5182     -0.0276
1061    0.1061        1.0000         0.0364        72.4973     -0.0270
1062    0.1067        1.0000         0.0387        72.4762     -0.0293
1063    0.1055        1.0000         0.0370        72.4560     -0.0282
1064    0.1039        1.0000         0.0375        72.4356     -0.0276
1065    0.1036        1.0000         0.0381        72.4147     -0.0295
1066    0.1044        1.0000         0.0364        72.3940     -0.0278
1067    0.1055        1.0000         0.0389        72.3731     -0.0311
1068    0.1054        1.0000         0.0373        72.3528     -0.0287
1069    0.1035        1.0000         0.0378        72.3326     -0.0281
1070    0.1026        1.0000         0.0389        72.3122     -0.0313
1071    0.1034        1.0000         0.0370        72.2919     -0.0263
1072    0.1044        1.0000         0.0392        72.2709     -0.0317
1073    0.1041        1.0000         0.0375        72.2506     -0.0281
1074    0.1026        1.0000         0.0380        72.2306     -0.0290
1075    0.1018        1.0000         0.0386        72.2104     -0.0282
1076    0.1019        1.0000         0.0378        72.1903     -0.0255
1077    0.1027        1.0000         0.0395        72.1696     -0.0296
1078    0.1029        1.0000         0.0378        72.1493     -0.0287
1079    0.1021        1.0000         0.0395        72.1291     -0.0320
1080    0.1014        1.0000         0.0387        72.1093     -0.0302
Epoch    Loss        Train Acc      Test Acc       L2 Norm   Dropout Gap
1081    0.1008        1.0000         0.0387        72.0891     -0.0288
1082    0.1007
              Per-Epoch  Results
                      1.0000
                                 (page   25
                                     0.0393
                                             of 223)
                                                   72.0687     -0.0295
1083    0.1010        1.0000         0.0386        72.0485     -0.0302
1084    0.1014        1.0000         0.0401        72.0282     -0.0308
1085    0.1018        1.0000         0.0384        72.0084     -0.0275
1086    0.1011        1.0000         0.0401        71.9884     -0.0301
1087    0.1003        1.0000         0.0390        71.9685     -0.0279
1088    0.0998        1.0000         0.0399        71.9483     -0.0301
1089    0.0995        1.0000         0.0401        71.9282     -0.0281
1090    0.0994        1.0000         0.0393        71.9082     -0.0285
1091    0.0994        1.0000         0.0408        71.8881     -0.0308
1092    0.0999        1.0000         0.0387        71.8683     -0.0298
1093    0.1008        1.0000         0.0411        71.8480     -0.0308
1094    0.1012        1.0000         0.0393        71.8283     -0.0319
1095    0.1002        1.0000         0.0410        71.8083     -0.0319
1096    0.0992        1.0000         0.0402        71.7887     -0.0308
1097    0.0985        1.0000         0.0405        71.7691     -0.0308
1098    0.0983        1.0000         0.0401        71.7493     -0.0293
1099    0.0981        1.0000         0.0402        71.7295     -0.0287
1100    0.0979        1.0000         0.0408        71.7096     -0.0329
1101    0.0978        1.0000         0.0405        71.6899     -0.0302
1102    0.0978        1.0000         0.0416        71.6701     -0.0308
1103    0.0985        1.0000         0.0395        71.6505     -0.0299
1104    0.1000        1.0000         0.0424        71.6305     -0.0342
1105    0.1005        1.0000         0.0402        71.6111     -0.0307
1106    0.0987        1.0000         0.0417        71.5917     -0.0331
1107    0.0975        1.0000         0.0411        71.5726     -0.0319
1108    0.0970        1.0000         0.0413        71.5533     -0.0317
1109    0.0968        1.0000         0.0416        71.5338     -0.0313
1110    0.0968        1.0000         0.0408        71.5144     -0.0316
1111    0.0975        1.0000         0.0425        71.4950     -0.0340
1112    0.0990        1.0000         0.0405        71.4760     -0.0304
1113    0.0989        1.0000         0.0422        71.4567     -0.0319
1114    0.0976        1.0000         0.0413        71.4379     -0.0304
1115    0.0964        1.0000         0.0419        71.4189     -0.0308
1116    0.0960        1.0000         0.0416        71.3998     -0.0319
1117    0.0958        1.0000         0.0414        71.3809     -0.0325
1118    0.0957        1.0000         0.0419        71.3619     -0.0317
1119    0.0959        1.0000         0.0413        71.3431     -0.0302
1120    0.0968        1.0000         0.0431        71.3239     -0.0336
1121    0.0979        1.0000         0.0414        71.3055     -0.0316
1122    0.0971        1.0000         0.0428        71.2868     -0.0337
1123    0.0957        1.0000         0.0419        71.2684     -0.0351
1124    0.0949        1.0000         0.0419        71.2500     -0.0319
1125    0.0947        1.0000         0.0424        71.2313     -0.0348
Epoch    Loss        Train Acc      Test Acc       L2 Norm   Dropout Gap
1126    0.0947        1.0000         0.0416        71.2128     -0.0322
1127    0.0954
              Per-Epoch  Results
                      1.0000
                                 (page   26
                                     0.0434
                                             of 223)
                                                   71.1942     -0.0336
1128    0.0968        1.0000         0.0417        71.1761     -0.0332
1129    0.0965        1.0000         0.0434        71.1578     -0.0329
1130    0.0950        1.0000         0.0422        71.1399     -0.0326
1131    0.0940        1.0000         0.0417        71.1218     -0.0302
1132    0.0938        1.0000         0.0434        71.1034     -0.0345
1133    0.0947        1.0000         0.0416        71.0854     -0.0317
1134    0.0959        1.0000         0.0434        71.0671     -0.0343
1135    0.0953        1.0000         0.0427        71.0494     -0.0316
1136    0.0937        1.0000         0.0430        71.0316     -0.0322
1137    0.0931        1.0000         0.0434        71.0139     -0.0319
1138    0.0934        1.0000         0.0419        70.9961     -0.0305
1139    0.0943        1.0000         0.0440        70.9777     -0.0342
1140    0.0946        1.0000         0.0422        70.9599     -0.0348
1141    0.0935        1.0000         0.0437        70.9421     -0.0346
1142    0.0926        1.0000         0.0433        70.9247     -0.0351
1143    0.0923        1.0000         0.0424        70.9069     -0.0322
1144    0.0925        1.0000         0.0439        70.8888     -0.0326
1145    0.0933        1.0000         0.0421        70.8710     -0.0322
1146    0.0934        1.0000         0.0439        70.8532     -0.0349
1147    0.0927        1.0000         0.0428        70.8359     -0.0352
1148    0.0917        1.0000         0.0430        70.8184     -0.0332
1149    0.0915        1.0000         0.0440        70.8006     -0.0364
1150    0.0918        1.0000         0.0427        70.7828     -0.0337
1151    0.0923        1.0000         0.0440        70.7650     -0.0343
1152    0.0924        1.0000         0.0427        70.7476     -0.0339
1153    0.0917        1.0000         0.0439        70.7301     -0.0332
1154    0.0911        1.0000         0.0434        70.7127     -0.0345
1155    0.0907        1.0000         0.0436        70.6949     -0.0342
1156    0.0906        1.0000         0.0439        70.6772     -0.0342
1157    0.0905        1.0000         0.0431        70.6597     -0.0317
1158    0.0906        1.0000         0.0445        70.6420     -0.0345
1159    0.0910        1.0000         0.0425        70.6246     -0.0336
1160    0.0918        1.0000         0.0446        70.6068     -0.0332
1161    0.0919        1.0000         0.0427        70.5895     -0.0346
1162    0.0909        1.0000         0.0445        70.5720     -0.0364
1163    0.0902        1.0000         0.0439        70.5548     -0.0348
1164    0.0897        1.0000         0.0446        70.5376     -0.0352
1165    0.0895        1.0000         0.0446        70.5202     -0.0355
1166    0.0894        1.0000         0.0439        70.5028     -0.0346
1167    0.0895        1.0000         0.0445        70.4854     -0.0364
1168    0.0899        1.0000         0.0431        70.4683     -0.0340
1169    0.0907        1.0000         0.0451        70.4507     -0.0369
1170    0.0910        1.0000         0.0431        70.4337     -0.0339
Epoch    Loss        Train Acc      Test Acc       L2 Norm   Dropout Gap
1171    0.0901        1.0000         0.0449        70.4165     -0.0370
1172    0.0892
              Per-Epoch  Results
                      1.0000
                                 (page   27
                                     0.0445
                                             of 223)
                                                   70.3995     -0.0351
1173    0.0887        1.0000         0.0448        70.3824     -0.0334
1174    0.0885        1.0000         0.0454        70.3652     -0.0360
1175    0.0886        1.0000         0.0442        70.3482     -0.0351
1176    0.0891        1.0000         0.0452        70.3308     -0.0360
1177    0.0900        1.0000         0.0439        70.3139     -0.0354
1178    0.0902        1.0000         0.0455        70.2967     -0.0366
1179    0.0893        1.0000         0.0448        70.2800     -0.0361
1180    0.0883        1.0000         0.0452        70.2631     -0.0367
1181    0.0879        1.0000         0.0458        70.2461     -0.0383
1182    0.0879        1.0000         0.0448        70.2292     -0.0357
1183    0.0887        1.0000         0.0455        70.2120     -0.0358
1184    0.0896        1.0000         0.0445        70.1954     -0.0349
1185    0.0892        1.0000         0.0463        70.1786     -0.0354
1186    0.0880        1.0000         0.0452        70.1622     -0.0363
1187    0.0873        1.0000         0.0452        70.1456     -0.0364
1188    0.0875        1.0000         0.0457        70.1286     -0.0370
1189    0.0884        1.0000         0.0446        70.1120     -0.0342
1190    0.0889        1.0000         0.0465        70.0952     -0.0370
1191    0.0882        1.0000         0.0460        70.0789     -0.0384
1192    0.0870        1.0000         0.0458        70.0626     -0.0360
1193    0.0868        1.0000         0.0463        70.0459     -0.0383
1194    0.0874        1.0000         0.0454        70.0293     -0.0351
1195    0.0880        1.0000         0.0466        70.0126     -0.0390
1196    0.0879        1.0000         0.0462        69.9963     -0.0369
1197    0.0868        1.0000         0.0466        69.9800     -0.0373
1198    0.0863        1.0000         0.0465        69.9635     -0.0373
1199    0.0865        1.0000         0.0457        69.9471     -0.0370
1200    0.0870        1.0000         0.0466        69.9303     -0.0380
1201    0.0873        1.0000         0.0457        69.9141     -0.0378
1202    0.0867        1.0000         0.0468        69.8978     -0.0380
1203    0.0860        1.0000         0.0468        69.8817     -0.0387
1204    0.0857        1.0000         0.0465        69.8653     -0.0343
1205    0.0857        1.0000         0.0468        69.8487     -0.0367
1206    0.0862        1.0000         0.0460        69.8324     -0.0348
1207    0.0866        1.0000         0.0469        69.8160     -0.0392
1208    0.0865        1.0000         0.0466        69.8000     -0.0340
1209    0.0858        1.0000         0.0469        69.7839     -0.0369
1210    0.0853        1.0000         0.0471        69.7678     -0.0390
1211    0.0851        1.0000         0.0471        69.7516     -0.0375
1212    0.0850        1.0000         0.0468        69.7354     -0.0387
1213    0.0850        1.0000         0.0471        69.7193     -0.0384
1214    0.0851        1.0000         0.0474        69.7030     -0.0380
1215    0.0857        1.0000         0.0465        69.6870     -0.0367
Epoch    Loss        Train Acc      Test Acc       L2 Norm   Dropout Gap
1216    0.0862        1.0000         0.0477        69.6707     -0.0355
1217    0.0861
              Per-Epoch  Results
                      1.0000
                                 (page   28
                                     0.0465
                                             of 223)
                                                   69.6550     -0.0376
1218    0.0852        1.0000         0.0475        69.6390     -0.0373
1219    0.0847        1.0000         0.0474        69.6234     -0.0396
1220    0.0843        1.0000         0.0475        69.6075     -0.0372
1221    0.0842        1.0000         0.0475        69.5915     -0.0373
1222    0.0842        1.0000         0.0475        69.5756     -0.0376
1223    0.0843        1.0000         0.0475        69.5596     -0.0369
1224    0.0850        1.0000         0.0468        69.5440     -0.0343
1225    0.0856        1.0000         0.0478        69.5282     -0.0396
1226    0.0854        1.0000         0.0468        69.5128     -0.0381
1227    0.0845        1.0000         0.0478        69.4971     -0.0373
1228    0.0839        1.0000         0.0474        69.4816     -0.0392
1229    0.0836        1.0000         0.0475        69.4659     -0.0373
1230    0.0834        1.0000         0.0480        69.4503     -0.0381
1231    0.0834        1.0000         0.0480        69.4347     -0.0364
1232    0.0833        1.0000         0.0481        69.4190     -0.0410
1233    0.0835        1.0000         0.0477        69.4035     -0.0375
1234    0.0841        1.0000         0.0492        69.3877     -0.0401
1235    0.0850        1.0000         0.0480        69.3724     -0.0375
1236    0.0848        1.0000         0.0487        69.3570     -0.0380
1237    0.0838        1.0000         0.0480        69.3419     -0.0378
1238    0.0830        1.0000         0.0483        69.3266     -0.0376
1239    0.0827        1.0000         0.0481        69.3113     -0.0389
1240    0.0828        1.0000         0.0477        69.2961     -0.0376
1241    0.0834        1.0000         0.0501        69.2806     -0.0416
1242    0.0844        1.0000         0.0478        69.2655     -0.0392
1243    0.0841        1.0000         0.0489        69.2503     -0.0355
1244    0.0830        1.0000         0.0484        69.2354     -0.0393
1245    0.0823        1.0000         0.0483        69.2204     -0.0355
1246    0.0823        1.0000         0.0490        69.2051     -0.0389
1247    0.0830        1.0000         0.0477        69.1900     -0.0386
1248    0.0836        1.0000         0.0501        69.1748     -0.0402
1249    0.0834        1.0000         0.0481        69.1600     -0.0389
1250    0.0824        1.0000         0.0483        69.1452     -0.0393
1251    0.0818        1.0000         0.0486        69.1303     -0.0407
1252    0.0820        1.0000         0.0481        69.1154     -0.0387
1253    0.0827        1.0000         0.0501        69.1002     -0.0398
1254    0.0832        1.0000         0.0483        69.0855     -0.0393
1255    0.0826        1.0000         0.0493        69.0707     -0.0407
1256    0.0817        1.0000         0.0489        69.0562     -0.0399
1257    0.0814        1.0000         0.0484        69.0416     -0.0376
1258    0.0818        1.0000         0.0498        69.0266     -0.0416
1259    0.0824        1.0000         0.0487        69.0119     -0.0410
1260    0.0826        1.0000         0.0498        68.9971     -0.0395
Epoch    Loss        Train Acc      Test Acc       L2 Norm   Dropout Gap
1261    0.0817        1.0000         0.0487        68.9828     -0.0392
1262    0.0810
              Per-Epoch  Results
                      1.0000
                                 (page   29
                                     0.0486
                                             of 223)
                                                   68.9684     -0.0402
1263    0.0811        1.0000         0.0501        68.9535     -0.0410
1264    0.0817        1.0000         0.0492        68.9389     -0.0407
1265    0.0822        1.0000         0.0501        68.9240     -0.0410
1266    0.0816        1.0000         0.0492        68.9098     -0.0395
1267    0.0807        1.0000         0.0496        68.8956     -0.0398
1268    0.0805        1.0000         0.0501        68.8811     -0.0393
1269    0.0811        1.0000         0.0495        68.8666     -0.0413
1270    0.0815        1.0000         0.0501        68.8516     -0.0389
1271    0.0812        1.0000         0.0499        68.8373     -0.0405
1272    0.0805        1.0000         0.0496        68.8230     -0.0401
1273    0.0801        1.0000         0.0504        68.8088     -0.0421
1274    0.0803        1.0000         0.0503        68.7945     -0.0395
1275    0.0808        1.0000         0.0504        68.7798     -0.0407
1276    0.0809        1.0000         0.0503        68.7656     -0.0417
1277    0.0804        1.0000         0.0503        68.7513     -0.0417
1278    0.0798        1.0000         0.0501        68.7374     -0.0413
1279    0.0796        1.0000         0.0506        68.7232     -0.0383
1280    0.0797        1.0000         0.0506        68.7086     -0.0414
1281    0.0800        1.0000         0.0501        68.6943     -0.0416
1282    0.0802        1.0000         0.0507        68.6800     -0.0401
1283    0.0800        1.0000         0.0507        68.6662     -0.0410
1284    0.0795        1.0000         0.0512        68.6521     -0.0439
1285    0.0792        1.0000         0.0507        68.6379     -0.0416
1286    0.0790        1.0000         0.0509        68.6236     -0.0439
1287    0.0789        1.0000         0.0510        68.6095     -0.0422
1288    0.0790        1.0000         0.0504        68.5955     -0.0419
1289    0.0791        1.0000         0.0518        68.5813     -0.0431
1290    0.0795        1.0000         0.0499        68.5673     -0.0395
1291    0.0801        1.0000         0.0519        68.5531     -0.0425
1292    0.0799        1.0000         0.0506        68.5393     -0.0392
1293    0.0793        1.0000         0.0515        68.5254     -0.0422
1294    0.0787        1.0000         0.0513        68.5118     -0.0427
1295    0.0784        1.0000         0.0515        68.4980     -0.0428
1296    0.0783        1.0000         0.0516        68.4840     -0.0424
1297    0.0783        1.0000         0.0509        68.4702     -0.0404
1298    0.0785        1.0000         0.0518        68.4562     -0.0408
1299    0.0791        1.0000         0.0507        68.4426     -0.0408
1300    0.0796        1.0000         0.0530        68.4288     -0.0425
1301    0.0790        1.0000         0.0510        68.4152     -0.0430
1302    0.0783        1.0000         0.0522        68.4015     -0.0421
1303    0.0779        1.0000         0.0519        68.3880     -0.0434
1304    0.0777        1.0000         0.0516        68.3744     -0.0417
1305    0.0776        1.0000         0.0519        68.3607     -0.0416
Epoch    Loss        Train Acc      Test Acc       L2 Norm   Dropout Gap
1306    0.0777        1.0000         0.0515        68.3471     -0.0422
1307    0.0781
              Per-Epoch  Results
                      1.0000
                                 (page   30
                                     0.0525
                                             of 223)
                                                   68.3333     -0.0448
1308    0.0787        1.0000         0.0515        68.3199     -0.0446
1309    0.0786        1.0000         0.0531        68.3063     -0.0437
1310    0.0779        1.0000         0.0515        68.2932     -0.0424
1311    0.0773        1.0000         0.0524        68.2798     -0.0396
1312    0.0771        1.0000         0.0527        68.2663     -0.0422
1313    0.0771        1.0000         0.0519        68.2528     -0.0425
1314    0.0775        1.0000         0.0531        68.2391     -0.0433
1315    0.0782        1.0000         0.0518        68.2259     -0.0389
1316    0.0782        1.0000         0.0531        68.2126     -0.0410
1317    0.0773        1.0000         0.0522        68.1995     -0.0402
1318    0.0767        1.0000         0.0525        68.1863     -0.0439
1319    0.0766        1.0000         0.0531        68.1729     -0.0448
1320    0.0768        1.0000         0.0519        68.1597     -0.0439
1321    0.0774        1.0000         0.0533        68.1463     -0.0430
1322    0.0775        1.0000         0.0522        68.1334     -0.0417
1323    0.0770        1.0000         0.0531        68.1202     -0.0448
1324    0.0763        1.0000         0.0528        68.1072     -0.0421
1325    0.0761        1.0000         0.0521        68.0941     -0.0434
1326    0.0764        1.0000         0.0536        68.0808     -0.0434
1327    0.0769        1.0000         0.0519        68.0678     -0.0421
1328    0.0771        1.0000         0.0537        68.0547     -0.0451
1329    0.0765        1.0000         0.0525        68.0419     -0.0416
1330    0.0759        1.0000         0.0528        68.0289     -0.0468
1331    0.0757        1.0000         0.0536        68.0158     -0.0437
1332    0.0759        1.0000         0.0522        68.0029     -0.0440
1333    0.0764        1.0000         0.0533        67.9897     -0.0439
1334    0.0766        1.0000         0.0525        67.9771     -0.0440
1335    0.0760        1.0000         0.0534        67.9643     -0.0437
1336    0.0754        1.0000         0.0531        67.9516     -0.0458
1337    0.0753        1.0000         0.0527        67.9386     -0.0405
1338    0.0755        1.0000         0.0537        67.9255     -0.0452
1339    0.0759        1.0000         0.0524        67.9128     -0.0431
1340    0.0761        1.0000         0.0542        67.9000     -0.0445
1341    0.0757        1.0000         0.0525        67.8875     -0.0434
1342    0.0750        1.0000         0.0530        67.8748     -0.0451
1343    0.0748        1.0000         0.0539        67.8619     -0.0434
1344    0.0749        1.0000         0.0524        67.8491     -0.0419
1345    0.0753        1.0000         0.0540        67.8361     -0.0471
1346    0.0755        1.0000         0.0525        67.8238     -0.0433
1347    0.0752        1.0000         0.0543        67.8113     -0.0442
1348    0.0747        1.0000         0.0530        67.7987     -0.0424
1349    0.0744        1.0000         0.0531        67.7862     -0.0443
1350    0.0743        1.0000         0.0540        67.7733     -0.0436
Epoch    Loss        Train Acc      Test Acc       L2 Norm   Dropout Gap
1351    0.0745        1.0000         0.0525        67.7608     -0.0427
1352    0.0748
              Per-Epoch  Results
                      1.0000
                                 (page   31
                                     0.0548
                                             of 223)
                                                   67.7480     -0.0452
1353    0.0750        1.0000         0.0528        67.7358     -0.0433
1354    0.0748        1.0000         0.0547        67.7232     -0.0455
1355    0.0743        1.0000         0.0531        67.7109     -0.0430
1356    0.0740        1.0000         0.0537        67.6983     -0.0451
1357    0.0738        1.0000         0.0534        67.6858     -0.0466
1358    0.0737        1.0000         0.0533        67.6733     -0.0436
1359    0.0737        1.0000         0.0540        67.6607     -0.0452
1360    0.0737        1.0000         0.0530        67.6484     -0.0446
1361    0.0740        1.0000         0.0543        67.6358     -0.0445
1362    0.0745        1.0000         0.0528        67.6237     -0.0421
1363    0.0747        1.0000         0.0548        67.6112     -0.0451
1364    0.0742        1.0000         0.0530        67.5992     -0.0431
1365    0.0736        1.0000         0.0542        67.5870     -0.0443
1366    0.0732        1.0000         0.0540        67.5748     -0.0466
1367    0.0731        1.0000         0.0531        67.5625     -0.0446
1368    0.0731        1.0000         0.0545        67.5501     -0.0446
1369    0.0735        1.0000         0.0534        67.5380     -0.0411
1370    0.0741        1.0000         0.0547        67.5257     -0.0452
1371    0.0739        1.0000         0.0536        67.5139     -0.0439
1372    0.0733        1.0000         0.0543        67.5019     -0.0443
1373    0.0728        1.0000         0.0542        67.4901     -0.0448
1374    0.0726        1.0000         0.0540        67.4782     -0.0428
1375    0.0727        1.0000         0.0545        67.4660     -0.0437
1376    0.0731        1.0000         0.0537        67.4541     -0.0445
1377    0.0735        1.0000         0.0550        67.4422     -0.0465
1378    0.0733        1.0000         0.0540        67.4308     -0.0436
1379    0.0726        1.0000         0.0545        67.4192     -0.0428
1380    0.0722        1.0000         0.0545        67.4077     -0.0454
1381    0.0721        1.0000         0.0545        67.3962     -0.0436
1382    0.0725        1.0000         0.0554        67.3845     -0.0443
1383    0.0731        1.0000         0.0540        67.3732     -0.0446
1384    0.0728        1.0000         0.0554        67.3619     -0.0475
1385    0.0721        1.0000         0.0548        67.3509     -0.0443
1386    0.0717        1.0000         0.0550        67.3398     -0.0457
1387    0.0717        1.0000         0.0556        67.3286     -0.0458
1388    0.0719        1.0000         0.0551        67.3175     -0.0466
1389    0.0723        1.0000         0.0559        67.3062     -0.0469
1390    0.0723        1.0000         0.0551        67.2955     -0.0454
1391    0.0716        1.0000         0.0554        67.2847     -0.0455
1392    0.0712        1.0000         0.0556        67.2739     -0.0445
1393    0.0711        1.0000         0.0553        67.2631     -0.0443
1394    0.0713        1.0000         0.0562        67.2519     -0.0454
1395    0.0716        1.0000         0.0563        67.2412     -0.0460
Epoch    Loss        Train Acc      Test Acc       L2 Norm   Dropout Gap
1396    0.0717        1.0000         0.0559        67.2304     -0.0463
1397    0.0713
              Per-Epoch  Results
                      1.0000
                                 (page   32
                                     0.0557
                                             of 223)
                                                   67.2199     -0.0448
1398    0.0708        1.0000         0.0559        67.2092     -0.0465
1399    0.0706        1.0000         0.0557        67.1986     -0.0457
1400    0.0705        1.0000         0.0559        67.1878     -0.0463
1401    0.0705        1.0000         0.0565        67.1770     -0.0487
1402    0.0707        1.0000         0.0559        67.1664     -0.0472
1403    0.0710        1.0000         0.0565        67.1556     -0.0474
1404    0.0711        1.0000         0.0566        67.1452     -0.0487
1405    0.0708        1.0000         0.0562        67.1344     -0.0463
1406    0.0703        1.0000         0.0557        67.1240     -0.0452
1407    0.0700        1.0000         0.0557        67.1136     -0.0448
1408    0.0699        1.0000         0.0559        67.1030     -0.0474
1409    0.0698        1.0000         0.0563        67.0924     -0.0458
1410    0.0699        1.0000         0.0566        67.0815     -0.0478
1411    0.0703        1.0000         0.0566        67.0711     -0.0478
1412    0.0706        1.0000         0.0574        67.0604     -0.0487
1413    0.0703        1.0000         0.0565        67.0502     -0.0454
1414    0.0698        1.0000         0.0566        67.0398     -0.0463
1415    0.0694        1.0000         0.0565        67.0295     -0.0469
1416    0.0693        1.0000         0.0566        67.0190     -0.0451
1417    0.0692        1.0000         0.0569        67.0083     -0.0469
1418    0.0691        1.0000         0.0566        66.9978     -0.0462
1419    0.0692        1.0000         0.0571        66.9872     -0.0493
1420    0.0696        1.0000         0.0566        66.9768     -0.0466
1421    0.0701        1.0000         0.0580        66.9662     -0.0475
1422    0.0697        1.0000         0.0569        66.9561     -0.0466
1423    0.0691        1.0000         0.0574        66.9458     -0.0490
1424    0.0687        1.0000         0.0571        66.9356     -0.0487
1425    0.0686        1.0000         0.0568        66.9251     -0.0454
1426    0.0685        1.0000         0.0577        66.9145     -0.0499
1427    0.0685        1.0000         0.0574        66.9042     -0.0478
1428    0.0688        1.0000         0.0583        66.8936     -0.0493
1429    0.0695        1.0000         0.0575        66.8833     -0.0481
1430    0.0695        1.0000         0.0584        66.8728     -0.0472
1431    0.0687        1.0000         0.0577        66.8627     -0.0484
1432    0.0682        1.0000         0.0572        66.8526     -0.0475
1433    0.0681        1.0000         0.0586        66.8421     -0.0495
1434    0.0687        1.0000         0.0575        66.8318     -0.0477
1435    0.0692        1.0000         0.0584        66.8212     -0.0469
1436    0.0687        1.0000         0.0574        66.8111     -0.0469
1437    0.0680        1.0000         0.0572        66.8011     -0.0442
1438    0.0678        1.0000         0.0586        66.7907     -0.0492
1439    0.0681        1.0000         0.0577        66.7805     -0.0486
1440    0.0685        1.0000         0.0592        66.7700     -0.0518
Epoch    Loss        Train Acc      Test Acc       L2 Norm   Dropout Gap
1441    0.0684        1.0000         0.0575        66.7599     -0.0471
1442    0.0678
              Per-Epoch  Results
                      1.0000
                                 (page   33
                                     0.0578
                                             of 223)
                                                   66.7497     -0.0471
1443    0.0674        1.0000         0.0578        66.7396     -0.0458
1444    0.0675        1.0000         0.0575        66.7293     -0.0492
1445    0.0678        1.0000         0.0591        66.7188     -0.0530
1446    0.0679        1.0000         0.0580        66.7087     -0.0490
1447    0.0677        1.0000         0.0584        66.6985     -0.0468
1448    0.0673        1.0000         0.0581        66.6883     -0.0483
1449    0.0670        1.0000         0.0577        66.6780     -0.0492
1450    0.0672        1.0000         0.0588        66.6675     -0.0477
1451    0.0675        1.0000         0.0583        66.6574     -0.0510
1452    0.0676        1.0000         0.0589        66.6472     -0.0484
1453    0.0673        1.0000         0.0580        66.6373     -0.0492
1454    0.0668        1.0000         0.0583        66.6271     -0.0484
1455    0.0667        1.0000         0.0586        66.6168     -0.0484
1456    0.0668        1.0000         0.0584        66.6067     -0.0487
1457    0.0670        1.0000         0.0597        66.5965     -0.0498
1458    0.0673        1.0000         0.0588        66.5865     -0.0496
1459    0.0670        1.0000         0.0592        66.5763     -0.0480
1460    0.0666        1.0000         0.0583        66.5665     -0.0492
1461    0.0663        1.0000         0.0580        66.5566     -0.0503
1462    0.0663        1.0000         0.0594        66.5464     -0.0501
1463    0.0665        1.0000         0.0589        66.5363     -0.0498
1464    0.0667        1.0000         0.0600        66.5260     -0.0506
1465    0.0667        1.0000         0.0594        66.5163     -0.0495
1466    0.0663        1.0000         0.0598        66.5064     -0.0510
1467    0.0660        1.0000         0.0588        66.4966     -0.0492
1468    0.0659        1.0000         0.0592        66.4867     -0.0475
1469    0.0658        1.0000         0.0597        66.4765     -0.0495
1470    0.0659        1.0000         0.0594        66.4666     -0.0490
1471    0.0661        1.0000         0.0601        66.4566     -0.0496
1472    0.0663        1.0000         0.0594        66.4469     -0.0498
1473    0.0662        1.0000         0.0603        66.4369     -0.0468
1474    0.0660        1.0000         0.0594        66.4272     -0.0481
1475    0.0656        1.0000         0.0600        66.4173     -0.0512
1476    0.0654        1.0000         0.0598        66.4076     -0.0518
1477    0.0654        1.0000         0.0600        66.3978     -0.0528
1478    0.0654        1.0000         0.0603        66.3879     -0.0492
1479    0.0656        1.0000         0.0595        66.3783     -0.0486
1480    0.0660        1.0000         0.0607        66.3683     -0.0493
1481    0.0661        1.0000         0.0598        66.3588     -0.0515
1482    0.0656        1.0000         0.0604        66.3491     -0.0507
1483    0.0651        1.0000         0.0604        66.3397     -0.0510
1484    0.0650        1.0000         0.0595        66.3302     -0.0490
1485    0.0653        1.0000         0.0610        66.3203     -0.0512
Epoch    Loss        Train Acc      Test Acc       L2 Norm   Dropout Gap
1486    0.0657        1.0000         0.0598        66.3108     -0.0493
1487    0.0656
              Per-Epoch  Results
                      1.0000
                                 (page   34
                                     0.0610
                                             of 223)
                                                   66.3011     -0.0498
1488    0.0650        1.0000         0.0612        66.2918     -0.0524
1489    0.0647        1.0000         0.0601        66.2824     -0.0501
1490    0.0648        1.0000         0.0612        66.2727     -0.0507
1491    0.0651        1.0000         0.0601        66.2632     -0.0510
1492    0.0653        1.0000         0.0613        66.2535     -0.0545
1493    0.0649        1.0000         0.0601        66.2443     -0.0495
1494    0.0645        1.0000         0.0610        66.2350     -0.0521
1495    0.0644        1.0000         0.0613        66.2255     -0.0534
1496    0.0645        1.0000         0.0603        66.2161     -0.0478
1497    0.0648        1.0000         0.0612        66.2064     -0.0489
1498    0.0648        1.0000         0.0607        66.1972     -0.0518
1499    0.0644        1.0000         0.0616        66.1879     -0.0527
1500    0.0641        1.0000         0.0621        66.1787     -0.0521
1501    0.0641        1.0000         0.0606        66.1694     -0.0489
1502    0.0643        1.0000         0.0616        66.1597     -0.0524
1503    0.0644        1.0000         0.0610        66.1506     -0.0513
1504    0.0643        1.0000         0.0615        66.1413     -0.0522
1505    0.0639        1.0000         0.0618        66.1323     -0.0519
1506    0.0637        1.0000         0.0616        66.1232     -0.0542
1507    0.0637        1.0000         0.0616        66.1136     -0.0510
1508    0.0639        1.0000         0.0609        66.1044     -0.0521
1509    0.0641        1.0000         0.0616        66.0950     -0.0503
1510    0.0640        1.0000         0.0615        66.0861     -0.0507
1511    0.0636        1.0000         0.0616        66.0769     -0.0524
1512    0.0634        1.0000         0.0618        66.0677     -0.0506
1513    0.0633        1.0000         0.0616        66.0586     -0.0525
1514    0.0635        1.0000         0.0618        66.0491     -0.0515
1515    0.0637        1.0000         0.0615        66.0399     -0.0506
1516    0.0637        1.0000         0.0619        66.0307     -0.0510
1517    0.0633        1.0000         0.0621        66.0218     -0.0478
1518    0.0631        1.0000         0.0624        66.0128     -0.0545
1519    0.0630        1.0000         0.0622        66.0037     -0.0527
1520    0.0630        1.0000         0.0616        65.9945     -0.0522
1521    0.0632        1.0000         0.0622        65.9851     -0.0534
1522    0.0634        1.0000         0.0616        65.9763     -0.0521
1523    0.0633        1.0000         0.0622        65.9673     -0.0510
1524    0.0630        1.0000         0.0625        65.9585     -0.0521
1525    0.0628        1.0000         0.0624        65.9496     -0.0506
1526    0.0626        1.0000         0.0625        65.9405     -0.0524
1527    0.0625        1.0000         0.0624        65.9314     -0.0528
1528    0.0626        1.0000         0.0621        65.9222     -0.0527
1529    0.0628        1.0000         0.0619        65.9133     -0.0509
1530    0.0631        1.0000         0.0622        65.9042     -0.0518
Epoch    Loss        Train Acc      Test Acc       L2 Norm   Dropout Gap
1531    0.0629        1.0000         0.0627        65.8955     -0.0537
1532    0.0624
              Per-Epoch  Results
                      1.0000
                                 (page   35
                                     0.0627
                                             of 223)
                                                   65.8867     -0.0528
1533    0.0622        1.0000         0.0624        65.8779     -0.0531
1534    0.0622        1.0000         0.0624        65.8690     -0.0530
1535    0.0624        1.0000         0.0627        65.8598     -0.0534
1536    0.0627        1.0000         0.0619        65.8509     -0.0524
1537    0.0627        1.0000         0.0624        65.8419     -0.0527
1538    0.0622        1.0000         0.0625        65.8333     -0.0543
1539    0.0619        1.0000         0.0625        65.8247     -0.0536
1540    0.0619        1.0000         0.0630        65.8158     -0.0530
1541    0.0623        1.0000         0.0622        65.8070     -0.0516
1542    0.0624        1.0000         0.0632        65.7980     -0.0545
1543    0.0621        1.0000         0.0625        65.7894     -0.0518
1544    0.0616        1.0000         0.0625        65.7808     -0.0545
1545    0.0616        1.0000         0.0632        65.7720     -0.0553
1546    0.0619        1.0000         0.0624        65.7634     -0.0499
1547    0.0621        1.0000         0.0633        65.7545     -0.0536
1548    0.0618        1.0000         0.0630        65.7461     -0.0548
1549    0.0613        1.0000         0.0627        65.7375     -0.0534
1550    0.0614        1.0000         0.0633        65.7287     -0.0539
1551    0.0617        1.0000         0.0629        65.7199     -0.0537
1552    0.0618        1.0000         0.0632        65.7111     -0.0536
1553    0.0614        1.0000         0.0632        65.7026     -0.0516
1554    0.0610        1.0000         0.0627        65.6942     -0.0525
1555    0.0613        1.0000         0.0636        65.6855     -0.0542
1556    0.0616        1.0000         0.0624        65.6768     -0.0515
1557    0.0613        1.0000         0.0636        65.6679     -0.0533
1558    0.0609        1.0000         0.0638        65.6594     -0.0550
1559    0.0608        1.0000         0.0629        65.6511     -0.0537
1560    0.0611        1.0000         0.0639        65.6424     -0.0533
1561    0.0613        1.0000         0.0632        65.6338     -0.0551
1562    0.0609        1.0000         0.0638        65.6250     -0.0524
1563    0.0605        1.0000         0.0644        65.6165     -0.0542
1564    0.0606        1.0000         0.0633        65.6082     -0.0556
1565    0.0609        1.0000         0.0641        65.5995     -0.0550
1566    0.0608        1.0000         0.0638        65.5911     -0.0540
1567    0.0604        1.0000         0.0644        65.5825     -0.0547
1568    0.0603        1.0000         0.0650        65.5740     -0.0562
1569    0.0604        1.0000         0.0635        65.5657     -0.0547
1570    0.0606        1.0000         0.0647        65.5570     -0.0548
1571    0.0605        1.0000         0.0642        65.5487     -0.0551
1572    0.0602        1.0000         0.0647        65.5402     -0.0543
1573    0.0600        1.0000         0.0648        65.5317     -0.0531
1574    0.0600        1.0000         0.0642        65.5235     -0.0530
1575    0.0601        1.0000         0.0647        65.5150     -0.0547
Epoch    Loss        Train Acc      Test Acc       L2 Norm   Dropout Gap
1576    0.0602        1.0000         0.0639        65.5068     -0.0543
1577    0.0601
              Per-Epoch  Results
                      1.0000
                                 (page   36
                                     0.0650
                                             of 223)
                                                   65.4983     -0.0571
1578    0.0599        1.0000         0.0647        65.4899     -0.0554
1579    0.0597        1.0000         0.0648        65.4816     -0.0534
1580    0.0596        1.0000         0.0645        65.4732     -0.0556
1581    0.0595        1.0000         0.0648        65.4649     -0.0560
1582    0.0596        1.0000         0.0653        65.4562     -0.0583
1583    0.0597        1.0000         0.0642        65.4479     -0.0547
1584    0.0599        1.0000         0.0656        65.4394     -0.0554
1585    0.0598        1.0000         0.0650        65.4313     -0.0560
1586    0.0595        1.0000         0.0653        65.4230     -0.0553
1587    0.0593        1.0000         0.0653        65.4148     -0.0563
1588    0.0592        1.0000         0.0650        65.4066     -0.0537
1589    0.0592        1.0000         0.0659        65.3981     -0.0554
1590    0.0593        1.0000         0.0647        65.3900     -0.0545
1591    0.0595        1.0000         0.0657        65.3816     -0.0563
1592    0.0594        1.0000         0.0650        65.3735     -0.0562
1593    0.0592        1.0000         0.0657        65.3653     -0.0550
1594    0.0590        1.0000         0.0651        65.3572     -0.0550
1595    0.0588        1.0000         0.0656        65.3490     -0.0542
1596    0.0587        1.0000         0.0654        65.3409     -0.0557
1597    0.0587        1.0000         0.0651        65.3327     -0.0563
1598    0.0587        1.0000         0.0660        65.3243     -0.0565
1599    0.0590        1.0000         0.0651        65.3162     -0.0545
1600    0.0591        1.0000         0.0659        65.3079     -0.0575
1601    0.0589        1.0000         0.0653        65.2999     -0.0543
1602    0.0585        1.0000         0.0660        65.2918     -0.0545
1603    0.0584        1.0000         0.0656        65.2837     -0.0563
1604    0.0583        1.0000         0.0657        65.2755     -0.0572
1605    0.0583        1.0000         0.0665        65.2671     -0.0554
1606    0.0585        1.0000         0.0656        65.2592     -0.0574
1607    0.0587        1.0000         0.0662        65.2511     -0.0569
1608    0.0586        1.0000         0.0659        65.2431     -0.0559
1609    0.0583        1.0000         0.0665        65.2351     -0.0578
1610    0.0580        1.0000         0.0662        65.2273     -0.0547
1611    0.0579        1.0000         0.0657        65.2194     -0.0560
1612    0.0579        1.0000         0.0665        65.2114     -0.0550
1613    0.0579        1.0000         0.0660        65.2036     -0.0553
1614    0.0580        1.0000         0.0668        65.1957     -0.0588
1615    0.0581        1.0000         0.0659        65.1883     -0.0553
1616    0.0581        1.0000         0.0668        65.1805     -0.0563
1617    0.0578        1.0000         0.0668        65.1730     -0.0563
1618    0.0576        1.0000         0.0668        65.1656     -0.0594
1619    0.0574        1.0000         0.0666        65.1581     -0.0572
1620    0.0574        1.0000         0.0670        65.1507     -0.0569
Epoch    Loss        Train Acc      Test Acc       L2 Norm   Dropout Gap
1621    0.0573        1.0000         0.0668        65.1434     -0.0562
1622    0.0572
              Per-Epoch  Results
                      1.0000
                                 (page   37
                                     0.0671
                                             of 223)
                                                   65.1360     -0.0575
1623    0.0573        1.0000         0.0663        65.1289     -0.0562
1624    0.0575        1.0000         0.0676        65.1216     -0.0595
1625    0.0577        1.0000         0.0668        65.1147     -0.0571
1626    0.0573        1.0000         0.0676        65.1076     -0.0574
1627    0.0570        1.0000         0.0671        65.1008     -0.0580
1628    0.0568        1.0000         0.0670        65.0939     -0.0574
1629    0.0567        1.0000         0.0676        65.0869     -0.0584
1630    0.0568        1.0000         0.0665        65.0801     -0.0563
1631    0.0570        1.0000         0.0679        65.0729     -0.0581
1632    0.0571        1.0000         0.0671        65.0662     -0.0584
1633    0.0567        1.0000         0.0676        65.0595     -0.0575
1634    0.0564        1.0000         0.0676        65.0528     -0.0578
1635    0.0563        1.0000         0.0670        65.0461     -0.0574
1636    0.0564        1.0000         0.0680        65.0391     -0.0595
1637    0.0566        1.0000         0.0673        65.0326     -0.0572
1638    0.0564        1.0000         0.0679        65.0259     -0.0583
1639    0.0561        1.0000         0.0677        65.0193     -0.0588
1640    0.0560        1.0000         0.0673        65.0126     -0.0586
1641    0.0560        1.0000         0.0682        65.0056     -0.0578
1642    0.0560        1.0000         0.0677        64.9988     -0.0572
1643    0.0561        1.0000         0.0682        64.9919     -0.0583
1644    0.0560        1.0000         0.0680        64.9854     -0.0592
1645    0.0558        1.0000         0.0683        64.9786     -0.0594
1646    0.0556        1.0000         0.0686        64.9717     -0.0580
1647    0.0555        1.0000         0.0683        64.9650     -0.0583
1648    0.0555        1.0000         0.0686        64.9583     -0.0595
1649    0.0555        1.0000         0.0685        64.9515     -0.0589
1650    0.0555        1.0000         0.0689        64.9444     -0.0574
1651    0.0556        1.0000         0.0685        64.9375     -0.0580
1652    0.0556        1.0000         0.0688        64.9305     -0.0594
1653    0.0553        1.0000         0.0686        64.9239     -0.0594
1654    0.0551        1.0000         0.0688        64.9171     -0.0583
1655    0.0550        1.0000         0.0689        64.9101     -0.0589
1656    0.0551        1.0000         0.0683        64.9033     -0.0584
1657    0.0552        1.0000         0.0689        64.8961     -0.0597
1658    0.0552        1.0000         0.0686        64.8894     -0.0603
1659    0.0550        1.0000         0.0689        64.8826     -0.0613
1660    0.0548        1.0000         0.0686        64.8759     -0.0592
1661    0.0547        1.0000         0.0685        64.8690     -0.0566
1662    0.0547        1.0000         0.0694        64.8619     -0.0624
1663    0.0548        1.0000         0.0686        64.8551     -0.0584
1664    0.0549        1.0000         0.0695        64.8481     -0.0603
1665    0.0547        1.0000         0.0689        64.8412     -0.0600
Epoch    Loss        Train Acc      Test Acc       L2 Norm   Dropout Gap
1666    0.0544        1.0000         0.0688        64.8342     -0.0595
1667    0.0544
              Per-Epoch  Results
                      1.0000
                                 (page   38
                                     0.0689
                                             of 223)
                                                   64.8273     -0.0566
1668    0.0543        1.0000         0.0688        64.8204     -0.0594
1669    0.0544        1.0000         0.0695        64.8134     -0.0597
1670    0.0545        1.0000         0.0689        64.8067     -0.0572
1671    0.0545        1.0000         0.0694        64.7996     -0.0609
1672    0.0543        1.0000         0.0689        64.7929     -0.0583
1673    0.0541        1.0000         0.0689        64.7861     -0.0583
1674    0.0540        1.0000         0.0689        64.7793     -0.0595
1675    0.0540        1.0000         0.0691        64.7723     -0.0601
1676    0.0539        1.0000         0.0695        64.7652     -0.0581
1677    0.0540        1.0000         0.0691        64.7583     -0.0586
1678    0.0541        1.0000         0.0695        64.7514     -0.0612
1679    0.0540        1.0000         0.0691        64.7446     -0.0574
1680    0.0539        1.0000         0.0695        64.7377     -0.0571
1681    0.0537        1.0000         0.0691        64.7308     -0.0594
1682    0.0536        1.0000         0.0691        64.7239     -0.0601
1683    0.0536        1.0000         0.0694        64.7171     -0.0613
1684    0.0535        1.0000         0.0692        64.7102     -0.0594
1685    0.0535        1.0000         0.0694        64.7032     -0.0595
1686    0.0535        1.0000         0.0694        64.6964     -0.0601
1687    0.0537        1.0000         0.0700        64.6894     -0.0606
1688    0.0538        1.0000         0.0695        64.6827     -0.0606
1689    0.0535        1.0000         0.0698        64.6759     -0.0597
1690    0.0533        1.0000         0.0694        64.6692     -0.0598
1691    0.0532        1.0000         0.0692        64.6625     -0.0615
1692    0.0532        1.0000         0.0701        64.6555     -0.0589
1693    0.0533        1.0000         0.0698        64.6487     -0.0601
1694    0.0535        1.0000         0.0701        64.6418     -0.0632
1695    0.0533        1.0000         0.0697        64.6351     -0.0604
1696    0.0530        1.0000         0.0697        64.6284     -0.0606
1697    0.0529        1.0000         0.0700        64.6215     -0.0609
1698    0.0530        1.0000         0.0697        64.6146     -0.0601
1699    0.0531        1.0000         0.0700        64.6076     -0.0583
1700    0.0530        1.0000         0.0698        64.6009     -0.0578
1701    0.0527        1.0000         0.0697        64.5944     -0.0607
1702    0.0526        1.0000         0.0703        64.5876     -0.0612
1703    0.0527        1.0000         0.0701        64.5807     -0.0592
1704    0.0528        1.0000         0.0706        64.5739     -0.0619
1705    0.0527        1.0000         0.0701        64.5674     -0.0595
1706    0.0525        1.0000         0.0700        64.5607     -0.0607
1707    0.0524        1.0000         0.0698        64.5539     -0.0597
1708    0.0523        1.0000         0.0700        64.5471     -0.0588
1709    0.0523        1.0000         0.0703        64.5403     -0.0607
1710    0.0523        1.0000         0.0704        64.5338     -0.0636
Epoch    Loss        Train Acc      Test Acc       L2 Norm   Dropout Gap
1711    0.0523        1.0000         0.0707        64.5269     -0.0597
1712    0.0524
              Per-Epoch  Results
                      1.0000
                                 (page   39
                                     0.0704
                                             of 223)
                                                   64.5202     -0.0615
1713    0.0524        1.0000         0.0706        64.5133     -0.0624
1714    0.0522        1.0000         0.0703        64.5067     -0.0600
1715    0.0521        1.0000         0.0704        64.5001     -0.0622
1716    0.0519        1.0000         0.0704        64.4935     -0.0586
1717    0.0519        1.0000         0.0704        64.4869     -0.0613
1718    0.0519        1.0000         0.0710        64.4801     -0.0606
1719    0.0520        1.0000         0.0703        64.4736     -0.0589
1720    0.0521        1.0000         0.0710        64.4668     -0.0618
1721    0.0520        1.0000         0.0706        64.4603     -0.0635
1722    0.0518        1.0000         0.0712        64.4538     -0.0616
1723    0.0516        1.0000         0.0712        64.4473     -0.0618
1724    0.0516        1.0000         0.0709        64.4408     -0.0609
1725    0.0516        1.0000         0.0714        64.4341     -0.0622
1726    0.0517        1.0000         0.0707        64.4279     -0.0613
1727    0.0517        1.0000         0.0718        64.4214     -0.0630
1728    0.0516        1.0000         0.0714        64.4153     -0.0601
1729    0.0514        1.0000         0.0712        64.4092     -0.0607
1730    0.0513        1.0000         0.0715        64.4031     -0.0630
1731    0.0513        1.0000         0.0710        64.3971     -0.0610
1732    0.0513        1.0000         0.0721        64.3910     -0.0630
1733    0.0514        1.0000         0.0712        64.3852     -0.0597
1734    0.0513        1.0000         0.0721        64.3793     -0.0641
1735    0.0511        1.0000         0.0718        64.3737     -0.0630
1736    0.0510        1.0000         0.0714        64.3680     -0.0613
1737    0.0509        1.0000         0.0723        64.3624     -0.0619
1738    0.0509        1.0000         0.0715        64.3569     -0.0621
1739    0.0510        1.0000         0.0727        64.3511     -0.0632
1740    0.0511        1.0000         0.0718        64.3457     -0.0625
1741    0.0509        1.0000         0.0724        64.3402     -0.0647
1742    0.0507        1.0000         0.0720        64.3350     -0.0618
1743    0.0506        1.0000         0.0721        64.3296     -0.0624
1744    0.0506        1.0000         0.0738        64.3240     -0.0633
1745    0.0508        1.0000         0.0721        64.3187     -0.0650
1746    0.0507        1.0000         0.0730        64.3134     -0.0636
1747    0.0504        1.0000         0.0729        64.3083     -0.0641
1748    0.0503        1.0000         0.0721        64.3031     -0.0613
1749    0.0504        1.0000         0.0741        64.2976     -0.0635
1750    0.0504        1.0000         0.0723        64.2924     -0.0613
1751    0.0503        1.0000         0.0735        64.2872     -0.0627
1752    0.0501        1.0000         0.0733        64.2823     -0.0629
1753    0.0500        1.0000         0.0730        64.2773     -0.0642
1754    0.0501        1.0000         0.0745        64.2719     -0.0642
1755    0.0502        1.0000         0.0732        64.2669     -0.0651
Epoch    Loss        Train Acc      Test Acc       L2 Norm   Dropout Gap
1756    0.0500        1.0000         0.0735        64.2620     -0.0625
1757    0.0498
              Per-Epoch  Results
                      1.0000
                                 (page   40
                                     0.0739
                                             of 223)
                                                   64.2573     -0.0627
1758    0.0498        1.0000         0.0732        64.2524     -0.0622
1759    0.0499        1.0000         0.0747        64.2470     -0.0648
1760    0.0498        1.0000         0.0732        64.2419     -0.0632
1761    0.0496        1.0000         0.0733        64.2370     -0.0647
1762    0.0495        1.0000         0.0748        64.2321     -0.0644
1763    0.0496        1.0000         0.0730        64.2273     -0.0621
1764    0.0497        1.0000         0.0747        64.2221     -0.0679
1765    0.0494        1.0000         0.0738        64.2169     -0.0641
1766    0.0493        1.0000         0.0735        64.2119     -0.0622
1767    0.0494        1.0000         0.0750        64.2068     -0.0638
1768    0.0494        1.0000         0.0738        64.2018     -0.0633
1769    0.0493        1.0000         0.0741        64.1966     -0.0627
1770    0.0491        1.0000         0.0747        64.1914     -0.0665
1771    0.0491        1.0000         0.0738        64.1864     -0.0674
1772    0.0492        1.0000         0.0750        64.1810     -0.0632
1773    0.0491        1.0000         0.0736        64.1758     -0.0625
1774    0.0489        1.0000         0.0735        64.1706     -0.0659
1775    0.0488        1.0000         0.0751        64.1652     -0.0648
1776    0.0489        1.0000         0.0739        64.1601     -0.0633
1777    0.0489        1.0000         0.0751        64.1547     -0.0653
1778    0.0487        1.0000         0.0739        64.1495     -0.0651
1779    0.0486        1.0000         0.0738        64.1442     -0.0633
1780    0.0486        1.0000         0.0751        64.1388     -0.0650
1781    0.0487        1.0000         0.0738        64.1336     -0.0624
1782    0.0486        1.0000         0.0748        64.1282     -0.0647
1783    0.0485        1.0000         0.0745        64.1228     -0.0609
1784    0.0484        1.0000         0.0741        64.1174     -0.0648
1785    0.0484        1.0000         0.0756        64.1120     -0.0676
1786    0.0484        1.0000         0.0742        64.1067     -0.0624
1787    0.0484        1.0000         0.0758        64.1011     -0.0662
1788    0.0483        1.0000         0.0751        64.0958     -0.0647
1789    0.0481        1.0000         0.0753        64.0905     -0.0660
1790    0.0481        1.0000         0.0756        64.0850     -0.0674
1791    0.0481        1.0000         0.0747        64.0797     -0.0663
1792    0.0481        1.0000         0.0758        64.0741     -0.0689
1793    0.0481        1.0000         0.0750        64.0688     -0.0644
1794    0.0480        1.0000         0.0755        64.0634     -0.0639
1795    0.0479        1.0000         0.0753        64.0581     -0.0633
1796    0.0478        1.0000         0.0755        64.0527     -0.0648
1797    0.0478        1.0000         0.0759        64.0473     -0.0651
1798    0.0478        1.0000         0.0756        64.0420     -0.0676
1799    0.0478        1.0000         0.0762        64.0365     -0.0653
1800    0.0478        1.0000         0.0755        64.0313     -0.0663
Epoch    Loss        Train Acc      Test Acc       L2 Norm   Dropout Gap
1801    0.0477        1.0000         0.0759        64.0262     -0.0651
1802    0.0476
              Per-Epoch  Results
                      1.0000
                                 (page   41
                                     0.0756
                                             of 223)
                                                   64.0210     -0.0638
1803    0.0475        1.0000         0.0755        64.0157     -0.0654
1804    0.0474        1.0000         0.0756        64.0106     -0.0644
1805    0.0474        1.0000         0.0758        64.0055     -0.0641
1806    0.0473        1.0000         0.0759        64.0006     -0.0665
1807    0.0473        1.0000         0.0759        63.9957     -0.0662
1808    0.0473        1.0000         0.0762        63.9908     -0.0663
1809    0.0475        1.0000         0.0759        63.9860     -0.0635
1810    0.0474        1.0000         0.0761        63.9813     -0.0665
1811    0.0472        1.0000         0.0762        63.9768     -0.0682
1812    0.0470        1.0000         0.0759        63.9724     -0.0674
1813    0.0470        1.0000         0.0767        63.9678     -0.0689
1814    0.0470        1.0000         0.0768        63.9634     -0.0682
1815    0.0471        1.0000         0.0767        63.9589     -0.0670
1816    0.0470        1.0000         0.0762        63.9549     -0.0659
1817    0.0468        1.0000         0.0768        63.9507     -0.0648
1818    0.0467        1.0000         0.0767        63.9465     -0.0679
1819    0.0468        1.0000         0.0768        63.9424     -0.0663
1820    0.0468        1.0000         0.0773        63.9380     -0.0680
1821    0.0466        1.0000         0.0773        63.9339     -0.0682
1822    0.0464        1.0000         0.0773        63.9298     -0.0677
1823    0.0465        1.0000         0.0767        63.9255     -0.0682
1824    0.0465        1.0000         0.0776        63.9213     -0.0685
1825    0.0464        1.0000         0.0773        63.9171     -0.0679
1826    0.0462        1.0000         0.0773        63.9128     -0.0682
1827    0.0462        1.0000         0.0774        63.9088     -0.0657
1828    0.0462        1.0000         0.0771        63.9045     -0.0660
1829    0.0461        1.0000         0.0774        63.9004     -0.0665
1830    0.0459        1.0000         0.0776        63.8963     -0.0695
1831    0.0459        1.0000         0.0776        63.8920     -0.0668
1832    0.0459        1.0000         0.0783        63.8880     -0.0686
1833    0.0459        1.0000         0.0779        63.8838     -0.0683
1834    0.0457        1.0000         0.0777        63.8799     -0.0709
1835    0.0456        1.0000         0.0779        63.8761     -0.0657
1836    0.0456        1.0000         0.0777        63.8722     -0.0679
1837    0.0456        1.0000         0.0782        63.8685     -0.0682
1838    0.0455        1.0000         0.0780        63.8647     -0.0695
1839    0.0454        1.0000         0.0779        63.8609     -0.0680
1840    0.0453        1.0000         0.0785        63.8574     -0.0683
1841    0.0453        1.0000         0.0782        63.8538     -0.0688
1842    0.0453        1.0000         0.0788        63.8504     -0.0689
1843    0.0452        1.0000         0.0782        63.8468     -0.0691
1844    0.0451        1.0000         0.0783        63.8432     -0.0694
1845    0.0450        1.0000         0.0786        63.8397     -0.0695
Epoch    Loss        Train Acc      Test Acc       L2 Norm   Dropout Gap
1846    0.0449        1.0000         0.0783        63.8361     -0.0666
1847    0.0449
              Per-Epoch  Results
                      1.0000
                                 (page   42
                                     0.0788
                                             of 223)
                                                   63.8327     -0.0660
1848    0.0449        1.0000         0.0788        63.8290     -0.0692
1849    0.0449        1.0000         0.0788        63.8257     -0.0685
1850    0.0449        1.0000         0.0789        63.8221     -0.0700
1851    0.0448        1.0000         0.0792        63.8188     -0.0695
1852    0.0446        1.0000         0.0796        63.8153     -0.0697
1853    0.0446        1.0000         0.0797        63.8120     -0.0700
1854    0.0445        1.0000         0.0799        63.8088     -0.0695
1855    0.0444        1.0000         0.0797        63.8055     -0.0701
1856    0.0444        1.0000         0.0797        63.8023     -0.0698
1857    0.0444        1.0000         0.0794        63.7991     -0.0688
1858    0.0444        1.0000         0.0805        63.7962     -0.0709
1859    0.0443        1.0000         0.0803        63.7932     -0.0706
1860    0.0441        1.0000         0.0805        63.7905     -0.0706
1861    0.0440        1.0000         0.0809        63.7877     -0.0704
1862    0.0440        1.0000         0.0803        63.7848     -0.0703
1863    0.0440        1.0000         0.0808        63.7821     -0.0727
1864    0.0440        1.0000         0.0806        63.7794     -0.0706
1865    0.0439        1.0000         0.0811        63.7771     -0.0698
1866    0.0438        1.0000         0.0812        63.7745     -0.0703
1867    0.0437        1.0000         0.0814        63.7721     -0.0697
1868    0.0436        1.0000         0.0814        63.7695     -0.0712
1869    0.0436        1.0000         0.0814        63.7670     -0.0729
1870    0.0436        1.0000         0.0817        63.7646     -0.0726
1871    0.0435        1.0000         0.0821        63.7622     -0.0736
1872    0.0434        1.0000         0.0817        63.7598     -0.0732
1873    0.0433        1.0000         0.0818        63.7572     -0.0712
1874    0.0432        1.0000         0.0823        63.7547     -0.0727
1875    0.0432        1.0000         0.0818        63.7523     -0.0714
1876    0.0432        1.0000         0.0820        63.7498     -0.0727
1877    0.0431        1.0000         0.0818        63.7473     -0.0717
1878    0.0430        1.0000         0.0820        63.7448     -0.0709
1879    0.0429        1.0000         0.0817        63.7423     -0.0698
1880    0.0429        1.0000         0.0821        63.7398     -0.0709
1881    0.0428        1.0000         0.0820        63.7372     -0.0714
1882    0.0428        1.0000         0.0818        63.7349     -0.0717
1883    0.0428        1.0000         0.0821        63.7324     -0.0735
1884    0.0428        1.0000         0.0821        63.7301     -0.0729
1885    0.0426        1.0000         0.0823        63.7278     -0.0714
1886    0.0425        1.0000         0.0820        63.7255     -0.0733
1887    0.0425        1.0000         0.0823        63.7233     -0.0735
1888    0.0425        1.0000         0.0823        63.7209     -0.0729
1889    0.0425        1.0000         0.0823        63.7187     -0.0726
1890    0.0424        1.0000         0.0824        63.7164     -0.0714
Epoch    Loss        Train Acc      Test Acc       L2 Norm   Dropout Gap
1891    0.0423        1.0000         0.0824        63.7143     -0.0721
1892    0.0422
              Per-Epoch  Results
                      1.0000
                                 (page   43
                                     0.0823
                                             of 223)
                                                   63.7123     -0.0735
1893    0.0422        1.0000         0.0824        63.7101     -0.0727
1894    0.0422        1.0000         0.0823        63.7080     -0.0735
1895    0.0422        1.0000         0.0823        63.7058     -0.0704
1896    0.0421        1.0000         0.0823        63.7039     -0.0726
1897    0.0420        1.0000         0.0826        63.7020     -0.0710
1898    0.0420        1.0000         0.0827        63.7000     -0.0726
1899    0.0420        1.0000         0.0830        63.6982     -0.0732
1900    0.0420        1.0000         0.0827        63.6961     -0.0723
1901    0.0419        1.0000         0.0830        63.6943     -0.0712
1902    0.0418        1.0000         0.0835        63.6926     -0.0747
1903    0.0418        1.0000         0.0832        63.6907     -0.0724
1904    0.0418        1.0000         0.0830        63.6889     -0.0755
1905    0.0417        1.0000         0.0833        63.6869     -0.0753
1906    0.0416        1.0000         0.0832        63.6850     -0.0748
1907    0.0416        1.0000         0.0835        63.6833     -0.0753
1908    0.0416        1.0000         0.0833        63.6814     -0.0739
1909    0.0415        1.0000         0.0836        63.6796     -0.0739
1910    0.0414        1.0000         0.0843        63.6777     -0.0768
1911    0.0414        1.0000         0.0838        63.6759     -0.0755
1912    0.0414        1.0000         0.0843        63.6742     -0.0739
1913    0.0413        1.0000         0.0843        63.6724     -0.0751
1914    0.0413        1.0000         0.0844        63.6706     -0.0733
1915    0.0412        1.0000         0.0849        63.6688     -0.0756
1916    0.0412        1.0000         0.0843        63.6670     -0.0720
1917    0.0412        1.0000         0.0856        63.6654     -0.0738
1918    0.0412        1.0000         0.0846        63.6636     -0.0765
1919    0.0411        1.0000         0.0850        63.6617     -0.0768
1920    0.0410        1.0000         0.0852        63.6599     -0.0765
1921    0.0410        1.0000         0.0852        63.6580     -0.0756
1922    0.0410        1.0000         0.0859        63.6561     -0.0765
1923    0.0410        1.0000         0.0855        63.6542     -0.0735
1924    0.0410        1.0000         0.0862        63.6524     -0.0751
1925    0.0409        1.0000         0.0856        63.6505     -0.0729
1926    0.0408        1.0000         0.0858        63.6487     -0.0758
1927    0.0408        1.0000         0.0864        63.6469     -0.0776
1928    0.0408        1.0000         0.0856        63.6450     -0.0745
1929    0.0408        1.0000         0.0864        63.6432     -0.0759
1930    0.0408        1.0000         0.0859        63.6414     -0.0770
1931    0.0407        1.0000         0.0862        63.6399     -0.0744
1932    0.0406        1.0000         0.0864        63.6382     -0.0771
1933    0.0406        1.0000         0.0862        63.6364     -0.0744
1934    0.0406        1.0000         0.0867        63.6349     -0.0774
1935    0.0406        1.0000         0.0864        63.6333     -0.0767
Epoch    Loss        Train Acc      Test Acc       L2 Norm   Dropout Gap
1936    0.0406        1.0000         0.0867        63.6319     -0.0756
1937    0.0405
              Per-Epoch  Results
                      1.0000
                                 (page   44
                                     0.0867
                                             of 223)
                                                   63.6302     -0.0748
1938    0.0404        1.0000         0.0868        63.6288     -0.0750
1939    0.0404        1.0000         0.0870        63.6276     -0.0767
1940    0.0404        1.0000         0.0868        63.6262     -0.0786
1941    0.0404        1.0000         0.0868        63.6251     -0.0761
1942    0.0404        1.0000         0.0868        63.6238     -0.0765
1943    0.0404        1.0000         0.0871        63.6228     -0.0767
1944    0.0403        1.0000         0.0876        63.6217     -0.0759
1945    0.0402        1.0000         0.0871        63.6208     -0.0748
1946    0.0402        1.0000         0.0871        63.6199     -0.0765
1947    0.0401        1.0000         0.0874        63.6188     -0.0779
1948    0.0401        1.0000         0.0874        63.6179     -0.0773
1949    0.0401        1.0000         0.0877        63.6170     -0.0770
1950    0.0401        1.0000         0.0874        63.6163     -0.0759
1951    0.0401        1.0000         0.0879        63.6156     -0.0755
1952    0.0401        1.0000         0.0877        63.6149     -0.0776
1953    0.0400        1.0000         0.0877        63.6141     -0.0788
1954    0.0399        1.0000         0.0879        63.6134     -0.0779
1955    0.0399        1.0000         0.0881        63.6128     -0.0770
1956    0.0399        1.0000         0.0884        63.6120     -0.0779
1957    0.0399        1.0000         0.0881        63.6113     -0.0792
1958    0.0398        1.0000         0.0881        63.6108     -0.0783
1959    0.0397        1.0000         0.0882        63.6103     -0.0782
1960    0.0397        1.0000         0.0885        63.6098     -0.0764
1961    0.0397        1.0000         0.0885        63.6091     -0.0791
1962    0.0397        1.0000         0.0884        63.6086     -0.0791
1963    0.0396        1.0000         0.0888        63.6083     -0.0774
1964    0.0396        1.0000         0.0888        63.6078     -0.0791
1965    0.0396        1.0000         0.0887        63.6075     -0.0792
1966    0.0396        1.0000         0.0891        63.6072     -0.0791
1967    0.0396        1.0000         0.0891        63.6069     -0.0796
1968    0.0395        1.0000         0.0891        63.6067     -0.0799
1969    0.0394        1.0000         0.0891        63.6066     -0.0785
1970    0.0394        1.0000         0.0893        63.6065     -0.0821
1971    0.0394        1.0000         0.0896        63.6063     -0.0780
1972    0.0393        1.0000         0.0894        63.6062     -0.0774
1973    0.0393        1.0000         0.0894        63.6063     -0.0768
1974    0.0393        1.0000         0.0899        63.6064     -0.0800
1975    0.0393        1.0000         0.0896        63.6066     -0.0809
1976    0.0392        1.0000         0.0897        63.6068     -0.0800
1977    0.0391        1.0000         0.0902        63.6071     -0.0788
1978    0.0391        1.0000         0.0902        63.6075     -0.0779
1979    0.0391        1.0000         0.0906        63.6078     -0.0820
1980    0.0390        1.0000         0.0903        63.6083     -0.0800
Epoch    Loss        Train Acc      Test Acc       L2 Norm   Dropout Gap
1981    0.0389        1.0000         0.0906        63.6089     -0.0815
1982    0.0389
              Per-Epoch  Results
                      1.0000
                                 (page   45
                                     0.0900
                                             of 223)
                                                   63.6094     -0.0799
1983    0.0389        1.0000         0.0905        63.6102     -0.0803
1984    0.0389        1.0000         0.0906        63.6108     -0.0821
1985    0.0388        1.0000         0.0906        63.6114     -0.0805
1986    0.0387        1.0000         0.0905        63.6120     -0.0805
1987    0.0387        1.0000         0.0908        63.6127     -0.0803
1988    0.0387        1.0000         0.0909        63.6136     -0.0811
1989    0.0387        1.0000         0.0909        63.6142     -0.0806
1990    0.0386        1.0000         0.0909        63.6151     -0.0815
1991    0.0386        1.0000         0.0912        63.6159     -0.0836
1992    0.0385        1.0000         0.0915        63.6166     -0.0821
1993    0.0385        1.0000         0.0914        63.6173     -0.0809
1994    0.0385        1.0000         0.0917        63.6179     -0.0805
1995    0.0385        1.0000         0.0918        63.6186     -0.0820
1996    0.0384        1.0000         0.0914        63.6193     -0.0814
1997    0.0384        1.0000         0.0918        63.6200     -0.0829
1998    0.0383        1.0000         0.0920        63.6207     -0.0812
1999    0.0383        1.0000         0.0920        63.6214     -0.0812
2000    0.0382        1.0000         0.0922        63.6219     -0.0830
2001    0.0382        1.0000         0.0925        63.6224     -0.0811
2002    0.0382        1.0000         0.0926        63.6232     -0.0805
2003    0.0382        1.0000         0.0926        63.6236     -0.0835
2004    0.0382        1.0000         0.0929        63.6240     -0.0818
2005    0.0382        1.0000         0.0929        63.6243     -0.0829
2006    0.0381        1.0000         0.0931        63.6250     -0.0815
2007    0.0380        1.0000         0.0929        63.6256     -0.0826
2008    0.0380        1.0000         0.0928        63.6259     -0.0824
2009    0.0380        1.0000         0.0934        63.6263     -0.0835
2010    0.0380        1.0000         0.0931        63.6267     -0.0841
2011    0.0380        1.0000         0.0937        63.6271     -0.0826
2012    0.0379        1.0000         0.0934        63.6274     -0.0833
2013    0.0378        1.0000         0.0935        63.6278     -0.0846
2014    0.0378        1.0000         0.0935        63.6282     -0.0827
2015    0.0378        1.0000         0.0935        63.6285     -0.0821
2016    0.0378        1.0000         0.0932        63.6290     -0.0808
2017    0.0378        1.0000         0.0932        63.6294     -0.0830
2018    0.0377        1.0000         0.0935        63.6299     -0.0855
2019    0.0376        1.0000         0.0938        63.6305     -0.0844
2020    0.0376        1.0000         0.0934        63.6311     -0.0797
2021    0.0376        1.0000         0.0934        63.6317     -0.0827
2022    0.0376        1.0000         0.0937        63.6322     -0.0835
2023    0.0375        1.0000         0.0938        63.6330     -0.0812
2024    0.0375        1.0000         0.0938        63.6337     -0.0836
2025    0.0374        1.0000         0.0935        63.6343     -0.0821
Epoch    Loss        Train Acc      Test Acc       L2 Norm   Dropout Gap
2026    0.0374        1.0000         0.0940        63.6352     -0.0832
2027    0.0374
              Per-Epoch  Results
                      1.0000
                                 (page   46
                                     0.0940
                                             of 223)
                                                   63.6361     -0.0832
2028    0.0374        1.0000         0.0943        63.6372     -0.0858
2029    0.0373        1.0000         0.0938        63.6382     -0.0859
2030    0.0372        1.0000         0.0941        63.6393     -0.0843
2031    0.0372        1.0000         0.0944        63.6405     -0.0846
2032    0.0371        1.0000         0.0941        63.6417     -0.0814
2033    0.0371        1.0000         0.0946        63.6430     -0.0836
2034    0.0370        1.0000         0.0944        63.6442     -0.0821
2035    0.0370        1.0000         0.0944        63.6457     -0.0865
2036    0.0370        1.0000         0.0943        63.6469     -0.0844
2037    0.0370        1.0000         0.0941        63.6483     -0.0841
2038    0.0369        1.0000         0.0944        63.6497     -0.0852
2039    0.0368        1.0000         0.0946        63.6512     -0.0855
2040    0.0368        1.0000         0.0949        63.6526     -0.0830
2041    0.0368        1.0000         0.0949        63.6539     -0.0836
2042    0.0367        1.0000         0.0947        63.6555     -0.0844
2043    0.0366        1.0000         0.0950        63.6571     -0.0841
2044    0.0366        1.0000         0.0952        63.6589     -0.0858
2045    0.0365        1.0000         0.0956        63.6607     -0.0846
2046    0.0365        1.0000         0.0953        63.6623     -0.0862
2047    0.0365        1.0000         0.0953        63.6638     -0.0844
2048    0.0364        1.0000         0.0956        63.6654     -0.0862
2049    0.0363        1.0000         0.0956        63.6670     -0.0864
2050    0.0363        1.0000         0.0959        63.6688     -0.0864
2051    0.0363        1.0000         0.0956        63.6703     -0.0849
2052    0.0362        1.0000         0.0956        63.6718     -0.0870
2053    0.0362        1.0000         0.0963        63.6734     -0.0873
2054    0.0361        1.0000         0.0961        63.6750     -0.0867
2055    0.0361        1.0000         0.0966        63.6766     -0.0870
2056    0.0360        1.0000         0.0961        63.6780     -0.0846
2057    0.0360        1.0000         0.0961        63.6794     -0.0820
2058    0.0360        1.0000         0.0964        63.6810     -0.0850
2059    0.0360        1.0000         0.0963        63.6825     -0.0867
2060    0.0359        1.0000         0.0966        63.6839     -0.0838
2061    0.0358        1.0000         0.0964        63.6853     -0.0876
2062    0.0358        1.0000         0.0961        63.6866     -0.0817
2063    0.0358        1.0000         0.0967        63.6882     -0.0849
2064    0.0358        1.0000         0.0966        63.6895     -0.0877
2065    0.0357        1.0000         0.0967        63.6910     -0.0841
2066    0.0357        1.0000         0.0963        63.6924     -0.0861
2067    0.0356        1.0000         0.0967        63.6939     -0.0877
2068    0.0356        1.0000         0.0964        63.6955     -0.0870
2069    0.0355        1.0000         0.0966        63.6970     -0.0894
2070    0.0355        1.0000         0.0970        63.6986     -0.0881
Epoch    Loss        Train Acc      Test Acc       L2 Norm   Dropout Gap
2071    0.0355        1.0000         0.0970        63.7000     -0.0846
2072    0.0355
              Per-Epoch  Results
                      1.0000
                                 (page   47
                                     0.0972
                                             of 223)
                                                   63.7016     -0.0865
2073    0.0354        1.0000         0.0970        63.7033     -0.0864
2074    0.0354        1.0000         0.0970        63.7049     -0.0867
2075    0.0353        1.0000         0.0972        63.7066     -0.0862
2076    0.0353        1.0000         0.0970        63.7083     -0.0868
2077    0.0353        1.0000         0.0972        63.7101     -0.0870
2078    0.0352        1.0000         0.0970        63.7118     -0.0870
2079    0.0352        1.0000         0.0973        63.7136     -0.0870
2080    0.0351        1.0000         0.0979        63.7154     -0.0871
2081    0.0351        1.0000         0.0973        63.7172     -0.0859
2082    0.0351        1.0000         0.0979        63.7191     -0.0873
2083    0.0350        1.0000         0.0978        63.7209     -0.0864
2084    0.0350        1.0000         0.0981        63.7228     -0.0882
2085    0.0349        1.0000         0.0979        63.7248     -0.0855
2086    0.0349        1.0000         0.0982        63.7267     -0.0899
2087    0.0348        1.0000         0.0981        63.7286     -0.0871
2088    0.0348        1.0000         0.0982        63.7305     -0.0879
2089    0.0347        1.0000         0.0984        63.7324     -0.0870
2090    0.0347        1.0000         0.0982        63.7344     -0.0882
2091    0.0346        1.0000         0.0988        63.7363     -0.0900
2092    0.0346        1.0000         0.0987        63.7383     -0.0887
2093    0.0346        1.0000         0.0988        63.7403     -0.0893
2094    0.0345        1.0000         0.0991        63.7423     -0.0902
2095    0.0345        1.0000         0.0982        63.7440     -0.0879
2096    0.0345        1.0000         0.0997        63.7462     -0.0890
2097    0.0345        1.0000         0.0988        63.7482     -0.0874
2098    0.0344        1.0000         0.0993        63.7502     -0.0909
2099    0.0343        1.0000         0.0996        63.7522     -0.0868
2100    0.0343        1.0000         0.0993        63.7542     -0.0896
2101    0.0343        1.0000         0.0996        63.7565     -0.0890
2102    0.0343        1.0000         0.0996        63.7588     -0.0897
2103    0.0342        1.0000         0.1000        63.7611     -0.0897
2104    0.0342        1.0000         0.0996        63.7635     -0.0918
2105    0.0341        1.0000         0.0999        63.7658     -0.0881
2106    0.0341        1.0000         0.1002        63.7683     -0.0877
2107    0.0340        1.0000         0.0996        63.7708     -0.0882
2108    0.0340        1.0000         0.1000        63.7733     -0.0885
2109    0.0340        1.0000         0.0999        63.7758     -0.0876
2110    0.0339        1.0000         0.1005        63.7782     -0.0879
2111    0.0339        1.0000         0.0999        63.7809     -0.0917
2112    0.0338        1.0000         0.1003        63.7836     -0.0900
2113    0.0338        1.0000         0.1000        63.7864     -0.0873
2114    0.0338        1.0000         0.1000        63.7890     -0.0888
2115    0.0337        1.0000         0.1002        63.7916     -0.0891
Epoch    Loss        Train Acc      Test Acc       L2 Norm   Dropout Gap
2116    0.0337        1.0000         0.1005        63.7942     -0.0893
2117    0.0337
              Per-Epoch  Results
                      1.0000
                                 (page   48
                                     0.1005
                                             of 223)
                                                   63.7970     -0.0917
2118    0.0336        1.0000         0.1003        63.7999     -0.0912
2119    0.0336        1.0000         0.1002        63.8027     -0.0905
2120    0.0335        1.0000         0.1008        63.8053     -0.0887
2121    0.0335        1.0000         0.1007        63.8080     -0.0900
2122    0.0335        1.0000         0.1007        63.8108     -0.0897
2123    0.0334        1.0000         0.1008        63.8136     -0.0915
2124    0.0334        1.0000         0.1005        63.8163     -0.0891
2125    0.0334        1.0000         0.1008        63.8189     -0.0900
2126    0.0334        1.0000         0.1007        63.8214     -0.0899
2127    0.0333        1.0000         0.1010        63.8240     -0.0922
2128    0.0333        1.0000         0.1007        63.8266     -0.0914
2129    0.0332        1.0000         0.1007        63.8292     -0.0891
2130    0.0332        1.0000         0.1010        63.8317     -0.0882
2131    0.0331        1.0000         0.1010        63.8341     -0.0884
2132    0.0331        1.0000         0.1010        63.8366     -0.0925
2133    0.0331        1.0000         0.1010        63.8389     -0.0906
2134    0.0331        1.0000         0.1011        63.8413     -0.0900
2135    0.0331        1.0000         0.1013        63.8437     -0.0897
2136    0.0330        1.0000         0.1016        63.8461     -0.0917
2137    0.0330        1.0000         0.1019        63.8484     -0.0926
2138    0.0330        1.0000         0.1014        63.8507     -0.0929
2139    0.0330        1.0000         0.1017        63.8530     -0.0926
2140    0.0330        1.0000         0.1014        63.8553     -0.0915
2141    0.0329        1.0000         0.1014        63.8578     -0.0896
2142    0.0329        1.0000         0.1017        63.8602     -0.0902
2143    0.0329        1.0000         0.1014        63.8623     -0.0917
2144    0.0328        1.0000         0.1017        63.8644     -0.0915
2145    0.0328        1.0000         0.1022        63.8666     -0.0900
2146    0.0327        1.0000         0.1019        63.8688     -0.0903
2147    0.0327        1.0000         0.1023        63.8710     -0.0900
2148    0.0327        1.0000         0.1014        63.8730     -0.0922
2149    0.0327        1.0000         0.1019        63.8751     -0.0917
2150    0.0327        1.0000         0.1019        63.8772     -0.0911
2151    0.0326        1.0000         0.1022        63.8793     -0.0906
2152    0.0326        1.0000         0.1023        63.8814     -0.0914
2153    0.0326        1.0000         0.1022        63.8833     -0.0897
2154    0.0326        1.0000         0.1026        63.8852     -0.0925
2155    0.0326        1.0000         0.1028        63.8872     -0.0935
2156    0.0326        1.0000         0.1022        63.8892     -0.0943
2157    0.0325        1.0000         0.1025        63.8912     -0.0929
2158    0.0325        1.0000         0.1029        63.8931     -0.0920
2159    0.0325        1.0000         0.1029        63.8949     -0.0926
2160    0.0325        1.0000         0.1029        63.8967     -0.0925
Epoch    Loss        Train Acc      Test Acc       L2 Norm   Dropout Gap
2161    0.0325        1.0000         0.1026        63.8985     -0.0903
2162    0.0324
              Per-Epoch  Results
                      1.0000
                                 (page   49
                                     0.1034
                                             of 223)
                                                   63.9003     -0.0923
2163    0.0324        1.0000         0.1028        63.9020     -0.0917
2164    0.0324        1.0000         0.1032        63.9037     -0.0931
2165    0.0324        1.0000         0.1034        63.9055     -0.0934
2166    0.0323        1.0000         0.1037        63.9073     -0.0908
2167    0.0323        1.0000         0.1031        63.9090     -0.0941
2168    0.0323        1.0000         0.1035        63.9107     -0.0923
2169    0.0323        1.0000         0.1035        63.9124     -0.0938
2170    0.0323        1.0000         0.1035        63.9142     -0.0928
2171    0.0322        1.0000         0.1037        63.9159     -0.0956
2172    0.0322        1.0000         0.1037        63.9174     -0.0926
2173    0.0322        1.0000         0.1037        63.9191     -0.0938
2174    0.0322        1.0000         0.1037        63.9207     -0.0952
2175    0.0322        1.0000         0.1037        63.9223     -0.0932
2176    0.0322        1.0000         0.1041        63.9239     -0.0946
2177    0.0321        1.0000         0.1044        63.9254     -0.0935
2178    0.0321        1.0000         0.1046        63.9270     -0.0949
2179    0.0321        1.0000         0.1046        63.9285     -0.0950
2180    0.0321        1.0000         0.1044        63.9300     -0.0937
2181    0.0321        1.0000         0.1043        63.9314     -0.0932
2182    0.0320        1.0000         0.1048        63.9328     -0.0944
2183    0.0320        1.0000         0.1046        63.9344     -0.0944
2184    0.0320        1.0000         0.1048        63.9357     -0.0952
2185    0.0320        1.0000         0.1049        63.9371     -0.0938
2186    0.0320        1.0000         0.1051        63.9385     -0.0929
2187    0.0319        1.0000         0.1051        63.9400     -0.0946
2188    0.0319        1.0000         0.1046        63.9414     -0.0955
2189    0.0319        1.0000         0.1048        63.9426     -0.0941
2190    0.0319        1.0000         0.1051        63.9439     -0.0940
2191    0.0319        1.0000         0.1052        63.9454     -0.0956
2192    0.0318        1.0000         0.1051        63.9469     -0.0940
2193    0.0318        1.0000         0.1052        63.9482     -0.0963
2194    0.0318        1.0000         0.1049        63.9495     -0.0966
2195    0.0318        1.0000         0.1051        63.9508     -0.0956
2196    0.0318        1.0000         0.1057        63.9522     -0.0946
2197    0.0317        1.0000         0.1057        63.9537     -0.0950
2198    0.0317        1.0000         0.1052        63.9551     -0.0928
2199    0.0317        1.0000         0.1054        63.9564     -0.0955
2200    0.0317        1.0000         0.1058        63.9577     -0.0940
2201    0.0317        1.0000         0.1060        63.9590     -0.0944
2202    0.0316        1.0000         0.1058        63.9604     -0.0944
2203    0.0316        1.0000         0.1058        63.9616     -0.0950
2204    0.0316        1.0000         0.1061        63.9628     -0.0950
2205    0.0316        1.0000         0.1063        63.9641     -0.0967
Epoch    Loss        Train Acc      Test Acc       L2 Norm   Dropout Gap
2206    0.0316        1.0000         0.1058        63.9655     -0.0944
2207    0.0316
              Per-Epoch  Results
                      1.0000
                                 (page   50
                                     0.1064
                                             of 223)
                                                   63.9669     -0.0970
2208    0.0316        1.0000         0.1058        63.9681     -0.0978
2209    0.0316        1.0000         0.1064        63.9694     -0.0970
2210    0.0315        1.0000         0.1064        63.9707     -0.0969
2211    0.0315        1.0000         0.1066        63.9721     -0.0973
2212    0.0314        1.0000         0.1063        63.9735     -0.0964
2213    0.0314        1.0000         0.1060        63.9748     -0.0953
2214    0.0315        1.0000         0.1063        63.9761     -0.0961
2215    0.0314        1.0000         0.1067        63.9774     -0.0964
2216    0.0314        1.0000         0.1066        63.9788     -0.0947
2217    0.0314        1.0000         0.1066        63.9802     -0.0953
2218    0.0313        1.0000         0.1066        63.9815     -0.0970
2219    0.0313        1.0000         0.1067        63.9828     -0.0981
2220    0.0313        1.0000         0.1067        63.9841     -0.0952
2221    0.0313        1.0000         0.1067        63.9854     -0.0958
2222    0.0313        1.0000         0.1069        63.9867     -0.0964
2223    0.0313        1.0000         0.1067        63.9881     -0.0964
2224    0.0312        1.0000         0.1070        63.9894     -0.0978
2225    0.0312        1.0000         0.1069        63.9906     -0.0979
2226    0.0312        1.0000         0.1072        63.9920     -0.0966
2227    0.0312        1.0000         0.1067        63.9933     -0.0946
2228    0.0312        1.0000         0.1069        63.9946     -0.0950
2229    0.0311        1.0000         0.1070        63.9958     -0.0943
2230    0.0311        1.0000         0.1073        63.9972     -0.0979
2231    0.0312        1.0000         0.1072        63.9986     -0.0947
2232    0.0311        1.0000         0.1072        64.0000     -0.0966
2233    0.0311        1.0000         0.1075        64.0013     -0.0966
2234    0.0311        1.0000         0.1075        64.0026     -0.0982
2235    0.0311        1.0000         0.1072        64.0040     -0.0985
2236    0.0310        1.0000         0.1073        64.0054     -0.0973
2237    0.0310        1.0000         0.1075        64.0068     -0.0973
2238    0.0310        1.0000         0.1078        64.0082     -0.0956
2239    0.0310        1.0000         0.1075        64.0096     -0.0955
2240    0.0310        1.0000         0.1078        64.0108     -0.0972
2241    0.0309        1.0000         0.1078        64.0121     -0.0976
2242    0.0309        1.0000         0.1076        64.0135     -0.0984
2243    0.0309        1.0000         0.1076        64.0147     -0.0991
2244    0.0309        1.0000         0.1075        64.0159     -0.0978
2245    0.0309        1.0000         0.1082        64.0172     -0.0988
2246    0.0308        1.0000         0.1078        64.0185     -0.0979
2247    0.0308        1.0000         0.1081        64.0197     -0.0956
2248    0.0308        1.0000         0.1084        64.0208     -0.0963
2249    0.0308        1.0000         0.1084        64.0220     -0.0976
2250    0.0308        1.0000         0.1084        64.0232     -0.0978
Epoch    Loss        Train Acc      Test Acc       L2 Norm   Dropout Gap
2251    0.0307        1.0000         0.1085        64.0244     -0.0984
2252    0.0307
              Per-Epoch  Results
                      1.0000
                                 (page   51
                                     0.1087
                                             of 223)
                                                   64.0255     -0.0976
2253    0.0307        1.0000         0.1092        64.0268     -0.0994
2254    0.0307        1.0000         0.1092        64.0280     -0.1002
2255    0.0307        1.0000         0.1089        64.0291     -0.0970
2256    0.0306        1.0000         0.1090        64.0303     -0.0967
2257    0.0306        1.0000         0.1092        64.0315     -0.0984
2258    0.0306        1.0000         0.1090        64.0328     -0.1003
2259    0.0305        1.0000         0.1095        64.0340     -0.0975
2260    0.0305        1.0000         0.1090        64.0351     -0.0982
2261    0.0305        1.0000         0.1095        64.0363     -0.0987
2262    0.0305        1.0000         0.1093        64.0374     -0.1002
2263    0.0305        1.0000         0.1093        64.0386     -0.1000
2264    0.0304        1.0000         0.1099        64.0397     -0.0997
2265    0.0304        1.0000         0.1095        64.0408     -0.0999
2266    0.0304        1.0000         0.1102        64.0419     -0.0994
2267    0.0304        1.0000         0.1098        64.0429     -0.0987
2268    0.0304        1.0000         0.1098        64.0440     -0.1007
2269    0.0303        1.0000         0.1099        64.0450     -0.0984
2270    0.0303        1.0000         0.1104        64.0459     -0.0964
2271    0.0303        1.0000         0.1104        64.0469     -0.0984
2272    0.0303        1.0000         0.1101        64.0479     -0.0994
2273    0.0303        1.0000         0.1105        64.0489     -0.0990
2274    0.0302        1.0000         0.1102        64.0499     -0.0988
2275    0.0302        1.0000         0.1104        64.0510     -0.0996
2276    0.0302        1.0000         0.1102        64.0520     -0.0993
2277    0.0302        1.0000         0.1104        64.0529     -0.0990
2278    0.0301        1.0000         0.1104        64.0540     -0.0993
2279    0.0301        1.0000         0.1105        64.0549     -0.0991
2280    0.0301        1.0000         0.1104        64.0558     -0.0981
2281    0.0300        1.0000         0.1107        64.0568     -0.1002
2282    0.0300        1.0000         0.1111        64.0577     -0.1008
2283    0.0300        1.0000         0.1111        64.0586     -0.0979
2284    0.0300        1.0000         0.1113        64.0595     -0.1003
2285    0.0300        1.0000         0.1113        64.0604     -0.1011
2286    0.0299        1.0000         0.1113        64.0613     -0.1002
2287    0.0299        1.0000         0.1116        64.0623     -0.1011
2288    0.0299        1.0000         0.1114        64.0632     -0.1019
2289    0.0299        1.0000         0.1117        64.0641     -0.1013
2290    0.0299        1.0000         0.1113        64.0651     -0.1008
2291    0.0298        1.0000         0.1116        64.0660     -0.1007
2292    0.0298        1.0000         0.1117        64.0669     -0.0997
2293    0.0298        1.0000         0.1117        64.0679     -0.0973
2294    0.0298        1.0000         0.1117        64.0688     -0.1020
2295    0.0297        1.0000         0.1116        64.0696     -0.1008
Epoch    Loss        Train Acc      Test Acc       L2 Norm   Dropout Gap
2296    0.0297        1.0000         0.1120        64.0704     -0.0996
2297    0.0297
              Per-Epoch  Results
                      1.0000
                                 (page   52
                                     0.1125
                                             of 223)
                                                   64.0714     -0.0999
2298    0.0297        1.0000         0.1125        64.0722     -0.1013
2299    0.0296        1.0000         0.1120        64.0730     -0.1019
2300    0.0296        1.0000         0.1125        64.0739     -0.1020
2301    0.0296        1.0000         0.1120        64.0748     -0.1020
2302    0.0296        1.0000         0.1125        64.0756     -0.1048
2303    0.0296        1.0000         0.1126        64.0764     -0.1029
2304    0.0295        1.0000         0.1126        64.0770     -0.1032
2305    0.0295        1.0000         0.1126        64.0778     -0.1023
2306    0.0295        1.0000         0.1128        64.0785     -0.1020
2307    0.0295        1.0000         0.1134        64.0792     -0.1035
2308    0.0295        1.0000         0.1133        64.0801     -0.1022
2309    0.0294        1.0000         0.1131        64.0808     -0.1019
2310    0.0294        1.0000         0.1129        64.0814     -0.1019
2311    0.0294        1.0000         0.1129        64.0821     -0.1020
2312    0.0294        1.0000         0.1134        64.0828     -0.1026
2313    0.0293        1.0000         0.1137        64.0835     -0.1026
2314    0.0293        1.0000         0.1140        64.0842     -0.1028
2315    0.0293        1.0000         0.1142        64.0848     -0.1046
2316    0.0292        1.0000         0.1139        64.0855     -0.1026
2317    0.0292        1.0000         0.1137        64.0860     -0.1041
2318    0.0292        1.0000         0.1145        64.0866     -0.1032
2319    0.0292        1.0000         0.1142        64.0870     -0.1026
2320    0.0291        1.0000         0.1140        64.0875     -0.1029
2321    0.0291        1.0000         0.1142        64.0879     -0.1044
2322    0.0291        1.0000         0.1139        64.0885     -0.1057
2323    0.0291        1.0000         0.1145        64.0891     -0.1035
2324    0.0291        1.0000         0.1148        64.0895     -0.1048
2325    0.0290        1.0000         0.1146        64.0899     -0.1022
2326    0.0290        1.0000         0.1146        64.0904     -0.1017
2327    0.0290        1.0000         0.1145        64.0908     -0.1037
2328    0.0289        1.0000         0.1151        64.0912     -0.1038
2329    0.0289        1.0000         0.1146        64.0916     -0.1048
2330    0.0289        1.0000         0.1151        64.0921     -0.1057
2331    0.0289        1.0000         0.1148        64.0924     -0.1034
2332    0.0289        1.0000         0.1154        64.0929     -0.1035
2333    0.0288        1.0000         0.1151        64.0935     -0.1055
2334    0.0288        1.0000         0.1149        64.0940     -0.1032
2335    0.0288        1.0000         0.1152        64.0944     -0.1055
2336    0.0287        1.0000         0.1157        64.0950     -0.1032
2337    0.0287        1.0000         0.1151        64.0957     -0.1028
2338    0.0287        1.0000         0.1152        64.0964     -0.1052
2339    0.0287        1.0000         0.1151        64.0971     -0.1029
2340    0.0287        1.0000         0.1155        64.0979     -0.1037
Epoch    Loss        Train Acc      Test Acc       L2 Norm   Dropout Gap
2341    0.0287        1.0000         0.1151        64.0988     -0.1025
2342    0.0286
              Per-Epoch  Results
                      1.0000
                                 (page   53
                                     0.1149
                                             of 223)
                                                   64.0998     -0.1067
2343    0.0286        1.0000         0.1148        64.1009     -0.1040
2344    0.0285        1.0000         0.1154        64.1022     -0.1054
2345    0.0285        1.0000         0.1148        64.1034     -0.1046
2346    0.0285        1.0000         0.1149        64.1046     -0.1043
2347    0.0285        1.0000         0.1151        64.1060     -0.1049
2348    0.0284        1.0000         0.1149        64.1074     -0.1031
2349    0.0284        1.0000         0.1152        64.1089     -0.1016
2350    0.0284        1.0000         0.1149        64.1105     -0.1051
2351    0.0283        1.0000         0.1146        64.1121     -0.1061
2352    0.0283        1.0000         0.1149        64.1139     -0.1058
2353    0.0282        1.0000         0.1146        64.1158     -0.1043
2354    0.0282        1.0000         0.1146        64.1175     -0.1020
2355    0.0282        1.0000         0.1149        64.1192     -0.1058
2356    0.0281        1.0000         0.1149        64.1211     -0.1051
2357    0.0281        1.0000         0.1154        64.1231     -0.1061
2358    0.0281        1.0000         0.1154        64.1250     -0.1060
2359    0.0280        1.0000         0.1155        64.1268     -0.1066
2360    0.0280        1.0000         0.1154        64.1288     -0.1038
2361    0.0279        1.0000         0.1157        64.1307     -0.1034
2362    0.0279        1.0000         0.1158        64.1326     -0.1038
2363    0.0279        1.0000         0.1158        64.1344     -0.1063
2364    0.0279        1.0000         0.1157        64.1364     -0.1034
2365    0.0278        1.0000         0.1160        64.1383     -0.1052
2366    0.0278        1.0000         0.1160        64.1400     -0.1031
2367    0.0277        1.0000         0.1158        64.1419     -0.1075
2368    0.0277        1.0000         0.1157        64.1439     -0.1044
2369    0.0277        1.0000         0.1161        64.1457     -0.1060
2370    0.0277        1.0000         0.1161        64.1474     -0.1057
2371    0.0277        1.0000         0.1163        64.1491     -0.1037
2372    0.0276        1.0000         0.1161        64.1508     -0.1038
2373    0.0276        1.0000         0.1161        64.1525     -0.1029
2374    0.0275        1.0000         0.1164        64.1541     -0.1054
2375    0.0275        1.0000         0.1166        64.1556     -0.1081
2376    0.0275        1.0000         0.1166        64.1571     -0.1044
2377    0.0275        1.0000         0.1166        64.1587     -0.1048
2378    0.0275        1.0000         0.1166        64.1601     -0.1081
2379    0.0274        1.0000         0.1167        64.1615     -0.1040
2380    0.0274        1.0000         0.1170        64.1630     -0.1057
2381    0.0274        1.0000         0.1180        64.1643     -0.1072
2382    0.0273        1.0000         0.1174        64.1656     -0.1058
2383    0.0273        1.0000         0.1183        64.1669     -0.1063
2384    0.0273        1.0000         0.1180        64.1682     -0.1038
2385    0.0273        1.0000         0.1178        64.1694     -0.1079
Epoch    Loss        Train Acc      Test Acc       L2 Norm   Dropout Gap
2386    0.0272        1.0000         0.1180        64.1707     -0.1063
2387    0.0272
              Per-Epoch  Results
                      1.0000
                                 (page   54
                                     0.1177
                                             of 223)
                                                   64.1719     -0.1075
2388    0.0272        1.0000         0.1184        64.1731     -0.1098
2389    0.0272        1.0000         0.1178        64.1743     -0.1048
2390    0.0272        1.0000         0.1186        64.1755     -0.1079
2391    0.0271        1.0000         0.1183        64.1767     -0.1061
2392    0.0271        1.0000         0.1184        64.1778     -0.1075
2393    0.0271        1.0000         0.1186        64.1788     -0.1092
2394    0.0271        1.0000         0.1186        64.1799     -0.1081
2395    0.0270        1.0000         0.1189        64.1810     -0.1092
2396    0.0270        1.0000         0.1187        64.1818     -0.1096
2397    0.0270        1.0000         0.1186        64.1828     -0.1105
2398    0.0270        1.0000         0.1187        64.1838     -0.1078
2399    0.0270        1.0000         0.1190        64.1847     -0.1099
2400    0.0270        1.0000         0.1190        64.1855     -0.1067
2401    0.0269        1.0000         0.1192        64.1864     -0.1096
2402    0.0269        1.0000         0.1190        64.1873     -0.1085
2403    0.0269        1.0000         0.1190        64.1883     -0.1067
2404    0.0268        1.0000         0.1192        64.1891     -0.1093
2405    0.0268        1.0000         0.1193        64.1900     -0.1108
2406    0.0268        1.0000         0.1192        64.1907     -0.1090
2407    0.0268        1.0000         0.1193        64.1915     -0.1099
2408    0.0268        1.0000         0.1195        64.1923     -0.1084
2409    0.0268        1.0000         0.1195        64.1932     -0.1096
2410    0.0267        1.0000         0.1199        64.1941     -0.1110
2411    0.0267        1.0000         0.1201        64.1949     -0.1076
2412    0.0267        1.0000         0.1201        64.1957     -0.1101
2413    0.0267        1.0000         0.1202        64.1964     -0.1092
2414    0.0267        1.0000         0.1204        64.1972     -0.1101
2415    0.0267        1.0000         0.1205        64.1980     -0.1096
2416    0.0266        1.0000         0.1210        64.1988     -0.1104
2417    0.0266        1.0000         0.1205        64.1995     -0.1095
2418    0.0266        1.0000         0.1208        64.2003     -0.1084
2419    0.0266        1.0000         0.1208        64.2009     -0.1110
2420    0.0265        1.0000         0.1210        64.2016     -0.1089
2421    0.0265        1.0000         0.1208        64.2024     -0.1107
2422    0.0265        1.0000         0.1210        64.2031     -0.1102
2423    0.0265        1.0000         0.1213        64.2036     -0.1110
2424    0.0265        1.0000         0.1213        64.2043     -0.1093
2425    0.0265        1.0000         0.1215        64.2049     -0.1108
2426    0.0264        1.0000         0.1213        64.2055     -0.1101
2427    0.0264        1.0000         0.1222        64.2061     -0.1123
2428    0.0264        1.0000         0.1221        64.2068     -0.1129
2429    0.0264        1.0000         0.1221        64.2075     -0.1105
2430    0.0264        1.0000         0.1221        64.2079     -0.1117
Epoch    Loss        Train Acc      Test Acc       L2 Norm   Dropout Gap
2431    0.0263        1.0000         0.1222        64.2083     -0.1098
2432    0.0263
              Per-Epoch  Results
                      1.0000
                                 (page   55
                                     0.1224
                                             of 223)
                                                   64.2089     -0.1110
2433    0.0263        1.0000         0.1222        64.2095     -0.1116
2434    0.0263        1.0000         0.1225        64.2099     -0.1116
2435    0.0263        1.0000         0.1222        64.2105     -0.1129
2436    0.0263        1.0000         0.1224        64.2111     -0.1107
2437    0.0263        1.0000         0.1224        64.2115     -0.1111
2438    0.0262        1.0000         0.1227        64.2118     -0.1117
2439    0.0262        1.0000         0.1228        64.2122     -0.1123
2440    0.0262        1.0000         0.1228        64.2127     -0.1128
2441    0.0262        1.0000         0.1227        64.2132     -0.1126
2442    0.0262        1.0000         0.1231        64.2137     -0.1134
2443    0.0261        1.0000         0.1230        64.2143     -0.1122
2444    0.0261        1.0000         0.1230        64.2149     -0.1114
2445    0.0261        1.0000         0.1230        64.2154     -0.1122
2446    0.0261        1.0000         0.1230        64.2159     -0.1116
2447    0.0261        1.0000         0.1230        64.2164     -0.1137
2448    0.0260        1.0000         0.1230        64.2169     -0.1113
2449    0.0260        1.0000         0.1234        64.2174     -0.1125
2450    0.0260        1.0000         0.1234        64.2180     -0.1136
2451    0.0260        1.0000         0.1239        64.2185     -0.1137
2452    0.0260        1.0000         0.1234        64.2190     -0.1107
2453    0.0260        1.0000         0.1237        64.2196     -0.1152
2454    0.0259        1.0000         0.1240        64.2200     -0.1122
2455    0.0259        1.0000         0.1243        64.2204     -0.1131
2456    0.0259        1.0000         0.1245        64.2208     -0.1136
2457    0.0259        1.0000         0.1245        64.2213     -0.1143
2458    0.0259        1.0000         0.1246        64.2219     -0.1120
2459    0.0259        1.0000         0.1243        64.2224     -0.1125
2460    0.0258        1.0000         0.1249        64.2230     -0.1154
2461    0.0258        1.0000         0.1248        64.2235     -0.1157
2462    0.0258        1.0000         0.1249        64.2240     -0.1166
2463    0.0258        1.0000         0.1248        64.2245     -0.1120
2464    0.0258        1.0000         0.1252        64.2252     -0.1152
2465    0.0257        1.0000         0.1249        64.2260     -0.1136
2466    0.0257        1.0000         0.1252        64.2269     -0.1142
2467    0.0257        1.0000         0.1259        64.2277     -0.1145
2468    0.0257        1.0000         0.1257        64.2287     -0.1140
2469    0.0257        1.0000         0.1252        64.2298     -0.1149
2470    0.0256        1.0000         0.1254        64.2308     -0.1137
2471    0.0256        1.0000         0.1260        64.2319     -0.1154
2472    0.0256        1.0000         0.1257        64.2332     -0.1152
2473    0.0255        1.0000         0.1259        64.2344     -0.1155
2474    0.0255        1.0000         0.1259        64.2357     -0.1151
2475    0.0255        1.0000         0.1259        64.2370     -0.1143
Epoch    Loss        Train Acc      Test Acc       L2 Norm   Dropout Gap
2476    0.0254        1.0000         0.1259        64.2385     -0.1146
2477    0.0254
              Per-Epoch  Results
                      1.0000
                                 (page   56
                                     0.1257
                                             of 223)
                                                   64.2399     -0.1140
2478    0.0254        1.0000         0.1259        64.2412     -0.1161
2479    0.0253        1.0000         0.1262        64.2426     -0.1158
2480    0.0253        1.0000         0.1260        64.2440     -0.1133
2481    0.0253        1.0000         0.1262        64.2455     -0.1155
2482    0.0252        1.0000         0.1263        64.2471     -0.1111
2483    0.0252        1.0000         0.1260        64.2488     -0.1139
2484    0.0252        1.0000         0.1266        64.2504     -0.1155
2485    0.0251        1.0000         0.1266        64.2521     -0.1139
2486    0.0251        1.0000         0.1263        64.2536     -0.1167
2487    0.0251        1.0000         0.1265        64.2552     -0.1170
2488    0.0250        1.0000         0.1268        64.2568     -0.1145
2489    0.0250        1.0000         0.1268        64.2586     -0.1169
2490    0.0250        1.0000         0.1266        64.2602     -0.1154
2491    0.0249        1.0000         0.1269        64.2618     -0.1146
2492    0.0249        1.0000         0.1275        64.2632     -0.1170
2493    0.0249        1.0000         0.1275        64.2647     -0.1170
2494    0.0248        1.0000         0.1271        64.2663     -0.1148
2495    0.0248        1.0000         0.1274        64.2677     -0.1189
2496    0.0248        1.0000         0.1275        64.2692     -0.1180
2497    0.0247        1.0000         0.1274        64.2706     -0.1148
2498    0.0247        1.0000         0.1275        64.2719     -0.1154
2499    0.0247        1.0000         0.1275        64.2733     -0.1157
2500    0.0246        1.0000         0.1277        64.2745     -0.1160
2501    0.0246        1.0000         0.1277        64.2756     -0.1151
2502    0.0246        1.0000         0.1277        64.2767     -0.1178
2503    0.0246        1.0000         0.1277        64.2779     -0.1184
2504    0.0245        1.0000         0.1280        64.2791     -0.1142
2505    0.0245        1.0000         0.1283        64.2801     -0.1169
2506    0.0245        1.0000         0.1281        64.2811     -0.1158
2507    0.0244        1.0000         0.1284        64.2821     -0.1157
2508    0.0244        1.0000         0.1281        64.2830     -0.1174
2509    0.0244        1.0000         0.1289        64.2839     -0.1167
2510    0.0244        1.0000         0.1281        64.2846     -0.1155
2511    0.0244        1.0000         0.1287        64.2854     -0.1190
2512    0.0243        1.0000         0.1286        64.2863     -0.1183
2513    0.0243        1.0000         0.1286        64.2873     -0.1186
2514    0.0243        1.0000         0.1284        64.2881     -0.1198
2515    0.0242        1.0000         0.1284        64.2889     -0.1177
2516    0.0242        1.0000         0.1289        64.2897     -0.1193
2517    0.0242        1.0000         0.1289        64.2905     -0.1178
2518    0.0242        1.0000         0.1290        64.2914     -0.1175
2519    0.0241        1.0000         0.1290        64.2924     -0.1184
2520    0.0241        1.0000         0.1290        64.2933     -0.1184
Epoch    Loss        Train Acc      Test Acc       L2 Norm   Dropout Gap
2521    0.0241        1.0000         0.1292        64.2941     -0.1148
2522    0.0241
              Per-Epoch  Results
                      1.0000
                                 (page   57
                                     0.1292
                                             of 223)
                                                   64.2949     -0.1170
2523    0.0240        1.0000         0.1293        64.2958     -0.1152
2524    0.0240        1.0000         0.1296        64.2966     -0.1205
2525    0.0240        1.0000         0.1296        64.2974     -0.1181
2526    0.0240        1.0000         0.1298        64.2981     -0.1208
2527    0.0239        1.0000         0.1295        64.2989     -0.1160
2528    0.0239        1.0000         0.1300        64.2998     -0.1178
2529    0.0239        1.0000         0.1296        64.3006     -0.1170
2530    0.0239        1.0000         0.1303        64.3014     -0.1199
2531    0.0238        1.0000         0.1303        64.3021     -0.1198
2532    0.0238        1.0000         0.1306        64.3030     -0.1169
2533    0.0238        1.0000         0.1300        64.3038     -0.1163
2534    0.0238        1.0000         0.1303        64.3046     -0.1216
2535    0.0237        1.0000         0.1301        64.3055     -0.1172
2536    0.0237        1.0000         0.1303        64.3062     -0.1186
2537    0.0237        1.0000         0.1301        64.3069     -0.1178
2538    0.0237        1.0000         0.1309        64.3076     -0.1181
2539    0.0237        1.0000         0.1304        64.3082     -0.1187
2540    0.0237        1.0000         0.1307        64.3087     -0.1222
2541    0.0236        1.0000         0.1307        64.3095     -0.1192
2542    0.0236        1.0000         0.1310        64.3104     -0.1219
2543    0.0236        1.0000         0.1310        64.3110     -0.1201
2544    0.0235        1.0000         0.1310        64.3114     -0.1199
2545    0.0235        1.0000         0.1312        64.3119     -0.1184
2546    0.0235        1.0000         0.1307        64.3122     -0.1192
2547    0.0235        1.0000         0.1313        64.3126     -0.1201
2548    0.0235        1.0000         0.1310        64.3131     -0.1201
2549    0.0234        1.0000         0.1313        64.3135     -0.1196
2550    0.0234        1.0000         0.1318        64.3140     -0.1219
2551    0.0234        1.0000         0.1319        64.3144     -0.1216
2552    0.0234        1.0000         0.1322        64.3148     -0.1208
2553    0.0234        1.0000         0.1319        64.3152     -0.1202
2554    0.0234        1.0000         0.1324        64.3156     -0.1207
2555    0.0233        1.0000         0.1327        64.3160     -0.1218
2556    0.0233        1.0000         0.1327        64.3163     -0.1216
2557    0.0233        1.0000         0.1325        64.3167     -0.1218
2558    0.0233        1.0000         0.1328        64.3169     -0.1222
2559    0.0233        1.0000         0.1328        64.3171     -0.1207
2560    0.0232        1.0000         0.1331        64.3173     -0.1231
2561    0.0232        1.0000         0.1333        64.3175     -0.1208
2562    0.0232        1.0000         0.1333        64.3177     -0.1228
2563    0.0232        1.0000         0.1341        64.3179     -0.1231
2564    0.0231        1.0000         0.1339        64.3181     -0.1225
2565    0.0231        1.0000         0.1341        64.3182     -0.1221
Epoch    Loss        Train Acc      Test Acc       L2 Norm   Dropout Gap
2566    0.0231        1.0000         0.1345        64.3181     -0.1237
2567    0.0231
              Per-Epoch  Results
                      1.0000
                                 (page   58
                                     0.1348
                                             of 223)
                                                   64.3181     -0.1251
2568    0.0231        1.0000         0.1347        64.3183     -0.1199
2569    0.0231        1.0000         0.1351        64.3184     -0.1252
2570    0.0230        1.0000         0.1354        64.3184     -0.1248
2571    0.0230        1.0000         0.1354        64.3184     -0.1245
2572    0.0230        1.0000         0.1353        64.3183     -0.1234
2573    0.0230        1.0000         0.1353        64.3182     -0.1231
2574    0.0230        1.0000         0.1354        64.3182     -0.1248
2575    0.0230        1.0000         0.1357        64.3182     -0.1251
2576    0.0229        1.0000         0.1357        64.3181     -0.1237
2577    0.0229        1.0000         0.1360        64.3180     -0.1239
2578    0.0229        1.0000         0.1363        64.3180     -0.1266
2579    0.0229        1.0000         0.1368        64.3181     -0.1239
2580    0.0228        1.0000         0.1368        64.3181     -0.1230
2581    0.0228        1.0000         0.1371        64.3179     -0.1249
2582    0.0228        1.0000         0.1371        64.3178     -0.1268
2583    0.0228        1.0000         0.1372        64.3178     -0.1280
2584    0.0228        1.0000         0.1372        64.3178     -0.1230
2585    0.0228        1.0000         0.1369        64.3179     -0.1259
2586    0.0227        1.0000         0.1372        64.3178     -0.1266
2587    0.0227        1.0000         0.1377        64.3177     -0.1254
2588    0.0227        1.0000         0.1375        64.3176     -0.1230
2589    0.0227        1.0000         0.1374        64.3176     -0.1254
2590    0.0227        1.0000         0.1378        64.3176     -0.1266
2591    0.0226        1.0000         0.1378        64.3173     -0.1275
2592    0.0226        1.0000         0.1375        64.3171     -0.1269
2593    0.0226        1.0000         0.1378        64.3169     -0.1283
2594    0.0226        1.0000         0.1378        64.3168     -0.1245
2595    0.0226        1.0000         0.1378        64.3166     -0.1269
2596    0.0225        1.0000         0.1386        64.3165     -0.1280
2597    0.0225        1.0000         0.1383        64.3164     -0.1271
2598    0.0225        1.0000         0.1386        64.3164     -0.1265
2599    0.0225        1.0000         0.1386        64.3162     -0.1271
2600    0.0224        1.0000         0.1385        64.3162     -0.1296
2601    0.0224        1.0000         0.1389        64.3159     -0.1262
2602    0.0224        1.0000         0.1392        64.3158     -0.1262
2603    0.0224        1.0000         0.1395        64.3158     -0.1309
2604    0.0224        1.0000         0.1397        64.3157     -0.1287
2605    0.0223        1.0000         0.1395        64.3155     -0.1280
2606    0.0223        1.0000         0.1400        64.3153     -0.1300
2607    0.0223        1.0000         0.1401        64.3151     -0.1292
2608    0.0223        1.0000         0.1400        64.3150     -0.1306
2609    0.0223        1.0000         0.1404        64.3149     -0.1277
2610    0.0222        1.0000         0.1404        64.3147     -0.1272
Epoch    Loss        Train Acc      Test Acc       L2 Norm   Dropout Gap
2611    0.0222        1.0000         0.1406        64.3145     -0.1280
2612    0.0222
              Per-Epoch  Results
                      1.0000
                                 (page   59
                                     0.1403
                                             of 223)
                                                   64.3143     -0.1296
2613    0.0222        1.0000         0.1401        64.3140     -0.1262
2614    0.0221        1.0000         0.1404        64.3138     -0.1289
2615    0.0221        1.0000         0.1409        64.3135     -0.1281
2616    0.0221        1.0000         0.1409        64.3131     -0.1300
2617    0.0221        1.0000         0.1415        64.3127     -0.1301
2618    0.0220        1.0000         0.1412        64.3124     -0.1286
2619    0.0220        1.0000         0.1416        64.3120     -0.1301
2620    0.0220        1.0000         0.1410        64.3116     -0.1298
2621    0.0220        1.0000         0.1412        64.3111     -0.1303
2622    0.0219        1.0000         0.1413        64.3108     -0.1303
2623    0.0219        1.0000         0.1416        64.3103     -0.1298
2624    0.0219        1.0000         0.1413        64.3099     -0.1290
2625    0.0219        1.0000         0.1415        64.3093     -0.1301
2626    0.0218        1.0000         0.1415        64.3087     -0.1298
2627    0.0218        1.0000         0.1416        64.3081     -0.1300
2628    0.0218        1.0000         0.1418        64.3074     -0.1298
2629    0.0218        1.0000         0.1419        64.3068     -0.1307
2630    0.0217        1.0000         0.1421        64.3061     -0.1331
2631    0.0217        1.0000         0.1422        64.3054     -0.1306
2632    0.0217        1.0000         0.1422        64.3048     -0.1301
2633    0.0217        1.0000         0.1426        64.3041     -0.1322
2634    0.0216        1.0000         0.1426        64.3035     -0.1281
2635    0.0216        1.0000         0.1424        64.3029     -0.1309
2636    0.0216        1.0000         0.1424        64.3022     -0.1307
2637    0.0216        1.0000         0.1430        64.3016     -0.1295
2638    0.0216        1.0000         0.1430        64.3011     -0.1310
2639    0.0215        1.0000         0.1429        64.3007     -0.1301
2640    0.0215        1.0000         0.1432        64.3002     -0.1325
2641    0.0215        1.0000         0.1433        64.2998     -0.1336
2642    0.0214        1.0000         0.1438        64.2996     -0.1330
2643    0.0214        1.0000         0.1439        64.2993     -0.1301
2644    0.0214        1.0000         0.1439        64.2990     -0.1339
2645    0.0213        1.0000         0.1441        64.2988     -0.1321
2646    0.0213        1.0000         0.1442        64.2988     -0.1333
2647    0.0213        1.0000         0.1441        64.2988     -0.1330
2648    0.0212        1.0000         0.1441        64.2986     -0.1324
2649    0.0212        1.0000         0.1442        64.2986     -0.1334
2650    0.0211        1.0000         0.1444        64.2986     -0.1315
2651    0.0211        1.0000         0.1444        64.2985     -0.1309
2652    0.0210        1.0000         0.1445        64.2986     -0.1351
2653    0.0210        1.0000         0.1451        64.2985     -0.1351
2654    0.0209        1.0000         0.1457        64.2984     -0.1365
2655    0.0209        1.0000         0.1457        64.2985     -0.1339
Epoch    Loss        Train Acc      Test Acc       L2 Norm   Dropout Gap
2656    0.0208        1.0000         0.1460        64.2987     -0.1337
2657    0.0208
              Per-Epoch  Results
                      1.0000
                                 (page   60
                                     0.1465
                                             of 223)
                                                   64.2988     -0.1365
2658    0.0207        1.0000         0.1467        64.2989     -0.1337
2659    0.0207        1.0000         0.1468        64.2991     -0.1354
2660    0.0206        1.0000         0.1468        64.2992     -0.1334
2661    0.0206        1.0000         0.1473        64.2993     -0.1351
2662    0.0205        1.0000         0.1473        64.2995     -0.1351
2663    0.0205        1.0000         0.1482        64.2997     -0.1383
2664    0.0204        1.0000         0.1476        64.3000     -0.1368
2665    0.0204        1.0000         0.1482        64.3004     -0.1372
2666    0.0203        1.0000         0.1480        64.3006     -0.1348
2667    0.0203        1.0000         0.1482        64.3008     -0.1380
2668    0.0202        1.0000         0.1480        64.3009     -0.1347
2669    0.0202        1.0000         0.1480        64.3010     -0.1345
2670    0.0201        1.0000         0.1483        64.3010     -0.1395
2671    0.0201        1.0000         0.1485        64.3009     -0.1330
2672    0.0200        1.0000         0.1485        64.3007     -0.1377
2673    0.0200        1.0000         0.1489        64.3005     -0.1386
2674    0.0199        1.0000         0.1497        64.3003     -0.1391
2675    0.0199        1.0000         0.1500        64.2999     -0.1395
2676    0.0199        1.0000         0.1498        64.2994     -0.1395
2677    0.0198        1.0000         0.1500        64.2989     -0.1386
2678    0.0198        1.0000         0.1509        64.2982     -0.1410
2679    0.0197        1.0000         0.1508        64.2976     -0.1400
2680    0.0197        1.0000         0.1517        64.2968     -0.1392
2681    0.0196        1.0000         0.1520        64.2961     -0.1401
2682    0.0196        1.0000         0.1524        64.2952     -0.1416
2683    0.0195        1.0000         0.1526        64.2943     -0.1419
2684    0.0195        1.0000         0.1533        64.2934     -0.1424
2685    0.0195        1.0000         0.1533        64.2925     -0.1409
2686    0.0194        1.0000         0.1532        64.2916     -0.1445
2687    0.0194        1.0000         0.1532        64.2906     -0.1409
2688    0.0193        1.0000         0.1535        64.2897     -0.1409
2689    0.0193        1.0000         0.1533        64.2888     -0.1418
2690    0.0193        1.0000         0.1533        64.2880     -0.1413
2691    0.0192        1.0000         0.1532        64.2873     -0.1410
2692    0.0192        1.0000         0.1532        64.2865     -0.1412
2693    0.0191        1.0000         0.1532        64.2857     -0.1407
2694    0.0191        1.0000         0.1536        64.2850     -0.1430
2695    0.0191        1.0000         0.1535        64.2843     -0.1427
2696    0.0190        1.0000         0.1538        64.2837     -0.1427
2697    0.0190        1.0000         0.1538        64.2832     -0.1450
2698    0.0189        1.0000         0.1542        64.2827     -0.1444
2699    0.0189        1.0000         0.1545        64.2821     -0.1412
2700    0.0189        1.0000         0.1542        64.2815     -0.1441
Epoch    Loss        Train Acc      Test Acc       L2 Norm   Dropout Gap
2701    0.0188        1.0000         0.1547        64.2810     -0.1413
2702    0.0188
              Per-Epoch  Results
                      1.0000
                                 (page   61
                                     0.1545
                                             of 223)
                                                   64.2805     -0.1397
2703    0.0187        1.0000         0.1545        64.2798     -0.1415
2704    0.0187        1.0000         0.1547        64.2792     -0.1422
2705    0.0187        1.0000         0.1547        64.2786     -0.1429
2706    0.0186        1.0000         0.1547        64.2780     -0.1429
2707    0.0186        1.0000         0.1552        64.2774     -0.1427
2708    0.0185        1.0000         0.1550        64.2768     -0.1426
2709    0.0185        1.0000         0.1550        64.2760     -0.1407
2710    0.0185        1.0000         0.1555        64.2753     -0.1448
2711    0.0184        1.0000         0.1558        64.2746     -0.1433
2712    0.0184        1.0000         0.1558        64.2737     -0.1432
2713    0.0184        1.0000         0.1555        64.2729     -0.1442
2714    0.0183        1.0000         0.1559        64.2721     -0.1439
2715    0.0183        1.0000         0.1564        64.2713     -0.1453
2716    0.0183        1.0000         0.1570        64.2704     -0.1467
2717    0.0182        1.0000         0.1571        64.2695     -0.1447
2718    0.0182        1.0000         0.1576        64.2685     -0.1485
2719    0.0182        1.0000         0.1579        64.2675     -0.1448
2720    0.0181        1.0000         0.1586        64.2664     -0.1473
2721    0.0181        1.0000         0.1588        64.2653     -0.1468
2722    0.0181        1.0000         0.1589        64.2642     -0.1473
2723    0.0181        1.0000         0.1591        64.2631     -0.1474
2724    0.0180        1.0000         0.1588        64.2619     -0.1495
2725    0.0180        1.0000         0.1588        64.2608     -0.1460
2726    0.0180        1.0000         0.1586        64.2595     -0.1465
2727    0.0179        1.0000         0.1586        64.2583     -0.1477
2728    0.0179        1.0000         0.1585        64.2570     -0.1474
2729    0.0179        1.0000         0.1588        64.2556     -0.1457
2730    0.0179        1.0000         0.1585        64.2543     -0.1465
2731    0.0178        1.0000         0.1593        64.2528     -0.1486
2732    0.0178        1.0000         0.1597        64.2515     -0.1477
2733    0.0178        1.0000         0.1596        64.2501     -0.1479
2734    0.0178        1.0000         0.1602        64.2487     -0.1509
2735    0.0178        1.0000         0.1605        64.2472     -0.1483
2736    0.0177        1.0000         0.1602        64.2458     -0.1497
2737    0.0177        1.0000         0.1609        64.2444     -0.1462
2738    0.0177        1.0000         0.1611        64.2430     -0.1489
2739    0.0177        1.0000         0.1611        64.2414     -0.1473
2740    0.0176        1.0000         0.1611        64.2399     -0.1480
2741    0.0176        1.0000         0.1612        64.2384     -0.1495
2742    0.0176        1.0000         0.1614        64.2369     -0.1492
2743    0.0176        1.0000         0.1614        64.2354     -0.1492
2744    0.0176        1.0000         0.1620        64.2338     -0.1509
2745    0.0175        1.0000         0.1618        64.2323     -0.1494
Epoch    Loss        Train Acc      Test Acc       L2 Norm   Dropout Gap
2746    0.0175        1.0000         0.1623        64.2309     -0.1497
2747    0.0175
              Per-Epoch  Results
                      1.0000
                                 (page   62
                                     0.1626
                                             of 223)
                                                   64.2296     -0.1501
2748    0.0175        1.0000         0.1630        64.2283     -0.1515
2749    0.0174        1.0000         0.1632        64.2272     -0.1517
2750    0.0174        1.0000         0.1635        64.2261     -0.1514
2751    0.0174        1.0000         0.1638        64.2252     -0.1538
2752    0.0174        1.0000         0.1634        64.2244     -0.1514
2753    0.0173        1.0000         0.1641        64.2235     -0.1544
2754    0.0173        1.0000         0.1644        64.2228     -0.1509
2755    0.0173        1.0000         0.1647        64.2221     -0.1512
2756    0.0172        1.0000         0.1652        64.2215     -0.1515
2757    0.0172        1.0000         0.1655        64.2210     -0.1532
2758    0.0172        1.0000         0.1658        64.2204     -0.1544
2759    0.0172        1.0000         0.1661        64.2200     -0.1504
2760    0.0171        1.0000         0.1659        64.2194     -0.1523
2761    0.0171        1.0000         0.1665        64.2188     -0.1558
2762    0.0171        1.0000         0.1667        64.2182     -0.1541
2763    0.0171        1.0000         0.1668        64.2174     -0.1552
2764    0.0170        1.0000         0.1671        64.2166     -0.1549
2765    0.0170        1.0000         0.1670        64.2158     -0.1559
2766    0.0170        1.0000         0.1673        64.2149     -0.1539
2767    0.0170        1.0000         0.1671        64.2142     -0.1545
2768    0.0169        1.0000         0.1675        64.2135     -0.1556
2769    0.0169        1.0000         0.1678        64.2129     -0.1549
2770    0.0169        1.0000         0.1681        64.2122     -0.1552
2771    0.0169        1.0000         0.1679        64.2115     -0.1556
2772    0.0168        1.0000         0.1682        64.2107     -0.1552
2773    0.0168        1.0000         0.1688        64.2099     -0.1558
2774    0.0168        1.0000         0.1694        64.2093     -0.1603
2775    0.0168        1.0000         0.1699        64.2086     -0.1570
2776    0.0167        1.0000         0.1699        64.2078     -0.1585
2777    0.0167        1.0000         0.1706        64.2068     -0.1577
2778    0.0167        1.0000         0.1709        64.2058     -0.1591
2779    0.0166        1.0000         0.1711        64.2046     -0.1570
2780    0.0166        1.0000         0.1716        64.2035     -0.1573
2781    0.0166        1.0000         0.1714        64.2022     -0.1594
2782    0.0166        1.0000         0.1719        64.2008     -0.1580
2783    0.0166        1.0000         0.1719        64.1994     -0.1593
2784    0.0165        1.0000         0.1723        64.1980     -0.1615
2785    0.0165        1.0000         0.1726        64.1965     -0.1608
2786    0.0165        1.0000         0.1728        64.1951     -0.1605
2787    0.0165        1.0000         0.1728        64.1936     -0.1602
2788    0.0164        1.0000         0.1735        64.1920     -0.1629
2789    0.0164        1.0000         0.1740        64.1904     -0.1606
2790    0.0164        1.0000         0.1740        64.1888     -0.1624
Epoch    Loss        Train Acc      Test Acc       L2 Norm   Dropout Gap
2791    0.0164        1.0000         0.1741        64.1871     -0.1647
2792    0.0164
              Per-Epoch  Results
                      1.0000
                                 (page   63
                                     0.1746
                                             of 223)
                                                   64.1854     -0.1621
2793    0.0164        1.0000         0.1749        64.1838     -0.1638
2794    0.0163        1.0000         0.1756        64.1823     -0.1638
2795    0.0163        1.0000         0.1760        64.1807     -0.1618
2796    0.0163        1.0000         0.1767        64.1791     -0.1653
2797    0.0163        1.0000         0.1772        64.1775     -0.1640
2798    0.0163        1.0000         0.1773        64.1758     -0.1667
2799    0.0163        1.0000         0.1779        64.1741     -0.1668
2800    0.0162        1.0000         0.1778        64.1723     -0.1653
2801    0.0162        1.0000         0.1779        64.1707     -0.1623
2802    0.0162        1.0000         0.1779        64.1691     -0.1676
2803    0.0162        1.0000         0.1781        64.1675     -0.1662
2804    0.0162        1.0000         0.1785        64.1659     -0.1670
2805    0.0162        1.0000         0.1785        64.1642     -0.1673
2806    0.0161        1.0000         0.1790        64.1627     -0.1653
2807    0.0161        1.0000         0.1790        64.1612     -0.1667
2808    0.0161        1.0000         0.1793        64.1597     -0.1682
2809    0.0161        1.0000         0.1796        64.1584     -0.1643
2810    0.0161        1.0000         0.1794        64.1572     -0.1702
2811    0.0160        1.0000         0.1796        64.1561     -0.1664
2812    0.0160        1.0000         0.1799        64.1551     -0.1676
2813    0.0160        1.0000         0.1797        64.1542     -0.1665
2814    0.0160        1.0000         0.1805        64.1534     -0.1682
2815    0.0160        1.0000         0.1811        64.1525     -0.1703
2816    0.0159        1.0000         0.1816        64.1517     -0.1696
2817    0.0159        1.0000         0.1819        64.1511     -0.1679
2818    0.0159        1.0000         0.1816        64.1505     -0.1702
2819    0.0159        1.0000         0.1822        64.1499     -0.1691
2820    0.0158        1.0000         0.1822        64.1495     -0.1706
2821    0.0158        1.0000         0.1829        64.1490     -0.1706
2822    0.0158        1.0000         0.1829        64.1486     -0.1719
2823    0.0158        1.0000         0.1832        64.1482     -0.1720
2824    0.0158        1.0000         0.1840        64.1480     -0.1706
2825    0.0157        1.0000         0.1843        64.1478     -0.1723
2826    0.0157        1.0000         0.1843        64.1474     -0.1714
2827    0.0157        1.0000         0.1846        64.1472     -0.1712
2828    0.0157        1.0000         0.1849        64.1469     -0.1700
2829    0.0157        1.0000         0.1851        64.1466     -0.1720
2830    0.0156        1.0000         0.1855        64.1464     -0.1714
2831    0.0156        1.0000         0.1857        64.1462     -0.1711
2832    0.0156        1.0000         0.1866        64.1460     -0.1714
2833    0.0156        1.0000         0.1870        64.1459     -0.1761
2834    0.0156        1.0000         0.1870        64.1457     -0.1756
2835    0.0155        1.0000         0.1876        64.1453     -0.1749
Epoch    Loss        Train Acc      Test Acc       L2 Norm   Dropout Gap
2836    0.0155        1.0000         0.1878        64.1447     -0.1747
2837    0.0155
              Per-Epoch  Results
                      1.0000
                                 (page   64
                                     0.1878
                                             of 223)
                                                   64.1441     -0.1729
2838    0.0155        1.0000         0.1881        64.1435     -0.1775
2839    0.0154        1.0000         0.1886        64.1428     -0.1758
2840    0.0154        1.0000         0.1887        64.1421     -0.1743
2841    0.0154        1.0000         0.1893        64.1414     -0.1779
2842    0.0154        1.0000         0.1890        64.1406     -0.1769
2843    0.0153        1.0000         0.1895        64.1400     -0.1787
2844    0.0153        1.0000         0.1896        64.1394     -0.1775
2845    0.0153        1.0000         0.1901        64.1388     -0.1772
2846    0.0153        1.0000         0.1902        64.1383     -0.1760
2847    0.0153        1.0000         0.1905        64.1377     -0.1782
2848    0.0152        1.0000         0.1905        64.1370     -0.1787
2849    0.0152        1.0000         0.1905        64.1362     -0.1802
2850    0.0152        1.0000         0.1911        64.1354     -0.1790
2851    0.0152        1.0000         0.1914        64.1344     -0.1810
2852    0.0151        1.0000         0.1919        64.1336     -0.1778
2853    0.0151        1.0000         0.1923        64.1327     -0.1811
2854    0.0151        1.0000         0.1923        64.1318     -0.1790
2855    0.0151        1.0000         0.1923        64.1308     -0.1820
2856    0.0151        1.0000         0.1927        64.1300     -0.1799
2857    0.0150        1.0000         0.1933        64.1292     -0.1822
2858    0.0150        1.0000         0.1937        64.1283     -0.1822
2859    0.0150        1.0000         0.1937        64.1273     -0.1820
2860    0.0150        1.0000         0.1943        64.1262     -0.1811
2861    0.0149        1.0000         0.1946        64.1252     -0.1790
2862    0.0149        1.0000         0.1948        64.1242     -0.1819
2863    0.0149        1.0000         0.1954        64.1231     -0.1832
2864    0.0149        1.0000         0.1952        64.1221     -0.1838
2865    0.0149        1.0000         0.1954        64.1211     -0.1838
2866    0.0148        1.0000         0.1958        64.1201     -0.1825
2867    0.0148        1.0000         0.1960        64.1190     -0.1867
2868    0.0148        1.0000         0.1958        64.1179     -0.1848
2869    0.0148        1.0000         0.1958        64.1167     -0.1817
2870    0.0148        1.0000         0.1964        64.1156     -0.1829
2871    0.0147        1.0000         0.1974        64.1145     -0.1848
2872    0.0147        1.0000         0.1977        64.1134     -0.1819
2873    0.0147        1.0000         0.1983        64.1124     -0.1864
2874    0.0147        1.0000         0.1986        64.1114     -0.1866
2875    0.0147        1.0000         0.1990        64.1103     -0.1860
2876    0.0146        1.0000         0.1989        64.1092     -0.1863
2877    0.0146        1.0000         0.1993        64.1080     -0.1884
2878    0.0146        1.0000         0.2001        64.1069     -0.1872
2879    0.0146        1.0000         0.2004        64.1058     -0.1869
2880    0.0146        1.0000         0.2010        64.1047     -0.1895
Epoch    Loss        Train Acc      Test Acc       L2 Norm   Dropout Gap
2881    0.0145        1.0000         0.2007        64.1037     -0.1852
2882    0.0145
              Per-Epoch  Results
                      1.0000
                                 (page   65
                                     0.2016
                                             of 223)
                                                   64.1027     -0.1911
2883    0.0145        1.0000         0.2022        64.1016     -0.1901
2884    0.0145        1.0000         0.2018        64.1005     -0.1890
2885    0.0145        1.0000         0.2024        64.0994     -0.1898
2886    0.0145        1.0000         0.2025        64.0982     -0.1892
2887    0.0144        1.0000         0.2031        64.0971     -0.1910
2888    0.0144        1.0000         0.2034        64.0959     -0.1913
2889    0.0144        1.0000         0.2034        64.0947     -0.1899
2890    0.0144        1.0000         0.2043        64.0935     -0.1920
2891    0.0144        1.0000         0.2043        64.0923     -0.1913
2892    0.0144        1.0000         0.2051        64.0911     -0.1898
2893    0.0144        1.0000         0.2059        64.0899     -0.1940
2894    0.0143        1.0000         0.2057        64.0887     -0.1917
2895    0.0143        1.0000         0.2063        64.0876     -0.1939
2896    0.0143        1.0000         0.2066        64.0864     -0.1945
2897    0.0143        1.0000         0.2065        64.0851     -0.1946
2898    0.0143        1.0000         0.2072        64.0839     -0.1948
2899    0.0143        1.0000         0.2078        64.0827     -0.1942
2900    0.0143        1.0000         0.2080        64.0815     -0.1934
2901    0.0143        1.0000         0.2084        64.0802     -0.1978
2902    0.0142        1.0000         0.2086        64.0789     -0.1978
2903    0.0142        1.0000         0.2092        64.0776     -0.1951
2904    0.0142        1.0000         0.2095        64.0763     -0.1946
2905    0.0142        1.0000         0.2100        64.0750     -0.1984
2906    0.0142        1.0000         0.2106        64.0736     -0.1951
2907    0.0142        1.0000         0.2110        64.0723     -0.1974
2908    0.0142        1.0000         0.2115        64.0710     -0.2002
2909    0.0142        1.0000         0.2118        64.0697     -0.1972
2910    0.0141        1.0000         0.2113        64.0684     -0.2004
2911    0.0141        1.0000         0.2115        64.0670     -0.1987
2912    0.0141        1.0000         0.2119        64.0656     -0.1966
2913    0.0141        1.0000         0.2122        64.0642     -0.2024
2914    0.0141        1.0000         0.2124        64.0629     -0.2005
2915    0.0141        1.0000         0.2128        64.0614     -0.2002
2916    0.0140        1.0000         0.2135        64.0599     -0.2024
2917    0.0140        1.0000         0.2136        64.0584     -0.1992
2918    0.0140        1.0000         0.2147        64.0570     -0.2043
2919    0.0140        1.0000         0.2154        64.0555     -0.2025
2920    0.0140        1.0000         0.2160        64.0541     -0.2034
2921    0.0139        1.0000         0.2166        64.0526     -0.2042
2922    0.0139        1.0000         0.2168        64.0510     -0.2043
2923    0.0139        1.0000         0.2171        64.0494     -0.2033
2924    0.0139        1.0000         0.2175        64.0479     -0.2033
2925    0.0139        1.0000         0.2175        64.0463     -0.2057
Epoch    Loss        Train Acc      Test Acc       L2 Norm   Dropout Gap
2926    0.0138        1.0000         0.2183        64.0446     -0.2075
2927    0.0138
              Per-Epoch  Results
                      1.0000
                                 (page   66
                                     0.2188
                                             of 223)
                                                   64.0429     -0.2049
2928    0.0138        1.0000         0.2191        64.0412     -0.2083
2929    0.0138        1.0000         0.2201        64.0393     -0.2081
2930    0.0138        1.0000         0.2207        64.0374     -0.2065
2931    0.0137        1.0000         0.2212        64.0355     -0.2081
2932    0.0137        1.0000         0.2215        64.0336     -0.2066
2933    0.0137        1.0000         0.2218        64.0315     -0.2080
2934    0.0137        1.0000         0.2220        64.0296     -0.2089
2935    0.0137        1.0000         0.2223        64.0276     -0.2075
2936    0.0137        1.0000         0.2230        64.0256     -0.2139
2937    0.0137        1.0000         0.2238        64.0234     -0.2086
2938    0.0136        1.0000         0.2235        64.0213     -0.2113
2939    0.0136        1.0000         0.2242        64.0191     -0.2116
2940    0.0136        1.0000         0.2250        64.0169     -0.2122
2941    0.0136        1.0000         0.2253        64.0147     -0.2122
2942    0.0136        1.0000         0.2265        64.0124     -0.2125
2943    0.0136        1.0000         0.2265        64.0101     -0.2135
2944    0.0135        1.0000         0.2268        64.0078     -0.2131
2945    0.0135        1.0000         0.2268        64.0053     -0.2157
2946    0.0135        1.0000         0.2273        64.0029     -0.2168
2947    0.0135        1.0000         0.2282        64.0006     -0.2157
2948    0.0135        1.0000         0.2282        63.9982     -0.2135
2949    0.0135        1.0000         0.2280        63.9959     -0.2145
2950    0.0134        1.0000         0.2291        63.9934     -0.2163
2951    0.0134        1.0000         0.2294        63.9910     -0.2157
2952    0.0134        1.0000         0.2300        63.9886     -0.2159
2953    0.0134        1.0000         0.2300        63.9862     -0.2144
2954    0.0134        1.0000         0.2303        63.9839     -0.2154
2955    0.0134        1.0000         0.2303        63.9817     -0.2186
2956    0.0134        1.0000         0.2305        63.9794     -0.2156
2957    0.0134        1.0000         0.2309        63.9772     -0.2192
2958    0.0133        1.0000         0.2315        63.9752     -0.2175
2959    0.0133        1.0000         0.2315        63.9731     -0.2194
2960    0.0133        1.0000         0.2315        63.9711     -0.2212
2961    0.0133        1.0000         0.2318        63.9692     -0.2162
2962    0.0133        1.0000         0.2320        63.9674     -0.2203
2963    0.0133        1.0000         0.2326        63.9656     -0.2218
2964    0.0133        1.0000         0.2323        63.9639     -0.2189
2965    0.0132        1.0000         0.2330        63.9623     -0.2203
2966    0.0132        1.0000         0.2338        63.9609     -0.2189
2967    0.0132        1.0000         0.2342        63.9595     -0.2210
2968    0.0132        1.0000         0.2346        63.9581     -0.2216
2969    0.0132        1.0000         0.2352        63.9567     -0.2248
2970    0.0132        1.0000         0.2359        63.9555     -0.2244
Epoch    Loss        Train Acc      Test Acc       L2 Norm   Dropout Gap
2971    0.0131        1.0000         0.2359        63.9544     -0.2248
2972    0.0131
              Per-Epoch  Results
                      1.0000
                                 (page   67
                                     0.2356
                                             of 223)
                                                   63.9533     -0.2245
2973    0.0131        1.0000         0.2364        63.9522     -0.2247
2974    0.0131        1.0000         0.2368        63.9511     -0.2221
2975    0.0131        1.0000         0.2370        63.9500     -0.2221
2976    0.0130        1.0000         0.2377        63.9491     -0.2238
2977    0.0130        1.0000         0.2379        63.9481     -0.2259
2978    0.0130        1.0000         0.2380        63.9471     -0.2247
2979    0.0130        1.0000         0.2383        63.9461     -0.2265
2980    0.0130        1.0000         0.2388        63.9451     -0.2257
2981    0.0129        1.0000         0.2391        63.9442     -0.2259
2982    0.0129        1.0000         0.2394        63.9432     -0.2277
2983    0.0129        1.0000         0.2399        63.9423     -0.2242
2984    0.0129        1.0000         0.2399        63.9415     -0.2280
2985    0.0129        1.0000         0.2411        63.9406     -0.2268
2986    0.0129        1.0000         0.2417        63.9398     -0.2303
2987    0.0128        1.0000         0.2423        63.9391     -0.2262
2988    0.0128        1.0000         0.2429        63.9384     -0.2291
2989    0.0128        1.0000         0.2435        63.9378     -0.2312
2990    0.0128        1.0000         0.2444        63.9373     -0.2309
2991    0.0128        1.0000         0.2458        63.9367     -0.2320
2992    0.0127        1.0000         0.2461        63.9362     -0.2333
2993    0.0127        1.0000         0.2464        63.9358     -0.2339
2994    0.0127        1.0000         0.2467        63.9356     -0.2352
2995    0.0127        1.0000         0.2472        63.9353     -0.2344
2996    0.0126        1.0000         0.2473        63.9351     -0.2353
2997    0.0126        1.0000         0.2475        63.9349     -0.2349
2998    0.0126        1.0000         0.2478        63.9348     -0.2338
2999    0.0126        1.0000         0.2482        63.9347     -0.2335
3000    0.0125        1.0000         0.2487        63.9347     -0.2364
3001    0.0125        1.0000         0.2491        63.9346     -0.2364
3002    0.0125        1.0000         0.2497        63.9344     -0.2368
3003    0.0125        1.0000         0.2500        63.9342     -0.2362
3004    0.0125        1.0000         0.2508        63.9342     -0.2370
3005    0.0124        1.0000         0.2517        63.9339     -0.2387
3006    0.0124        1.0000         0.2526        63.9337     -0.2377
3007    0.0124        1.0000         0.2540        63.9334     -0.2420
3008    0.0124        1.0000         0.2544        63.9332     -0.2417
3009    0.0123        1.0000         0.2541        63.9330     -0.2379
3010    0.0123        1.0000         0.2544        63.9328     -0.2403
3011    0.0123        1.0000         0.2555        63.9326     -0.2426
3012    0.0123        1.0000         0.2557        63.9324     -0.2434
3013    0.0122        1.0000         0.2566        63.9321     -0.2444
3014    0.0122        1.0000         0.2573        63.9318     -0.2440
3015    0.0122        1.0000         0.2575        63.9315     -0.2453
Epoch    Loss        Train Acc      Test Acc       L2 Norm   Dropout Gap
3016    0.0122        1.0000         0.2581        63.9313     -0.2434
3017    0.0122
              Per-Epoch  Results
                      1.0000
                                 (page   68
                                     0.2587
                                             of 223)
                                                   63.9309     -0.2441
3018    0.0122        1.0000         0.2585        63.9304     -0.2440
3019    0.0121        1.0000         0.2588        63.9299     -0.2444
3020    0.0121        1.0000         0.2593        63.9292     -0.2465
3021    0.0121        1.0000         0.2595        63.9286     -0.2478
3022    0.0121        1.0000         0.2602        63.9280     -0.2464
3023    0.0121        1.0000         0.2604        63.9273     -0.2472
3024    0.0121        1.0000         0.2607        63.9265     -0.2455
3025    0.0120        1.0000         0.2611        63.9257     -0.2479
3026    0.0120        1.0000         0.2617        63.9250     -0.2482
3027    0.0120        1.0000         0.2617        63.9242     -0.2462
3028    0.0120        1.0000         0.2622        63.9232     -0.2467
3029    0.0120        1.0000         0.2622        63.9223     -0.2493
3030    0.0120        1.0000         0.2631        63.9214     -0.2482
3031    0.0120        1.0000         0.2645        63.9204     -0.2538
3032    0.0120        1.0000         0.2651        63.9193     -0.2509
3033    0.0120        1.0000         0.2660        63.9181     -0.2529
3034    0.0119        1.0000         0.2660        63.9169     -0.2547
3035    0.0119        1.0000         0.2654        63.9156     -0.2484
3036    0.0119        1.0000         0.2657        63.9143     -0.2519
3037    0.0119        1.0000         0.2663        63.9131     -0.2543
3038    0.0119        1.0000         0.2664        63.9119     -0.2522
3039    0.0119        1.0000         0.2670        63.9108     -0.2552
3040    0.0119        1.0000         0.2672        63.9099     -0.2541
3041    0.0119        1.0000         0.2675        63.9089     -0.2537
3042    0.0118        1.0000         0.2673        63.9081     -0.2532
3043    0.0118        1.0000         0.2676        63.9074     -0.2519
3044    0.0118        1.0000         0.2676        63.9067     -0.2534
3045    0.0118        1.0000         0.2683        63.9061     -0.2566
3046    0.0118        1.0000         0.2690        63.9056     -0.2558
3047    0.0118        1.0000         0.2695        63.9052     -0.2564
3048    0.0117        1.0000         0.2702        63.9049     -0.2569
3049    0.0117        1.0000         0.2719        63.9048     -0.2582
3050    0.0117        1.0000         0.2722        63.9046     -0.2596
3051    0.0117        1.0000         0.2722        63.9047     -0.2620
3052    0.0116        1.0000         0.2730        63.9048     -0.2584
3053    0.0116        1.0000         0.2736        63.9051     -0.2599
3054    0.0116        1.0000         0.2739        63.9054     -0.2613
3055    0.0116        1.0000         0.2737        63.9058     -0.2576
3056    0.0115        1.0000         0.2749        63.9062     -0.2620
3057    0.0115        1.0000         0.2751        63.9067     -0.2619
3058    0.0115        1.0000         0.2754        63.9072     -0.2590
3059    0.0115        1.0000         0.2757        63.9076     -0.2632
3060    0.0114        1.0000         0.2769        63.9082     -0.2649
Epoch    Loss        Train Acc      Test Acc       L2 Norm   Dropout Gap
3061    0.0114        1.0000         0.2769        63.9089     -0.2655
3062    0.0114
              Per-Epoch  Results
                      1.0000
                                 (page   69
                                     0.2774
                                             of 223)
                                                   63.9096     -0.2645
3063    0.0113        1.0000         0.2780        63.9102     -0.2617
3064    0.0113        1.0000         0.2786        63.9109     -0.2643
3065    0.0113        1.0000         0.2787        63.9115     -0.2635
3066    0.0113        1.0000         0.2795        63.9122     -0.2655
3067    0.0112        1.0000         0.2812        63.9128     -0.2684
3068    0.0112        1.0000         0.2810        63.9134     -0.2670
3069    0.0112        1.0000         0.2815        63.9141     -0.2698
3070    0.0111        1.0000         0.2812        63.9147     -0.2658
3071    0.0111        1.0000         0.2816        63.9151     -0.2664
3072    0.0111        1.0000         0.2830        63.9156     -0.2701
3073    0.0111        1.0000         0.2827        63.9160     -0.2690
3074    0.0110        1.0000         0.2837        63.9165     -0.2698
3075    0.0110        1.0000         0.2843        63.9166     -0.2701
3076    0.0110        1.0000         0.2853        63.9169     -0.2695
3077    0.0110        1.0000         0.2859        63.9170     -0.2696
3078    0.0109        1.0000         0.2859        63.9172     -0.2702
3079    0.0109        1.0000         0.2866        63.9172     -0.2722
3080    0.0109        1.0000         0.2871        63.9173     -0.2740
3081    0.0109        1.0000         0.2878        63.9171     -0.2725
3082    0.0109        1.0000         0.2880        63.9169     -0.2771
3083    0.0108        1.0000         0.2888        63.9167     -0.2749
3084    0.0108        1.0000         0.2894        63.9162     -0.2746
3085    0.0108        1.0000         0.2897        63.9158     -0.2761
3086    0.0108        1.0000         0.2901        63.9153     -0.2760
3087    0.0108        1.0000         0.2903        63.9146     -0.2763
3088    0.0107        1.0000         0.2912        63.9139     -0.2790
3089    0.0107        1.0000         0.2915        63.9131     -0.2784
3090    0.0107        1.0000         0.2919        63.9122     -0.2801
3091    0.0107        1.0000         0.2925        63.9113     -0.2813
3092    0.0107        1.0000         0.2932        63.9104     -0.2807
3093    0.0106        1.0000         0.2935        63.9095     -0.2819
3094    0.0106        1.0000         0.2945        63.9085     -0.2804
3095    0.0106        1.0000         0.2950        63.9075     -0.2802
3096    0.0106        1.0000         0.2948        63.9064     -0.2786
3097    0.0106        1.0000         0.2953        63.9053     -0.2819
3098    0.0106        1.0000         0.2963        63.9042     -0.2822
3099    0.0105        1.0000         0.2969        63.9030     -0.2807
3100    0.0105        1.0000         0.2980        63.9018     -0.2845
3101    0.0105        1.0000         0.2982        63.9006     -0.2840
3102    0.0105        1.0000         0.2997        63.8994     -0.2866
3103    0.0105        1.0000         0.3003        63.8981     -0.2857
3104    0.0105        1.0000         0.3009        63.8967     -0.2898
3105    0.0104        1.0000         0.3018        63.8953     -0.2866
Epoch    Loss        Train Acc      Test Acc       L2 Norm   Dropout Gap
3106    0.0104        1.0000         0.3027        63.8939     -0.2895
3107    0.0104
              Per-Epoch  Results
                      1.0000
                                 (page   70
                                     0.3033
                                             of 223)
                                                   63.8926     -0.2921
3108    0.0104        1.0000         0.3032        63.8911     -0.2891
3109    0.0104        1.0000         0.3042        63.8896     -0.2906
3110    0.0104        1.0000         0.3048        63.8880     -0.2906
3111    0.0104        1.0000         0.3064        63.8864     -0.2925
3112    0.0104        1.0000         0.3077        63.8848     -0.2916
3113    0.0103        1.0000         0.3089        63.8832     -0.2942
3114    0.0103        1.0000         0.3083        63.8816     -0.2910
3115    0.0103        1.0000         0.3094        63.8799     -0.2953
3116    0.0103        1.0000         0.3100        63.8782     -0.2969
3117    0.0103        1.0000         0.3102        63.8765     -0.2947
3118    0.0103        1.0000         0.3106        63.8747     -0.2960
3119    0.0103        1.0000         0.3111        63.8728     -0.2979
3120    0.0103        1.0000         0.3114        63.8712     -0.2962
3121    0.0103        1.0000         0.3118        63.8695     -0.2994
3122    0.0102        1.0000         0.3129        63.8677     -0.2991
3123    0.0102        1.0000         0.3130        63.8659     -0.2971
3124    0.0102        1.0000         0.3135        63.8641     -0.2980
3125    0.0102        1.0000         0.3147        63.8621     -0.2980
3126    0.0102        1.0000         0.3146        63.8601     -0.2994
3127    0.0102        1.0000         0.3156        63.8582     -0.3006
3128    0.0102        1.0000         0.3156        63.8561     -0.3001
3129    0.0102        1.0000         0.3156        63.8541     -0.3027
3130    0.0102        1.0000         0.3161        63.8521     -0.3009
3131    0.0102        1.0000         0.3168        63.8501     -0.3007
3132    0.0102        1.0000         0.3171        63.8480     -0.3003
3133    0.0101        1.0000         0.3181        63.8459     -0.3001
3134    0.0101        1.0000         0.3179        63.8438     -0.3062
3135    0.0101        1.0000         0.3181        63.8418     -0.3051
3136    0.0101        1.0000         0.3193        63.8398     -0.3024
3137    0.0101        1.0000         0.3196        63.8377     -0.3082
3138    0.0101        1.0000         0.3200        63.8357     -0.3047
3139    0.0101        1.0000         0.3199        63.8336     -0.3067
3140    0.0101        1.0000         0.3199        63.8317     -0.3036
3141    0.0101        1.0000         0.3211        63.8296     -0.3055
3142    0.0101        1.0000         0.3218        63.8275     -0.3067
3143    0.0101        1.0000         0.3226        63.8255     -0.3088
3144    0.0101        1.0000         0.3237        63.8234     -0.3083
3145    0.0101        1.0000         0.3244        63.8212     -0.3121
3146    0.0101        1.0000         0.3249        63.8190     -0.3089
3147    0.0100        1.0000         0.3255        63.8168     -0.3099
3148    0.0100        1.0000         0.3261        63.8147     -0.3118
3149    0.0100        1.0000         0.3266        63.8126     -0.3130
3150    0.0100        1.0000         0.3264        63.8105     -0.3124
Epoch    Loss        Train Acc      Test Acc       L2 Norm   Dropout Gap
3151    0.0100        1.0000         0.3275        63.8084     -0.3121
3152    0.0100
              Per-Epoch  Results
                      1.0000
                                 (page   71
                                     0.3273
                                             of 223)
                                                   63.8063     -0.3141
3153    0.0100        1.0000         0.3284        63.8041     -0.3115
3154    0.0100        1.0000         0.3294        63.8020     -0.3124
3155    0.0100        1.0000         0.3299        63.8000     -0.3149
3156    0.0100        1.0000         0.3299        63.7979     -0.3161
3157    0.0100        1.0000         0.3317        63.7957     -0.3177
3158    0.0100        1.0000         0.3328        63.7936     -0.3176
3159    0.0100        1.0000         0.3325        63.7914     -0.3191
3160    0.0100        1.0000         0.3335        63.7893     -0.3214
3161    0.0099        1.0000         0.3335        63.7872     -0.3211
3162    0.0099        1.0000         0.3341        63.7850     -0.3199
3163    0.0099        1.0000         0.3358        63.7829     -0.3218
3164    0.0099        1.0000         0.3352        63.7809     -0.3220
3165    0.0099        1.0000         0.3357        63.7788     -0.3223
3166    0.0099        1.0000         0.3370        63.7767     -0.3212
3167    0.0099        1.0000         0.3376        63.7746     -0.3241
3168    0.0099        1.0000         0.3375        63.7725     -0.3212
3169    0.0099        1.0000         0.3384        63.7705     -0.3218
3170    0.0099        1.0000         0.3385        63.7684     -0.3253
3171    0.0099        1.0000         0.3395        63.7664     -0.3261
3172    0.0099        1.0000         0.3399        63.7644     -0.3250
3173    0.0099        1.0000         0.3411        63.7624     -0.3262
3174    0.0099        1.0000         0.3417        63.7605     -0.3282
3175    0.0099        1.0000         0.3423        63.7586     -0.3267
3176    0.0098        1.0000         0.3423        63.7568     -0.3261
3177    0.0098        1.0000         0.3426        63.7548     -0.3297
3178    0.0098        1.0000         0.3434        63.7529     -0.3281
3179    0.0098        1.0000         0.3439        63.7510     -0.3294
3180    0.0098        1.0000         0.3440        63.7490     -0.3278
3181    0.0098        1.0000         0.3437        63.7471     -0.3311
3182    0.0098        1.0000         0.3436        63.7451     -0.3278
3183    0.0098        1.0000         0.3451        63.7432     -0.3317
3184    0.0098        1.0000         0.3461        63.7413     -0.3329
3185    0.0098        1.0000         0.3463        63.7394     -0.3307
3186    0.0098        1.0000         0.3475        63.7375     -0.3299
3187    0.0097        1.0000         0.3477        63.7355     -0.3308
3188    0.0097        1.0000         0.3487        63.7337     -0.3338
3189    0.0097        1.0000         0.3498        63.7320     -0.3367
3190    0.0097        1.0000         0.3499        63.7303     -0.3343
3191    0.0097        1.0000         0.3505        63.7288     -0.3346
3192    0.0097        1.0000         0.3505        63.7273     -0.3361
3193    0.0097        1.0000         0.3505        63.7259     -0.3351
3194    0.0097        1.0000         0.3508        63.7246     -0.3379
3195    0.0097        1.0000         0.3518        63.7234     -0.3372
Epoch    Loss        Train Acc      Test Acc       L2 Norm   Dropout Gap
3196    0.0096        1.0000         0.3516        63.7224     -0.3355
3197    0.0096
              Per-Epoch  Results
                      1.0000
                                 (page   72
                                     0.3518
                                             of 223)
                                                   63.7215     -0.3381
3198    0.0096        1.0000         0.3527        63.7206     -0.3385
3199    0.0096        1.0000         0.3531        63.7199     -0.3390
3200    0.0096        1.0000         0.3527        63.7196     -0.3379
3201    0.0096        1.0000         0.3530        63.7195     -0.3351
3202    0.0095        1.0000         0.3539        63.7194     -0.3399
3203    0.0095        1.0000         0.3543        63.7194     -0.3401
3204    0.0095        1.0000         0.3551        63.7196     -0.3385
3205    0.0095        1.0000         0.3560        63.7199     -0.3411
3206    0.0095        1.0000         0.3565        63.7204     -0.3423
3207    0.0094        1.0000         0.3574        63.7209     -0.3442
3208    0.0094        1.0000         0.3577        63.7215     -0.3443
3209    0.0094        1.0000         0.3587        63.7223     -0.3452
3210    0.0094        1.0000         0.3595        63.7232     -0.3455
3211    0.0093        1.0000         0.3600        63.7243     -0.3433
3212    0.0093        1.0000         0.3606        63.7255     -0.3439
3213    0.0093        1.0000         0.3604        63.7267     -0.3461
3214    0.0093        1.0000         0.3616        63.7280     -0.3445
3215    0.0092        1.0000         0.3618        63.7293     -0.3457
3216    0.0092        1.0000         0.3628        63.7307     -0.3486
3217    0.0092        1.0000         0.3630        63.7321     -0.3483
3218    0.0092        1.0000         0.3630        63.7334     -0.3493
3219    0.0091        1.0000         0.3639        63.7348     -0.3474
3220    0.0091        1.0000         0.3644        63.7362     -0.3499
3221    0.0091        1.0000         0.3653        63.7375     -0.3502
3222    0.0091        1.0000         0.3660        63.7389     -0.3467
3223    0.0090        1.0000         0.3669        63.7403     -0.3533
3224    0.0090        1.0000         0.3678        63.7416     -0.3499
3225    0.0090        1.0000         0.3681        63.7429     -0.3519
3226    0.0090        1.0000         0.3686        63.7441     -0.3518
3227    0.0089        1.0000         0.3688        63.7454     -0.3545
3228    0.0089        1.0000         0.3700        63.7466     -0.3572
3229    0.0089        1.0000         0.3712        63.7479     -0.3562
3230    0.0089        1.0000         0.3710        63.7491     -0.3524
3231    0.0088        1.0000         0.3719        63.7502     -0.3568
3232    0.0088        1.0000         0.3718        63.7513     -0.3565
3233    0.0088        1.0000         0.3721        63.7525     -0.3569
3234    0.0088        1.0000         0.3742        63.7536     -0.3600
3235    0.0087        1.0000         0.3739        63.7547     -0.3601
3236    0.0087        1.0000         0.3739        63.7556     -0.3566
3237    0.0087        1.0000         0.3750        63.7565     -0.3622
3238    0.0087        1.0000         0.3748        63.7574     -0.3603
3239    0.0086        1.0000         0.3753        63.7581     -0.3601
3240    0.0086        1.0000         0.3759        63.7587     -0.3600
Epoch    Loss        Train Acc      Test Acc       L2 Norm   Dropout Gap
3241    0.0086        1.0000         0.3765        63.7592     -0.3596
3242    0.0086
              Per-Epoch  Results
                      1.0000
                                 (page   73
                                     0.3773
                                             of 223)
                                                   63.7596     -0.3612
3243    0.0086        1.0000         0.3779        63.7601     -0.3604
3244    0.0085        1.0000         0.3786        63.7604     -0.3637
3245    0.0085        1.0000         0.3795        63.7607     -0.3624
3246    0.0085        1.0000         0.3804        63.7610     -0.3656
3247    0.0085        1.0000         0.3823        63.7612     -0.3650
3248    0.0084        1.0000         0.3830        63.7614     -0.3677
3249    0.0084        1.0000         0.3839        63.7617     -0.3697
3250    0.0084        1.0000         0.3850        63.7619     -0.3671
3251    0.0084        1.0000         0.3853        63.7619     -0.3713
3252    0.0084        1.0000         0.3859        63.7620     -0.3709
3253    0.0083        1.0000         0.3865        63.7620     -0.3710
3254    0.0083        1.0000         0.3873        63.7619     -0.3726
3255    0.0083        1.0000         0.3871        63.7619     -0.3739
3256    0.0083        1.0000         0.3874        63.7617     -0.3710
3257    0.0083        1.0000         0.3879        63.7616     -0.3719
3258    0.0082        1.0000         0.3889        63.7614     -0.3736
3259    0.0082        1.0000         0.3905        63.7610     -0.3729
3260    0.0082        1.0000         0.3915        63.7606     -0.3759
3261    0.0082        1.0000         0.3924        63.7603     -0.3770
3262    0.0082        1.0000         0.3929        63.7598     -0.3785
3263    0.0082        1.0000         0.3935        63.7593     -0.3785
3264    0.0081        1.0000         0.3947        63.7587     -0.3785
3265    0.0081        1.0000         0.3955        63.7582     -0.3804
3266    0.0081        1.0000         0.3959        63.7576     -0.3792
3267    0.0081        1.0000         0.3971        63.7571     -0.3824
3268    0.0081        1.0000         0.3979        63.7565     -0.3826
3269    0.0080        1.0000         0.3994        63.7559     -0.3826
3270    0.0080        1.0000         0.3999        63.7552     -0.3844
3271    0.0080        1.0000         0.4011        63.7545     -0.3853
3272    0.0080        1.0000         0.4020        63.7537     -0.3862
3273    0.0080        1.0000         0.4028        63.7529     -0.3844
3274    0.0079        1.0000         0.4035        63.7522     -0.3856
3275    0.0079        1.0000         0.4043        63.7514     -0.3870
3276    0.0079        1.0000         0.4052        63.7505     -0.3912
3277    0.0079        1.0000         0.4070        63.7495     -0.3896
3278    0.0078        1.0000         0.4072        63.7486     -0.3920
3279    0.0078        1.0000         0.4073        63.7477     -0.3909
3280    0.0078        1.0000         0.4073        63.7469     -0.3921
3281    0.0078        1.0000         0.4090        63.7462     -0.3927
3282    0.0078        1.0000         0.4091        63.7455     -0.3943
3283    0.0077        1.0000         0.4096        63.7447     -0.3940
3284    0.0077        1.0000         0.4101        63.7441     -0.3930
3285    0.0077        1.0000         0.4113        63.7436     -0.3956
Epoch    Loss        Train Acc      Test Acc       L2 Norm   Dropout Gap
3286    0.0077        1.0000         0.4122        63.7430     -0.3961
3287    0.0076
              Per-Epoch  Results
                      1.0000
                                 (page   74
                                     0.4129
                                             of 223)
                                                   63.7426     -0.3950
3288    0.0076        1.0000         0.4138        63.7420     -0.3984
3289    0.0076        1.0000         0.4138        63.7415     -0.4011
3290    0.0076        1.0000         0.4148        63.7410     -0.3982
3291    0.0076        1.0000         0.4154        63.7405     -0.3978
3292    0.0075        1.0000         0.4157        63.7399     -0.3993
3293    0.0075        1.0000         0.4173        63.7393     -0.3981
3294    0.0075        1.0000         0.4182        63.7387     -0.4028
3295    0.0075        1.0000         0.4179        63.7381     -0.4006
3296    0.0074        1.0000         0.4179        63.7375     -0.3990
3297    0.0074        1.0000         0.4186        63.7369     -0.4032
3298    0.0074        1.0000         0.4196        63.7363     -0.4044
3299    0.0074        1.0000         0.4190        63.7355     -0.4025
3300    0.0074        1.0000         0.4201        63.7346     -0.4020
3301    0.0073        1.0000         0.4205        63.7337     -0.4031
3302    0.0073        1.0000         0.4213        63.7328     -0.4041
3303    0.0073        1.0000         0.4222        63.7318     -0.4070
3304    0.0073        1.0000         0.4219        63.7309     -0.4025
3305    0.0073        1.0000         0.4237        63.7300     -0.4084
3306    0.0072        1.0000         0.4240        63.7291     -0.4087
3307    0.0072        1.0000         0.4251        63.7281     -0.4063
3308    0.0072        1.0000         0.4267        63.7273     -0.4114
3309    0.0072        1.0000         0.4271        63.7262     -0.4110
3310    0.0072        1.0000         0.4283        63.7252     -0.4120
3311    0.0072        1.0000         0.4281        63.7243     -0.4120
3312    0.0071        1.0000         0.4299        63.7232     -0.4119
3313    0.0071        1.0000         0.4305        63.7220     -0.4148
3314    0.0071        1.0000         0.4319        63.7208     -0.4155
3315    0.0071        1.0000         0.4325        63.7196     -0.4170
3316    0.0071        1.0000         0.4333        63.7184     -0.4166
3317    0.0071        1.0000         0.4345        63.7170     -0.4186
3318    0.0070        1.0000         0.4348        63.7155     -0.4169
3319    0.0070        1.0000         0.4351        63.7141     -0.4182
3320    0.0070        1.0000         0.4353        63.7127     -0.4184
3321    0.0070        1.0000         0.4359        63.7112     -0.4182
3322    0.0070        1.0000         0.4368        63.7097     -0.4211
3323    0.0070        1.0000         0.4371        63.7082     -0.4199
3324    0.0070        1.0000         0.4378        63.7064     -0.4192
3325    0.0069        1.0000         0.4386        63.7046     -0.4195
3326    0.0069        1.0000         0.4401        63.7027     -0.4242
3327    0.0069        1.0000         0.4409        63.7008     -0.4233
3328    0.0069        1.0000         0.4410        63.6988     -0.4258
3329    0.0069        1.0000         0.4425        63.6965     -0.4251
3330    0.0069        1.0000         0.4427        63.6942     -0.4242
Epoch    Loss        Train Acc      Test Acc       L2 Norm   Dropout Gap
3331    0.0069        1.0000         0.4428        63.6920     -0.4264
3332    0.0069
              Per-Epoch  Results
                      1.0000
                                 (page   75
                                     0.4433
                                             of 223)
                                                   63.6896     -0.4252
3333    0.0068        1.0000         0.4444        63.6873     -0.4280
3334    0.0068        1.0000         0.4453        63.6850     -0.4272
3335    0.0068        1.0000         0.4463        63.6826     -0.4289
3336    0.0068        1.0000         0.4471        63.6801     -0.4313
3337    0.0068        1.0000         0.4472        63.6777     -0.4319
3338    0.0068        1.0000         0.4477        63.6751     -0.4340
3339    0.0068        1.0000         0.4491        63.6725     -0.4342
3340    0.0068        1.0000         0.4503        63.6700     -0.4313
3341    0.0068        1.0000         0.4507        63.6674     -0.4345
3342    0.0068        1.0000         0.4520        63.6648     -0.4363
3343    0.0068        1.0000         0.4538        63.6623     -0.4383
3344    0.0068        1.0000         0.4544        63.6595     -0.4403
3345    0.0067        1.0000         0.4553        63.6568     -0.4407
3346    0.0067        1.0000         0.4562        63.6544     -0.4407
3347    0.0067        1.0000         0.4571        63.6517     -0.4397
3348    0.0067        1.0000         0.4577        63.6490     -0.4389
3349    0.0067        1.0000         0.4591        63.6465     -0.4431
3350    0.0067        1.0000         0.4598        63.6437     -0.4410
3351    0.0067        1.0000         0.4606        63.6409     -0.4442
3352    0.0067        1.0000         0.4611        63.6384     -0.4431
3353    0.0067        1.0000         0.4617        63.6357     -0.4444
3354    0.0067        1.0000         0.4635        63.6327     -0.4453
3355    0.0067        1.0000         0.4639        63.6300     -0.4477
3356    0.0066        1.0000         0.4655        63.6272     -0.4498
3357    0.0066        1.0000         0.4653        63.6243     -0.4471
3358    0.0066        1.0000         0.4658        63.6216     -0.4460
3359    0.0066        1.0000         0.4676        63.6189     -0.4489
3360    0.0066        1.0000         0.4680        63.6160     -0.4494
3361    0.0066        1.0000         0.4690        63.6132     -0.4516
3362    0.0066        1.0000         0.4700        63.6105     -0.4542
3363    0.0066        1.0000         0.4700        63.6077     -0.4520
3364    0.0066        1.0000         0.4706        63.6050     -0.4513
3365    0.0066        1.0000         0.4721        63.6023     -0.4544
3366    0.0066        1.0000         0.4732        63.5998     -0.4562
3367    0.0066        1.0000         0.4738        63.5974     -0.4583
3368    0.0065        1.0000         0.4738        63.5951     -0.4595
3369    0.0065        1.0000         0.4743        63.5929     -0.4577
3370    0.0065        1.0000         0.4753        63.5910     -0.4570
3371    0.0065        1.0000         0.4753        63.5893     -0.4567
3372    0.0065        1.0000         0.4767        63.5878     -0.4564
3373    0.0065        1.0000         0.4765        63.5864     -0.4595
3374    0.0065        1.0000         0.4767        63.5851     -0.4592
3375    0.0064        1.0000         0.4778        63.5841     -0.4612
Epoch    Loss        Train Acc      Test Acc       L2 Norm   Dropout Gap
3376    0.0064        1.0000         0.4785        63.5833     -0.4574
3377    0.0064
              Per-Epoch  Results
                      1.0000
                                 (page   76
                                     0.4800
                                             of 223)
                                                   63.5827     -0.4611
3378    0.0064        1.0000         0.4799        63.5822     -0.4630
3379    0.0064        1.0000         0.4811        63.5820     -0.4614
3380    0.0064        1.0000         0.4820        63.5819     -0.4649
3381    0.0064        1.0000         0.4835        63.5822     -0.4655
3382    0.0063        1.0000         0.4835        63.5827     -0.4693
3383    0.0063        1.0000         0.4849        63.5832     -0.4664
3384    0.0063        1.0000         0.4864        63.5838     -0.4676
3385    0.0063        1.0000         0.4869        63.5845     -0.4670
3386    0.0063        1.0000         0.4873        63.5854     -0.4705
3387    0.0062        1.0000         0.4873        63.5864     -0.4705
3388    0.0062        1.0000         0.4885        63.5875     -0.4685
3389    0.0062        1.0000         0.4902        63.5887     -0.4720
3390    0.0062        1.0000         0.4902        63.5900     -0.4718
3391    0.0062        1.0000         0.4898        63.5914     -0.4720
3392    0.0061        1.0000         0.4902        63.5928     -0.4729
3393    0.0061        1.0000         0.4916        63.5944     -0.4788
3394    0.0061        1.0000         0.4922        63.5962     -0.4734
3395    0.0061        1.0000         0.4931        63.5980     -0.4759
3396    0.0061        1.0000         0.4948        63.5998     -0.4749
3397    0.0060        1.0000         0.4952        63.6016     -0.4761
3398    0.0060        1.0000         0.4967        63.6033     -0.4782
3399    0.0060        1.0000         0.4966        63.6052     -0.4794
3400    0.0060        1.0000         0.4966        63.6072     -0.4799
3401    0.0060        1.0000         0.4964        63.6091     -0.4803
3402    0.0060        1.0000         0.4975        63.6111     -0.4799
3403    0.0059        1.0000         0.4993        63.6130     -0.4797
3404    0.0059        1.0000         0.4995        63.6149     -0.4834
3405    0.0059        1.0000         0.4986        63.6166     -0.4805
3406    0.0059        1.0000         0.5001        63.6182     -0.4855
3407    0.0059        1.0000         0.4996        63.6198     -0.4834
3408    0.0059        1.0000         0.5007        63.6215     -0.4817
3409    0.0058        1.0000         0.5024        63.6230     -0.4837
3410    0.0058        1.0000         0.5020        63.6245     -0.4837
3411    0.0058        1.0000         0.5031        63.6258     -0.4873
3412    0.0058        1.0000         0.5052        63.6271     -0.4879
3413    0.0058        1.0000         0.5058        63.6285     -0.4878
3414    0.0058        1.0000         0.5061        63.6297     -0.4894
3415    0.0058        1.0000         0.5058        63.6309     -0.4910
3416    0.0057        1.0000         0.5063        63.6320     -0.4899
3417    0.0057        1.0000         0.5080        63.6330     -0.4920
3418    0.0057        1.0000         0.5083        63.6341     -0.4901
3419    0.0057        1.0000         0.5095        63.6351     -0.4920
3420    0.0057        1.0000         0.5095        63.6359     -0.4905
Epoch    Loss        Train Acc      Test Acc       L2 Norm   Dropout Gap
3421    0.0057        1.0000         0.5104        63.6367     -0.4942
3422    0.0057
              Per-Epoch  Results
                      1.0000
                                 (page   77
                                     0.5106
                                             of 223)
                                                   63.6373     -0.4907
3423    0.0057        1.0000         0.5127        63.6381     -0.4975
3424    0.0057        1.0000         0.5130        63.6387     -0.4946
3425    0.0056        1.0000         0.5136        63.6392     -0.4970
3426    0.0056        1.0000         0.5139        63.6397     -0.4949
3427    0.0056        1.0000         0.5142        63.6403     -0.4973
3428    0.0056        1.0000         0.5145        63.6408     -0.4969
3429    0.0056        1.0000         0.5160        63.6414     -0.5011
3430    0.0056        1.0000         0.5166        63.6418     -0.5008
3431    0.0056        1.0000         0.5177        63.6421     -0.5019
3432    0.0056        1.0000         0.5187        63.6424     -0.5020
3433    0.0056        1.0000         0.5192        63.6426     -0.4989
3434    0.0056        1.0000         0.5201        63.6429     -0.5055
3435    0.0056        1.0000         0.5204        63.6431     -0.5020
3436    0.0056        1.0000         0.5215        63.6432     -0.5049
3437    0.0055        1.0000         0.5221        63.6433     -0.5058
3438    0.0055        1.0000         0.5224        63.6433     -0.5058
3439    0.0055        1.0000         0.5225        63.6432     -0.5046
3440    0.0055        1.0000         0.5225        63.6432     -0.5040
3441    0.0055        1.0000         0.5232        63.6430     -0.5065
3442    0.0055        1.0000         0.5241        63.6429     -0.5061
3443    0.0055        1.0000         0.5247        63.6427     -0.5084
3444    0.0055        1.0000         0.5250        63.6424     -0.5066
3445    0.0055        1.0000         0.5257        63.6422     -0.5081
3446    0.0055        1.0000         0.5268        63.6419     -0.5124
3447    0.0055        1.0000         0.5274        63.6417     -0.5121
3448    0.0055        1.0000         0.5268        63.6413     -0.5055
3449    0.0055        1.0000         0.5269        63.6408     -0.5096
3450    0.0055        1.0000         0.5282        63.6404     -0.5095
3451    0.0055        1.0000         0.5285        63.6399     -0.5102
3452    0.0055        1.0000         0.5291        63.6395     -0.5107
3453    0.0055        1.0000         0.5294        63.6390     -0.5113
3454    0.0054        1.0000         0.5300        63.6385     -0.5133
3455    0.0054        1.0000         0.5292        63.6380     -0.5101
3456    0.0054        1.0000         0.5300        63.6373     -0.5125
3457    0.0054        1.0000         0.5306        63.6368     -0.5113
3458    0.0054        1.0000         0.5309        63.6362     -0.5133
3459    0.0054        1.0000         0.5313        63.6357     -0.5165
3460    0.0054        1.0000         0.5321        63.6351     -0.5137
3461    0.0054        1.0000         0.5324        63.6345     -0.5142
3462    0.0054        1.0000         0.5329        63.6339     -0.5159
3463    0.0054        1.0000         0.5324        63.6334     -0.5140
3464    0.0054        1.0000         0.5338        63.6329     -0.5159
3465    0.0054        1.0000         0.5341        63.6323     -0.5147
Epoch    Loss        Train Acc      Test Acc       L2 Norm   Dropout Gap
3466    0.0054        1.0000         0.5351        63.6318     -0.5175
3467    0.0054
              Per-Epoch  Results
                      1.0000
                                 (page   78
                                     0.5368
                                             of 223)
                                                   63.6312     -0.5168
3468    0.0054        1.0000         0.5368        63.6307     -0.5203
3469    0.0054        1.0000         0.5374        63.6301     -0.5189
3470    0.0054        1.0000         0.5377        63.6296     -0.5180
3471    0.0054        1.0000         0.5385        63.6291     -0.5194
3472    0.0054        1.0000         0.5388        63.6286     -0.5195
3473    0.0054        1.0000         0.5399        63.6281     -0.5198
3474    0.0053        1.0000         0.5397        63.6275     -0.5225
3475    0.0053        1.0000         0.5406        63.6269     -0.5206
3476    0.0053        1.0000         0.5415        63.6265     -0.5254
3477    0.0053        1.0000         0.5424        63.6259     -0.5247
3478    0.0053        1.0000         0.5424        63.6254     -0.5221
3479    0.0053        1.0000         0.5435        63.6250     -0.5254
3480    0.0053        1.0000         0.5444        63.6245     -0.5282
3481    0.0053        1.0000         0.5446        63.6239     -0.5288
3482    0.0053        1.0000         0.5447        63.6234     -0.5236
3483    0.0053        1.0000         0.5461        63.6229     -0.5273
3484    0.0053        1.0000         0.5459        63.6224     -0.5301
3485    0.0053        1.0000         0.5473        63.6219     -0.5274
3486    0.0053        1.0000         0.5473        63.6213     -0.5313
3487    0.0053        1.0000         0.5474        63.6210     -0.5283
3488    0.0053        1.0000         0.5482        63.6207     -0.5266
3489    0.0053        1.0000         0.5479        63.6203     -0.5292
3490    0.0053        1.0000         0.5488        63.6198     -0.5298
3491    0.0053        1.0000         0.5496        63.6193     -0.5336
3492    0.0053        1.0000         0.5506        63.6189     -0.5313
3493    0.0053        1.0000         0.5517        63.6186     -0.5345
3494    0.0053        1.0000         0.5515        63.6182     -0.5297
3495    0.0052        1.0000         0.5521        63.6180     -0.5307
3496    0.0052        1.0000         0.5526        63.6175     -0.5339
3497    0.0052        1.0000         0.5538        63.6172     -0.5359
3498    0.0052        1.0000         0.5540        63.6168     -0.5382
3499    0.0052        1.0000         0.5541        63.6165     -0.5370
3500    0.0052        1.0000         0.5552        63.6161     -0.5324
3501    0.0052        1.0000         0.5553        63.6157     -0.5370
3502    0.0052        1.0000         0.5561        63.6153     -0.5389
3503    0.0052        1.0000         0.5570        63.6149     -0.5365
3504    0.0052        1.0000         0.5581        63.6145     -0.5399
3505    0.0052        1.0000         0.5588        63.6140     -0.5394
3506    0.0052        1.0000         0.5600        63.6135     -0.5429
3507    0.0052        1.0000         0.5602        63.6130     -0.5400
3508    0.0052        1.0000         0.5605        63.6125     -0.5423
3509    0.0052        1.0000         0.5610        63.6120     -0.5418
3510    0.0052        1.0000         0.5608        63.6116     -0.5380
Epoch    Loss        Train Acc      Test Acc       L2 Norm   Dropout Gap
3511    0.0052        1.0000         0.5616        63.6111     -0.5414
3512    0.0051
              Per-Epoch  Results
                      1.0000
                                 (page   79
                                     0.5623
                                             of 223)
                                                   63.6106     -0.5430
3513    0.0051        1.0000         0.5631        63.6100     -0.5455
3514    0.0051        1.0000         0.5641        63.6094     -0.5452
3515    0.0051        1.0000         0.5644        63.6089     -0.5444
3516    0.0051        1.0000         0.5657        63.6085     -0.5493
3517    0.0051        1.0000         0.5657        63.6081     -0.5462
3518    0.0051        1.0000         0.5660        63.6077     -0.5432
3519    0.0051        1.0000         0.5664        63.6072     -0.5482
3520    0.0051        1.0000         0.5676        63.6067     -0.5503
3521    0.0051        1.0000         0.5684        63.6063     -0.5511
3522    0.0051        1.0000         0.5684        63.6059     -0.5506
3523    0.0051        1.0000         0.5690        63.6056     -0.5490
3524    0.0051        1.0000         0.5705        63.6051     -0.5484
3525    0.0051        1.0000         0.5717        63.6045     -0.5529
3526    0.0051        1.0000         0.5723        63.6040     -0.5576
3527    0.0051        1.0000         0.5734        63.6035     -0.5534
3528    0.0051        1.0000         0.5728        63.6029     -0.5511
3529    0.0050        1.0000         0.5740        63.6024     -0.5538
3530    0.0050        1.0000         0.5751        63.6019     -0.5537
3531    0.0050        1.0000         0.5760        63.6013     -0.5569
3532    0.0050        1.0000         0.5766        63.6007     -0.5585
3533    0.0050        1.0000         0.5766        63.6001     -0.5584
3534    0.0050        1.0000         0.5770        63.5995     -0.5585
3535    0.0050        1.0000         0.5775        63.5988     -0.5585
3536    0.0050        1.0000         0.5778        63.5980     -0.5619
3537    0.0050        1.0000         0.5781        63.5974     -0.5581
3538    0.0050        1.0000         0.5781        63.5967     -0.5600
3539    0.0050        1.0000         0.5790        63.5959     -0.5608
3540    0.0050        1.0000         0.5799        63.5951     -0.5603
3541    0.0050        1.0000         0.5810        63.5942     -0.5605
3542    0.0050        1.0000         0.5805        63.5934     -0.5637
3543    0.0050        1.0000         0.5821        63.5926     -0.5637
3544    0.0050        1.0000         0.5816        63.5917     -0.5622
3545    0.0049        1.0000         0.5825        63.5907     -0.5651
3546    0.0049        1.0000         0.5828        63.5897     -0.5661
3547    0.0049        1.0000         0.5831        63.5888     -0.5649
3548    0.0049        1.0000         0.5842        63.5877     -0.5626
3549    0.0049        1.0000         0.5845        63.5866     -0.5655
3550    0.0049        1.0000         0.5857        63.5855     -0.5649
3551    0.0049        1.0000         0.5863        63.5844     -0.5687
3552    0.0049        1.0000         0.5860        63.5833     -0.5658
3553    0.0049        1.0000         0.5871        63.5821     -0.5699
3554    0.0049        1.0000         0.5874        63.5809     -0.5670
3555    0.0049        1.0000         0.5884        63.5796     -0.5705
Epoch    Loss        Train Acc      Test Acc       L2 Norm   Dropout Gap
3556    0.0049        1.0000         0.5890        63.5783     -0.5714
3557    0.0049
              Per-Epoch  Results
                      1.0000
                                 (page   80
                                     0.5893
                                             of 223)
                                                   63.5770     -0.5719
3558    0.0049        1.0000         0.5901        63.5756     -0.5699
3559    0.0049        1.0000         0.5898        63.5743     -0.5684
3560    0.0049        1.0000         0.5916        63.5730     -0.5687
3561    0.0048        1.0000         0.5918        63.5717     -0.5720
3562    0.0048        1.0000         0.5925        63.5704     -0.5761
3563    0.0048        1.0000         0.5934        63.5692     -0.5775
3564    0.0048        1.0000         0.5939        63.5681     -0.5734
3565    0.0048        1.0000         0.5945        63.5671     -0.5742
3566    0.0048        1.0000         0.5947        63.5661     -0.5728
3567    0.0048        1.0000         0.5956        63.5651     -0.5733
3568    0.0048        1.0000         0.5965        63.5642     -0.5783
3569    0.0048        1.0000         0.5974        63.5636     -0.5789
3570    0.0048        1.0000         0.5977        63.5630     -0.5784
3571    0.0048        1.0000         0.5978        63.5626     -0.5767
3572    0.0048        1.0000         0.5994        63.5621     -0.5786
3573    0.0048        1.0000         0.6007        63.5617     -0.5804
3574    0.0048        1.0000         0.6003        63.5615     -0.5836
3575    0.0048        1.0000         0.6007        63.5612     -0.5818
3576    0.0047        1.0000         0.6007        63.5610     -0.5813
3577    0.0047        1.0000         0.6016        63.5610     -0.5807
3578    0.0047        1.0000         0.6021        63.5611     -0.5813
3579    0.0047        1.0000         0.6027        63.5614     -0.5849
3580    0.0047        1.0000         0.6016        63.5616     -0.5819
3581    0.0047        1.0000         0.6018        63.5620     -0.5821
3582    0.0047        1.0000         0.6033        63.5622     -0.5843
3583    0.0047        1.0000         0.6042        63.5625     -0.5896
3584    0.0047        1.0000         0.6047        63.5630     -0.5872
3585    0.0047        1.0000         0.6050        63.5635     -0.5863
3586    0.0047        1.0000         0.6050        63.5638     -0.5852
3587    0.0047        1.0000         0.6071        63.5643     -0.5886
3588    0.0046        1.0000         0.6071        63.5647     -0.5877
3589    0.0046        1.0000         0.6068        63.5651     -0.5890
3590    0.0046        1.0000         0.6066        63.5656     -0.5872
3591    0.0046        1.0000         0.6074        63.5660     -0.5904
3592    0.0046        1.0000         0.6082        63.5663     -0.5880
3593    0.0046        1.0000         0.6086        63.5666     -0.5884
3594    0.0046        1.0000         0.6092        63.5667     -0.5937
3595    0.0046        1.0000         0.6095        63.5668     -0.5903
3596    0.0046        1.0000         0.6097        63.5668     -0.5854
3597    0.0046        1.0000         0.6107        63.5669     -0.5883
3598    0.0046        1.0000         0.6112        63.5669     -0.5907
3599    0.0046        1.0000         0.6120        63.5668     -0.5931
3600    0.0045        1.0000         0.6132        63.5667     -0.5944
Epoch    Loss        Train Acc      Test Acc       L2 Norm   Dropout Gap
3601    0.0045        1.0000         0.6133        63.5665     -0.5925
3602    0.0045
              Per-Epoch  Results
                      1.0000
                                 (page   81
                                     0.6133
                                             of 223)
                                                   63.5663     -0.5933
3603    0.0045        1.0000         0.6132        63.5659     -0.5927
3604    0.0045        1.0000         0.6141        63.5655     -0.5965
3605    0.0045        1.0000         0.6152        63.5652     -0.5997
3606    0.0045        1.0000         0.6158        63.5646     -0.5975
3607    0.0045        1.0000         0.6168        63.5641     -0.5986
3608    0.0045        1.0000         0.6173        63.5634     -0.5971
3609    0.0045        1.0000         0.6180        63.5626     -0.6003
3610    0.0045        1.0000         0.6186        63.5620     -0.5995
3611    0.0045        1.0000         0.6199        63.5613     -0.6027
3612    0.0045        1.0000         0.6205        63.5604     -0.5989
3613    0.0045        1.0000         0.6205        63.5595     -0.5994
3614    0.0044        1.0000         0.6221        63.5584     -0.6047
3615    0.0044        1.0000         0.6226        63.5575     -0.6062
3616    0.0044        1.0000         0.6224        63.5564     -0.6006
3617    0.0044        1.0000         0.6232        63.5553     -0.6030
3618    0.0044        1.0000         0.6247        63.5543     -0.6056
3619    0.0044        1.0000         0.6255        63.5533     -0.6053
3620    0.0044        1.0000         0.6265        63.5522     -0.6060
3621    0.0044        1.0000         0.6284        63.5510     -0.6098
3622    0.0044        1.0000         0.6284        63.5497     -0.6111
3623    0.0044        1.0000         0.6297        63.5483     -0.6089
3624    0.0043        1.0000         0.6303        63.5468     -0.6117
3625    0.0043        1.0000         0.6314        63.5452     -0.6139
3626    0.0043        1.0000         0.6323        63.5435     -0.6136
3627    0.0043        1.0000         0.6331        63.5417     -0.6109
3628    0.0043        1.0000         0.6341        63.5398     -0.6135
3629    0.0043        1.0000         0.6340        63.5377     -0.6142
3630    0.0043        1.0000         0.6356        63.5355     -0.6191
3631    0.0043        1.0000         0.6369        63.5335     -0.6155
3632    0.0043        1.0000         0.6375        63.5313     -0.6196
3633    0.0042        1.0000         0.6384        63.5291     -0.6188
3634    0.0042        1.0000         0.6385        63.5266     -0.6167
3635    0.0042        1.0000         0.6393        63.5242     -0.6238
3636    0.0042        1.0000         0.6402        63.5217     -0.6199
3637    0.0042        1.0000         0.6413        63.5191     -0.6227
3638    0.0042        1.0000         0.6416        63.5166     -0.6197
3639    0.0042        1.0000         0.6425        63.5139     -0.6256
3640    0.0042        1.0000         0.6431        63.5112     -0.6226
3641    0.0042        1.0000         0.6445        63.5084     -0.6252
3642    0.0041        1.0000         0.6448        63.5057     -0.6258
3643    0.0041        1.0000         0.6458        63.5028     -0.6261
3644    0.0041        1.0000         0.6476        63.5000     -0.6243
3645    0.0041        1.0000         0.6479        63.4970     -0.6309
Epoch    Loss        Train Acc      Test Acc       L2 Norm   Dropout Gap
3646    0.0041        1.0000         0.6482        63.4938     -0.6300
3647    0.0041
              Per-Epoch  Results
                      1.0000
                                 (page   82
                                     0.6478
                                             of 223)
                                                   63.4904     -0.6261
3648    0.0041        1.0000         0.6490        63.4868     -0.6284
3649    0.0041        1.0000         0.6495        63.4832     -0.6268
3650    0.0041        1.0000         0.6490        63.4796     -0.6276
3651    0.0041        1.0000         0.6496        63.4759     -0.6287
3652    0.0040        1.0000         0.6505        63.4721     -0.6311
3653    0.0040        1.0000         0.6505        63.4681     -0.6309
3654    0.0040        1.0000         0.6516        63.4640     -0.6319
3655    0.0040        1.0000         0.6526        63.4598     -0.6306
3656    0.0040        1.0000         0.6543        63.4557     -0.6332
3657    0.0040        1.0000         0.6552        63.4516     -0.6356
3658    0.0040        1.0000         0.6563        63.4474     -0.6349
3659    0.0040        1.0000         0.6560        63.4432     -0.6325
3660    0.0040        1.0000         0.6572        63.4389     -0.6402
3661    0.0040        1.0000         0.6578        63.4346     -0.6379
3662    0.0040        1.0000         0.6577        63.4302     -0.6375
3663    0.0039        1.0000         0.6592        63.4257     -0.6391
3664    0.0039        1.0000         0.6595        63.4212     -0.6376
3665    0.0039        1.0000         0.6610        63.4167     -0.6405
3666    0.0039        1.0000         0.6608        63.4123     -0.6413
3667    0.0039        1.0000         0.6616        63.4078     -0.6417
3668    0.0039        1.0000         0.6624        63.4034     -0.6428
3669    0.0039        1.0000         0.6630        63.3988     -0.6399
3670    0.0039        1.0000         0.6643        63.3941     -0.6454
3671    0.0039        1.0000         0.6645        63.3896     -0.6429
3672    0.0039        1.0000         0.6663        63.3849     -0.6479
3673    0.0039        1.0000         0.6662        63.3802     -0.6460
3674    0.0039        1.0000         0.6666        63.3756     -0.6451
3675    0.0039        1.0000         0.6671        63.3708     -0.6464
3676    0.0039        1.0000         0.6672        63.3660     -0.6484
3677    0.0038        1.0000         0.6686        63.3612     -0.6489
3678    0.0038        1.0000         0.6678        63.3563     -0.6441
3679    0.0038        1.0000         0.6687        63.3513     -0.6487
3680    0.0038        1.0000         0.6701        63.3465     -0.6505
3681    0.0038        1.0000         0.6710        63.3415     -0.6495
3682    0.0038        1.0000         0.6718        63.3364     -0.6526
3683    0.0038        1.0000         0.6725        63.3316     -0.6519
3684    0.0038        1.0000         0.6725        63.3266     -0.6558
3685    0.0038        1.0000         0.6733        63.3215     -0.6539
3686    0.0038        1.0000         0.6739        63.3164     -0.6555
3687    0.0038        1.0000         0.6741        63.3113     -0.6539
3688    0.0038        1.0000         0.6753        63.3060     -0.6537
3689    0.0038        1.0000         0.6759        63.3008     -0.6543
3690    0.0037        1.0000         0.6765        63.2956     -0.6542
Epoch    Loss        Train Acc      Test Acc       L2 Norm   Dropout Gap
3691    0.0037        1.0000         0.6779        63.2902     -0.6549
3692    0.0037
              Per-Epoch  Results
                      1.0000
                                 (page   83
                                     0.6780
                                             of 223)
                                                   63.2849     -0.6534
3693    0.0037        1.0000         0.6792        63.2796     -0.6564
3694    0.0037        1.0000         0.6797        63.2742     -0.6587
3695    0.0037        1.0000         0.6810        63.2689     -0.6586
3696    0.0037        1.0000         0.6810        63.2634     -0.6607
3697    0.0037        1.0000         0.6819        63.2577     -0.6615
3698    0.0037        1.0000         0.6829        63.2521     -0.6619
3699    0.0037        1.0000         0.6838        63.2465     -0.6666
3700    0.0037        1.0000         0.6845        63.2409     -0.6671
3701    0.0037        1.0000         0.6851        63.2353     -0.6648
3702    0.0037        1.0000         0.6862        63.2296     -0.6662
3703    0.0037        1.0000         0.6873        63.2238     -0.6633
3704    0.0037        1.0000         0.6877        63.2181     -0.6657
3705    0.0036        1.0000         0.6880        63.2124     -0.6686
3706    0.0036        1.0000         0.6889        63.2066     -0.6656
3707    0.0036        1.0000         0.6900        63.2008     -0.6674
3708    0.0036        1.0000         0.6909        63.1950     -0.6698
3709    0.0036        1.0000         0.6914        63.1892     -0.6703
3710    0.0036        1.0000         0.6923        63.1834     -0.6739
3711    0.0036        1.0000         0.6936        63.1776     -0.6725
3712    0.0036        1.0000         0.6939        63.1718     -0.6756
3713    0.0036        1.0000         0.6947        63.1660     -0.6734
3714    0.0036        1.0000         0.6955        63.1602     -0.6775
3715    0.0036        1.0000         0.6968        63.1543     -0.6797
3716    0.0036        1.0000         0.6976        63.1485     -0.6774
3717    0.0036        1.0000         0.6976        63.1427     -0.6756
3718    0.0036        1.0000         0.6983        63.1369     -0.6765
3719    0.0036        1.0000         0.6996        63.1310     -0.6786
3720    0.0036        1.0000         0.6997        63.1251     -0.6777
3721    0.0036        1.0000         0.7005        63.1191     -0.6788
3722    0.0036        1.0000         0.7006        63.1132     -0.6786
3723    0.0036        1.0000         0.7018        63.1072     -0.6798
3724    0.0036        1.0000         0.7031        63.1012     -0.6819
3725    0.0036        1.0000         0.7027        63.0952     -0.6829
3726    0.0036        1.0000         0.7037        63.0892     -0.6842
3727    0.0036        1.0000         0.7046        63.0832     -0.6832
3728    0.0036        1.0000         0.7047        63.0773     -0.6867
3729    0.0035        1.0000         0.7053        63.0713     -0.6868
3730    0.0035        1.0000         0.7064        63.0653     -0.6857
3731    0.0035        1.0000         0.7067        63.0593     -0.6857
3732    0.0035        1.0000         0.7072        63.0534     -0.6870
3733    0.0035        1.0000         0.7072        63.0475     -0.6871
3734    0.0035        1.0000         0.7081        63.0416     -0.6847
3735    0.0035        1.0000         0.7088        63.0357     -0.6883
Epoch    Loss        Train Acc      Test Acc       L2 Norm   Dropout Gap
3736    0.0035        1.0000         0.7097        63.0299     -0.6898
3737    0.0035
              Per-Epoch  Results
                      1.0000
                                 (page   84
                                     0.7105
                                             of 223)
                                                   63.0240     -0.6898
3738    0.0035        1.0000         0.7114        63.0182     -0.6879
3739    0.0035        1.0000         0.7117        63.0123     -0.6879
3740    0.0035        1.0000         0.7122        63.0065     -0.6892
3741    0.0035        1.0000         0.7125        63.0006     -0.6933
3742    0.0035        1.0000         0.7132        62.9947     -0.6923
3743    0.0035        1.0000         0.7146        62.9889     -0.6936
3744    0.0035        1.0000         0.7149        62.9831     -0.6958
3745    0.0035        1.0000         0.7160        62.9772     -0.6952
3746    0.0035        1.0000         0.7167        62.9713     -0.6941
3747    0.0035        1.0000         0.7178        62.9655     -0.6939
3748    0.0035        1.0000         0.7188        62.9597     -0.6959
3749    0.0035        1.0000         0.7193        62.9539     -0.6968
3750    0.0035        1.0000         0.7191        62.9482     -0.6959
3751    0.0035        1.0000         0.7201        62.9424     -0.6985
3752    0.0035        1.0000         0.7208        62.9366     -0.6999
3753    0.0035        1.0000         0.7220        62.9309     -0.7003
3754    0.0035        1.0000         0.7225        62.9254     -0.7002
3755    0.0035        1.0000         0.7229        62.9198     -0.6988
3756    0.0035        1.0000         0.7242        62.9142     -0.7037
3757    0.0035        1.0000         0.7245        62.9087     -0.7043
3758    0.0035        1.0000         0.7248        62.9030     -0.7032
3759    0.0034        1.0000         0.7254        62.8975     -0.7070
3760    0.0034        1.0000         0.7252        62.8920     -0.7015
3761    0.0034        1.0000         0.7270        62.8866     -0.7047
3762    0.0034        1.0000         0.7273        62.8813     -0.7037
3763    0.0034        1.0000         0.7279        62.8758     -0.7062
3764    0.0034        1.0000         0.7293        62.8704     -0.7062
3765    0.0034        1.0000         0.7296        62.8651     -0.7082
3766    0.0034        1.0000         0.7298        62.8597     -0.7109
3767    0.0034        1.0000         0.7310        62.8544     -0.7116
3768    0.0034        1.0000         0.7301        62.8491     -0.7097
3769    0.0034        1.0000         0.7308        62.8438     -0.7079
3770    0.0034        1.0000         0.7319        62.8386     -0.7061
3771    0.0034        1.0000         0.7314        62.8334     -0.7087
3772    0.0034        1.0000         0.7320        62.8283     -0.7135
3773    0.0034        1.0000         0.7330        62.8231     -0.7116
3774    0.0034        1.0000         0.7340        62.8178     -0.7102
3775    0.0034        1.0000         0.7342        62.8125     -0.7120
3776    0.0034        1.0000         0.7345        62.8073     -0.7150
3777    0.0034        1.0000         0.7346        62.8020     -0.7120
3778    0.0034        1.0000         0.7352        62.7969     -0.7161
3779    0.0034        1.0000         0.7357        62.7917     -0.7187
3780    0.0034        1.0000         0.7355        62.7864     -0.7123
Epoch    Loss        Train Acc      Test Acc       L2 Norm   Dropout Gap
3781    0.0034        1.0000         0.7358        62.7811     -0.7146
3782    0.0034
              Per-Epoch  Results
                      1.0000
                                 (page   85
                                     0.7368
                                             of 223)
                                                   62.7759     -0.7146
3783    0.0034        1.0000         0.7377        62.7706     -0.7166
3784    0.0034        1.0000         0.7381        62.7654     -0.7173
3785    0.0034        1.0000         0.7381        62.7603     -0.7184
3786    0.0034        1.0000         0.7395        62.7550     -0.7140
3787    0.0033        1.0000         0.7398        62.7499     -0.7207
3788    0.0033        1.0000         0.7398        62.7447     -0.7204
3789    0.0033        1.0000         0.7415        62.7394     -0.7178
3790    0.0033        1.0000         0.7410        62.7342     -0.7198
3791    0.0033        1.0000         0.7415        62.7289     -0.7178
3792    0.0033        1.0000         0.7425        62.7236     -0.7204
3793    0.0033        1.0000         0.7421        62.7183     -0.7190
3794    0.0033        1.0000         0.7422        62.7129     -0.7196
3795    0.0033        1.0000         0.7437        62.7075     -0.7214
3796    0.0033        1.0000         0.7439        62.7022     -0.7216
3797    0.0033        1.0000         0.7439        62.6969     -0.7213
3798    0.0033        1.0000         0.7448        62.6914     -0.7219
3799    0.0033        1.0000         0.7459        62.6861     -0.7226
3800    0.0033        1.0000         0.7466        62.6805     -0.7255
3801    0.0033        1.0000         0.7460        62.6750     -0.7234
3802    0.0033        1.0000         0.7463        62.6694     -0.7249
3803    0.0033        1.0000         0.7472        62.6638     -0.7261
3804    0.0033        1.0000         0.7474        62.6582     -0.7252
3805    0.0033        1.0000         0.7477        62.6526     -0.7266
3806    0.0033        1.0000         0.7477        62.6470     -0.7229
3807    0.0033        1.0000         0.7480        62.6413     -0.7240
3808    0.0033        1.0000         0.7487        62.6356     -0.7249
3809    0.0033        1.0000         0.7489        62.6298     -0.7261
3810    0.0032        1.0000         0.7495        62.6241     -0.7296
3811    0.0032        1.0000         0.7501        62.6184     -0.7293
3812    0.0032        1.0000         0.7509        62.6126     -0.7293
3813    0.0032        1.0000         0.7516        62.6068     -0.7296
3814    0.0032        1.0000         0.7524        62.6009     -0.7307
3815    0.0032        1.0000         0.7530        62.5950     -0.7310
3816    0.0032        1.0000         0.7536        62.5892     -0.7296
3817    0.0032        1.0000         0.7541        62.5833     -0.7334
3818    0.0032        1.0000         0.7548        62.5774     -0.7324
3819    0.0032        1.0000         0.7551        62.5716     -0.7319
3820    0.0032        1.0000         0.7551        62.5657     -0.7327
3821    0.0032        1.0000         0.7571        62.5599     -0.7368
3822    0.0032        1.0000         0.7579        62.5541     -0.7355
3823    0.0032        1.0000         0.7583        62.5482     -0.7358
3824    0.0032        1.0000         0.7589        62.5424     -0.7405
3825    0.0032        1.0000         0.7585        62.5365     -0.7372
Epoch    Loss        Train Acc      Test Acc       L2 Norm   Dropout Gap
3826    0.0032        1.0000         0.7591        62.5306     -0.7383
3827    0.0032
              Per-Epoch  Results
                      1.0000
                                 (page   86
                                     0.7613
                                             of 223)
                                                   62.5246     -0.7415
3828    0.0032        1.0000         0.7629        62.5188     -0.7436
3829    0.0032        1.0000         0.7621        62.5128     -0.7421
3830    0.0032        1.0000         0.7620        62.5068     -0.7424
3831    0.0032        1.0000         0.7641        62.5009     -0.7428
3832    0.0032        1.0000         0.7645        62.4948     -0.7407
3833    0.0032        1.0000         0.7644        62.4888     -0.7436
3834    0.0032        1.0000         0.7645        62.4829     -0.7410
3835    0.0032        1.0000         0.7656        62.4769     -0.7450
3836    0.0031        1.0000         0.7667        62.4710     -0.7399
3837    0.0031        1.0000         0.7671        62.4651     -0.7451
3838    0.0031        1.0000         0.7679        62.4592     -0.7481
3839    0.0031        1.0000         0.7683        62.4532     -0.7472
3840    0.0031        1.0000         0.7694        62.4473     -0.7484
3841    0.0031        1.0000         0.7697        62.4414     -0.7439
3842    0.0031        1.0000         0.7698        62.4356     -0.7434
3843    0.0031        1.0000         0.7711        62.4298     -0.7463
3844    0.0031        1.0000         0.7708        62.4238     -0.7504
3845    0.0031        1.0000         0.7717        62.4178     -0.7480
3846    0.0031        1.0000         0.7717        62.4119     -0.7469
3847    0.0031        1.0000         0.7724        62.4061     -0.7528
3848    0.0031        1.0000         0.7730        62.4002     -0.7481
3849    0.0031        1.0000         0.7726        62.3944     -0.7494
3850    0.0031        1.0000         0.7730        62.3886     -0.7512
3851    0.0031        1.0000         0.7743        62.3827     -0.7509
3852    0.0031        1.0000         0.7755        62.3768     -0.7515
3853    0.0031        1.0000         0.7755        62.3709     -0.7532
3854    0.0031        1.0000         0.7758        62.3650     -0.7544
3855    0.0031        1.0000         0.7764        62.3592     -0.7519
3856    0.0031        1.0000         0.7770        62.3534     -0.7527
3857    0.0031        1.0000         0.7777        62.3476     -0.7551
3858    0.0031        1.0000         0.7780        62.3418     -0.7554
3859    0.0031        1.0000         0.7784        62.3360     -0.7600
3860    0.0031        1.0000         0.7787        62.3302     -0.7562
3861    0.0031        1.0000         0.7790        62.3244     -0.7539
3862    0.0031        1.0000         0.7802        62.3186     -0.7562
3863    0.0031        1.0000         0.7805        62.3128     -0.7580
3864    0.0031        1.0000         0.7805        62.3070     -0.7574
3865    0.0031        1.0000         0.7812        62.3012     -0.7601
3866    0.0031        1.0000         0.7817        62.2954     -0.7588
3867    0.0031        1.0000         0.7821        62.2897     -0.7612
3868    0.0031        1.0000         0.7826        62.2840     -0.7580
3869    0.0031        1.0000         0.7829        62.2784     -0.7632
3870    0.0030        1.0000         0.7832        62.2727     -0.7613
Epoch    Loss        Train Acc      Test Acc       L2 Norm   Dropout Gap
3871    0.0030        1.0000         0.7837        62.2670     -0.7560
3872    0.0030
              Per-Epoch  Results
                      1.0000
                                 (page   87
                                     0.7847
                                             of 223)
                                                   62.2614     -0.7597
3873    0.0030        1.0000         0.7841        62.2558     -0.7630
3874    0.0030        1.0000         0.7846        62.2501     -0.7620
3875    0.0030        1.0000         0.7847        62.2446     -0.7591
3876    0.0030        1.0000         0.7850        62.2389     -0.7609
3877    0.0030        1.0000         0.7861        62.2333     -0.7621
3878    0.0030        1.0000         0.7862        62.2277     -0.7647
3879    0.0030        1.0000         0.7864        62.2221     -0.7659
3880    0.0030        1.0000         0.7870        62.2166     -0.7642
3881    0.0030        1.0000         0.7869        62.2110     -0.7658
3882    0.0030        1.0000         0.7876        62.2054     -0.7636
3883    0.0030        1.0000         0.7891        62.1999     -0.7665
3884    0.0030        1.0000         0.7893        62.1945     -0.7661
3885    0.0030        1.0000         0.7914        62.1891     -0.7673
3886    0.0030        1.0000         0.7920        62.1837     -0.7676
3887    0.0030        1.0000         0.7923        62.1782     -0.7680
3888    0.0030        1.0000         0.7926        62.1727     -0.7688
3889    0.0030        1.0000         0.7920        62.1673     -0.7683
3890    0.0030        1.0000         0.7932        62.1618     -0.7709
3891    0.0030        1.0000         0.7940        62.1563     -0.7708
3892    0.0030        1.0000         0.7940        62.1509     -0.7712
3893    0.0030        1.0000         0.7943        62.1454     -0.7708
3894    0.0030        1.0000         0.7946        62.1400     -0.7749
3895    0.0030        1.0000         0.7946        62.1345     -0.7703
3896    0.0030        1.0000         0.7949        62.1291     -0.7735
3897    0.0030        1.0000         0.7957        62.1236     -0.7715
3898    0.0030        1.0000         0.7955        62.1181     -0.7711
3899    0.0030        1.0000         0.7960        62.1127     -0.7746
3900    0.0030        1.0000         0.7963        62.1072     -0.7741
3901    0.0030        1.0000         0.7967        62.1016     -0.7732
3902    0.0029        1.0000         0.7973        62.0960     -0.7692
3903    0.0029        1.0000         0.7972        62.0904     -0.7726
3904    0.0029        1.0000         0.7972        62.0849     -0.7741
3905    0.0029        1.0000         0.7981        62.0794     -0.7749
3906    0.0029        1.0000         0.7981        62.0739     -0.7764
3907    0.0029        1.0000         0.7988        62.0684     -0.7777
3908    0.0029        1.0000         0.7984        62.0629     -0.7715
3909    0.0029        1.0000         0.7985        62.0574     -0.7741
3910    0.0029        1.0000         0.7984        62.0519     -0.7730
3911    0.0029        1.0000         0.7987        62.0463     -0.7779
3912    0.0029        1.0000         0.7991        62.0408     -0.7776
3913    0.0029        1.0000         0.8001        62.0353     -0.7765
3914    0.0029        1.0000         0.8001        62.0299     -0.7776
3915    0.0029        1.0000         0.8005        62.0243     -0.7752
Epoch    Loss        Train Acc      Test Acc       L2 Norm   Dropout Gap
3916    0.0029        1.0000         0.8002        62.0189     -0.7768
3917    0.0029
              Per-Epoch  Results
                      1.0000
                                 (page   88
                                     0.8010
                                             of 223)
                                                   62.0134     -0.7771
3918    0.0029        1.0000         0.8011        62.0079     -0.7770
3919    0.0029        1.0000         0.8005        62.0024     -0.7755
3920    0.0029        1.0000         0.8011        61.9969     -0.7730
3921    0.0029        1.0000         0.8019        61.9915     -0.7749
3922    0.0029        1.0000         0.8025        61.9860     -0.7797
3923    0.0029        1.0000         0.8026        61.9805     -0.7812
3924    0.0029        1.0000         0.8031        61.9750     -0.7802
3925    0.0029        1.0000         0.8031        61.9695     -0.7809
3926    0.0029        1.0000         0.8028        61.9640     -0.7768
3927    0.0029        1.0000         0.8029        61.9585     -0.7788
3928    0.0029        1.0000         0.8029        61.9531     -0.7770
3929    0.0029        1.0000         0.8029        61.9476     -0.7779
3930    0.0029        1.0000         0.8031        61.9422     -0.7794
3931    0.0029        1.0000         0.8029        61.9369     -0.7800
3932    0.0029        1.0000         0.8042        61.9314     -0.7793
3933    0.0029        1.0000         0.8049        61.9260     -0.7828
3934    0.0029        1.0000         0.8060        61.9206     -0.7837
3935    0.0029        1.0000         0.8054        61.9151     -0.7832
3936    0.0029        1.0000         0.8052        61.9097     -0.7796
3937    0.0029        1.0000         0.8072        61.9043     -0.7793
3938    0.0029        1.0000         0.8072        61.8989     -0.7835
3939    0.0029        1.0000         0.8081        61.8935     -0.7847
3940    0.0029        1.0000         0.8080        61.8881     -0.7840
3941    0.0029        1.0000         0.8078        61.8828     -0.7806
3942    0.0029        1.0000         0.8087        61.8775     -0.7869
3943    0.0029        1.0000         0.8092        61.8722     -0.7846
3944    0.0029        1.0000         0.8096        61.8669     -0.7867
3945    0.0029        1.0000         0.8107        61.8617     -0.7875
3946    0.0029        1.0000         0.8105        61.8564     -0.7867
3947    0.0029        1.0000         0.8113        61.8513     -0.7906
3948    0.0029        1.0000         0.8119        61.8460     -0.7890
3949    0.0029        1.0000         0.8121        61.8408     -0.7899
3950    0.0029        1.0000         0.8131        61.8356     -0.7884
3951    0.0029        1.0000         0.8131        61.8304     -0.7864
3952    0.0029        1.0000         0.8133        61.8253     -0.7881
3953    0.0028        1.0000         0.8137        61.8203     -0.7900
3954    0.0028        1.0000         0.8139        61.8152     -0.7894
3955    0.0028        1.0000         0.8145        61.8101     -0.7873
3956    0.0028        1.0000         0.8145        61.8051     -0.7894
3957    0.0028        1.0000         0.8140        61.8000     -0.7897
3958    0.0028        1.0000         0.8149        61.7950     -0.7947
3959    0.0028        1.0000         0.8155        61.7901     -0.7897
3960    0.0028        1.0000         0.8146        61.7850     -0.7879
Epoch    Loss        Train Acc      Test Acc       L2 Norm   Dropout Gap
3961    0.0028        1.0000         0.8158        61.7800     -0.7914
3962    0.0028
              Per-Epoch  Results
                      1.0000
                                 (page   89
                                     0.8160
                                             of 223)
                                                   61.7750     -0.7913
3963    0.0028        1.0000         0.8145        61.7700     -0.7923
3964    0.0028        1.0000         0.8168        61.7651     -0.7911
3965    0.0028        1.0000         0.8160        61.7602     -0.7925
3966    0.0028        1.0000         0.8160        61.7552     -0.7926
3967    0.0028        1.0000         0.8171        61.7504     -0.7925
3968    0.0028        1.0000         0.8175        61.7454     -0.7958
3969    0.0028        1.0000         0.8171        61.7405     -0.7928
3970    0.0028        1.0000         0.8186        61.7356     -0.7987
3971    0.0028        1.0000         0.8186        61.7307     -0.7929
3972    0.0028        1.0000         0.8190        61.7258     -0.7928
3973    0.0028        1.0000         0.8190        61.7210     -0.7958
3974    0.0028        1.0000         0.8201        61.7161     -0.7935
3975    0.0028        1.0000         0.8196        61.7113     -0.7935
3976    0.0028        1.0000         0.8207        61.7064     -0.7982
3977    0.0028        1.0000         0.8199        61.7015     -0.7940
3978    0.0028        1.0000         0.8209        61.6966     -0.7969
3979    0.0028        1.0000         0.8210        61.6917     -0.7967
3980    0.0028        1.0000         0.8221        61.6868     -0.8005
3981    0.0028        1.0000         0.8219        61.6820     -0.7975
3982    0.0028        1.0000         0.8221        61.6772     -0.7973
3983    0.0028        1.0000         0.8228        61.6724     -0.7978
3984    0.0028        1.0000         0.8228        61.6676     -0.8019
3985    0.0028        1.0000         0.8233        61.6627     -0.7978
3986    0.0028        1.0000         0.8239        61.6578     -0.8011
3987    0.0028        1.0000         0.8233        61.6530     -0.8011
3988    0.0028        1.0000         0.8240        61.6481     -0.8004
3989    0.0028        1.0000         0.8247        61.6432     -0.8017
3990    0.0028        1.0000         0.8250        61.6383     -0.7990
3991    0.0028        1.0000         0.8257        61.6335     -0.8020
3992    0.0028        1.0000         0.8265        61.6287     -0.8043
3993    0.0028        1.0000         0.8262        61.6238     -0.8032
3994    0.0028        1.0000         0.8262        61.6189     -0.8032
3995    0.0028        1.0000         0.8275        61.6142     -0.8046
3996    0.0028        1.0000         0.8269        61.6094     -0.8025
3997    0.0027        1.0000         0.8271        61.6045     -0.8014
3998    0.0027        1.0000         0.8286        61.5997     -0.8045
3999    0.0027        1.0000         0.8286        61.5949     -0.8067
4000    0.0027        1.0000         0.8288        61.5900     -0.8058
4001    0.0027        1.0000         0.8291        61.5852     -0.8020
4002    0.0027        1.0000         0.8297        61.5803     -0.8058
4003    0.0027        1.0000         0.8298        61.5755     -0.8020
4004    0.0027        1.0000         0.8307        61.5707     -0.8093
4005    0.0027        1.0000         0.8301        61.5659     -0.8046
Epoch    Loss        Train Acc      Test Acc       L2 Norm   Dropout Gap
4006    0.0027        1.0000         0.8306        61.5610     -0.8048
4007    0.0027
              Per-Epoch  Results
                      1.0000
                                 (page   90
                                     0.8313
                                             of 223)
                                                   61.5562     -0.8099
4008    0.0027        1.0000         0.8318        61.5514     -0.8087
4009    0.0027        1.0000         0.8327        61.5465     -0.8102
4010    0.0027        1.0000         0.8327        61.5416     -0.8089
4011    0.0027        1.0000         0.8330        61.5367     -0.8073
4012    0.0027        1.0000         0.8342        61.5317     -0.8130
4013    0.0027        1.0000         0.8339        61.5268     -0.8075
4014    0.0027        1.0000         0.8345        61.5219     -0.8081
4015    0.0027        1.0000         0.8348        61.5170     -0.8119
4016    0.0027        1.0000         0.8336        61.5122     -0.8054
4017    0.0027        1.0000         0.8345        61.5073     -0.8095
4018    0.0027        1.0000         0.8347        61.5024     -0.8154
4019    0.0027        1.0000         0.8344        61.4976     -0.8090
4020    0.0027        1.0000         0.8357        61.4927     -0.8101
4021    0.0027        1.0000         0.8356        61.4879     -0.8116
4022    0.0027        1.0000         0.8347        61.4830     -0.8114
4023    0.0027        1.0000         0.8373        61.4781     -0.8157
4024    0.0027        1.0000         0.8365        61.4732     -0.8092
4025    0.0027        1.0000         0.8360        61.4684     -0.8089
4026    0.0027        1.0000         0.8377        61.4635     -0.8116
4027    0.0027        1.0000         0.8379        61.4586     -0.8128
4028    0.0027        1.0000         0.8371        61.4538     -0.8116
4029    0.0027        1.0000         0.8383        61.4489     -0.8175
4030    0.0027        1.0000         0.8394        61.4440     -0.8140
4031    0.0027        1.0000         0.8382        61.4393     -0.8151
4032    0.0027        1.0000         0.8394        61.4344     -0.8157
4033    0.0027        1.0000         0.8398        61.4295     -0.8127
4034    0.0027        1.0000         0.8394        61.4246     -0.8136
4035    0.0027        1.0000         0.8400        61.4197     -0.8169
4036    0.0027        1.0000         0.8401        61.4148     -0.8151
4037    0.0027        1.0000         0.8407        61.4101     -0.8143
4038    0.0027        1.0000         0.8414        61.4053     -0.8165
4039    0.0027        1.0000         0.8420        61.4004     -0.8201
4040    0.0027        1.0000         0.8426        61.3956     -0.8180
4041    0.0026        1.0000         0.8423        61.3907     -0.8154
4042    0.0026        1.0000         0.8426        61.3859     -0.8140
4043    0.0026        1.0000         0.8424        61.3811     -0.8198
4044    0.0026        1.0000         0.8439        61.3762     -0.8177
4045    0.0026        1.0000         0.8435        61.3714     -0.8155
4046    0.0026        1.0000         0.8439        61.3666     -0.8178
4047    0.0026        1.0000         0.8448        61.3618     -0.8180
4048    0.0026        1.0000         0.8459        61.3569     -0.8199
4049    0.0026        1.0000         0.8456        61.3521     -0.8222
4050    0.0026        1.0000         0.8456        61.3473     -0.8195
Epoch    Loss        Train Acc      Test Acc       L2 Norm   Dropout Gap
4051    0.0026        1.0000         0.8468        61.3424     -0.8207
4052    0.0026
              Per-Epoch  Results
                      1.0000
                                 (page   91
                                     0.8467
                                             of 223)
                                                   61.3376     -0.8193
4053    0.0026        1.0000         0.8467        61.3326     -0.8160
4054    0.0026        1.0000         0.8473        61.3277     -0.8212
4055    0.0026        1.0000         0.8476        61.3229     -0.8189
4056    0.0026        1.0000         0.8483        61.3181     -0.8237
4057    0.0026        1.0000         0.8489        61.3132     -0.8274
4058    0.0026        1.0000         0.8480        61.3083     -0.8268
4059    0.0026        1.0000         0.8485        61.3034     -0.8245
4060    0.0026        1.0000         0.8485        61.2986     -0.8218
4061    0.0026        1.0000         0.8488        61.2938     -0.8242
4062    0.0026        1.0000         0.8497        61.2889     -0.8251
4063    0.0026        1.0000         0.8503        61.2841     -0.8265
4064    0.0026        1.0000         0.8496        61.2793     -0.8256
4065    0.0026        1.0000         0.8506        61.2745     -0.8263
4066    0.0026        1.0000         0.8512        61.2696     -0.8257
4067    0.0026        1.0000         0.8517        61.2648     -0.8265
4068    0.0026        1.0000         0.8517        61.2600     -0.8224
4069    0.0026        1.0000         0.8523        61.2553     -0.8304
4070    0.0026        1.0000         0.8532        61.2504     -0.8289
4071    0.0026        1.0000         0.8532        61.2456     -0.8294
4072    0.0026        1.0000         0.8537        61.2407     -0.8269
4073    0.0026        1.0000         0.8533        61.2358     -0.8266
4074    0.0026        1.0000         0.8533        61.2309     -0.8297
4075    0.0026        1.0000         0.8540        61.2260     -0.8284
4076    0.0026        1.0000         0.8549        61.2211     -0.8286
4077    0.0026        1.0000         0.8549        61.2160     -0.8281
4078    0.0026        1.0000         0.8553        61.2110     -0.8306
4079    0.0026        1.0000         0.8558        61.2059     -0.8324
4080    0.0025        1.0000         0.8556        61.2008     -0.8288
4081    0.0025        1.0000         0.8556        61.1958     -0.8325
4082    0.0025        1.0000         0.8561        61.1908     -0.8265
4083    0.0025        1.0000         0.8564        61.1857     -0.8283
4084    0.0025        1.0000         0.8571        61.1806     -0.8341
4085    0.0025        1.0000         0.8576        61.1755     -0.8330
4086    0.0025        1.0000         0.8570        61.1704     -0.8324
4087    0.0025        1.0000         0.8571        61.1653     -0.8307
4088    0.0025        1.0000         0.8571        61.1602     -0.8291
4089    0.0025        1.0000         0.8582        61.1551     -0.8318
4090    0.0025        1.0000         0.8590        61.1500     -0.8335
4091    0.0025        1.0000         0.8597        61.1448     -0.8345
4092    0.0025        1.0000         0.8600        61.1396     -0.8362
4093    0.0025        1.0000         0.8602        61.1343     -0.8368
4094    0.0025        1.0000         0.8611        61.1291     -0.8360
4095    0.0025        1.0000         0.8611        61.1240     -0.8373
Epoch    Loss        Train Acc      Test Acc       L2 Norm   Dropout Gap
4096    0.0025        1.0000         0.8614        61.1188     -0.8350
4097    0.0025
              Per-Epoch  Results
                      1.0000
                                 (page   92
                                     0.8622
                                             of 223)
                                                   61.1136     -0.8354
4098    0.0025        1.0000         0.8628        61.1083     -0.8386
4099    0.0025        1.0000         0.8637        61.1031     -0.8426
4100    0.0025        1.0000         0.8632        61.0979     -0.8380
4101    0.0025        1.0000         0.8625        61.0927     -0.8383
4102    0.0025        1.0000         0.8629        61.0874     -0.8391
4103    0.0025        1.0000         0.8638        61.0822     -0.8380
4104    0.0025        1.0000         0.8632        61.0770     -0.8385
4105    0.0025        1.0000         0.8637        61.0718     -0.8391
4106    0.0025        1.0000         0.8641        61.0666     -0.8403
4107    0.0025        1.0000         0.8631        61.0614     -0.8379
4108    0.0025        1.0000         0.8631        61.0562     -0.8357
4109    0.0025        1.0000         0.8637        61.0509     -0.8395
4110    0.0025        1.0000         0.8641        61.0457     -0.8418
4111    0.0025        1.0000         0.8646        61.0405     -0.8395
4112    0.0025        1.0000         0.8646        61.0352     -0.8395
4113    0.0025        1.0000         0.8652        61.0300     -0.8386
4114    0.0025        1.0000         0.8652        61.0248     -0.8379
4115    0.0025        1.0000         0.8655        61.0195     -0.8382
4116    0.0025        1.0000         0.8663        61.0142     -0.8377
4117    0.0025        1.0000         0.8653        61.0090     -0.8412
4118    0.0025        1.0000         0.8656        61.0037     -0.8388
4119    0.0025        1.0000         0.8658        60.9985     -0.8374
4120    0.0025        1.0000         0.8666        60.9933     -0.8421
4121    0.0025        1.0000         0.8673        60.9881     -0.8424
4122    0.0025        1.0000         0.8676        60.9830     -0.8415
4123    0.0025        1.0000         0.8673        60.9778     -0.8456
4124    0.0025        1.0000         0.8675        60.9726     -0.8433
4125    0.0024        1.0000         0.8670        60.9674     -0.8401
4126    0.0024        1.0000         0.8676        60.9622     -0.8392
4127    0.0024        1.0000         0.8673        60.9570     -0.8451
4128    0.0024        1.0000         0.8675        60.9518     -0.8403
4129    0.0024        1.0000         0.8675        60.9467     -0.8436
4130    0.0024        1.0000         0.8688        60.9416     -0.8412
4131    0.0024        1.0000         0.8696        60.9366     -0.8420
4132    0.0024        1.0000         0.8690        60.9314     -0.8442
4133    0.0024        1.0000         0.8693        60.9263     -0.8414
4134    0.0024        1.0000         0.8697        60.9211     -0.8459
4135    0.0024        1.0000         0.8694        60.9160     -0.8442
4136    0.0024        1.0000         0.8690        60.9109     -0.8430
4137    0.0024        1.0000         0.8700        60.9058     -0.8427
4138    0.0024        1.0000         0.8697        60.9007     -0.8461
4139    0.0024        1.0000         0.8697        60.8955     -0.8412
4140    0.0024        1.0000         0.8710        60.8905     -0.8471
Epoch    Loss        Train Acc      Test Acc       L2 Norm   Dropout Gap
4141    0.0024        1.0000         0.8708        60.8854     -0.8404
4142    0.0024
              Per-Epoch  Results
                      1.0000
                                 (page   93
                                     0.8716
                                             of 223)
                                                   60.8803     -0.8433
4143    0.0024        1.0000         0.8719        60.8753     -0.8458
4144    0.0024        1.0000         0.8720        60.8702     -0.8450
4145    0.0024        1.0000         0.8717        60.8652     -0.8447
4146    0.0024        1.0000         0.8720        60.8601     -0.8462
4147    0.0024        1.0000         0.8719        60.8550     -0.8473
4148    0.0024        1.0000         0.8722        60.8500     -0.8471
4149    0.0024        1.0000         0.8729        60.8449     -0.8447
4150    0.0024        1.0000         0.8732        60.8399     -0.8448
4151    0.0024        1.0000         0.8734        60.8349     -0.8494
4152    0.0024        1.0000         0.8735        60.8299     -0.8496
4153    0.0024        1.0000         0.8735        60.8249     -0.8492
4154    0.0024        1.0000         0.8738        60.8200     -0.8471
4155    0.0024        1.0000         0.8743        60.8150     -0.8492
4156    0.0024        1.0000         0.8744        60.8100     -0.8471
4157    0.0024        1.0000         0.8748        60.8049     -0.8492
4158    0.0024        1.0000         0.8749        60.7999     -0.8476
4159    0.0024        1.0000         0.8751        60.7949     -0.8456
4160    0.0024        1.0000         0.8754        60.7900     -0.8496
4161    0.0024        1.0000         0.8757        60.7850     -0.8508
4162    0.0024        1.0000         0.8755        60.7801     -0.8477
4163    0.0024        1.0000         0.8754        60.7752     -0.8486
4164    0.0024        1.0000         0.8755        60.7703     -0.8492
4165    0.0024        1.0000         0.8764        60.7653     -0.8514
4166    0.0024        1.0000         0.8772        60.7603     -0.8486
4167    0.0024        1.0000         0.8775        60.7554     -0.8477
4168    0.0024        1.0000         0.8779        60.7505     -0.8482
4169    0.0024        1.0000         0.8776        60.7456     -0.8486
4170    0.0024        1.0000         0.8779        60.7407     -0.8506
4171    0.0024        1.0000         0.8781        60.7358     -0.8517
4172    0.0024        1.0000         0.8782        60.7308     -0.8500
4173    0.0024        1.0000         0.8779        60.7259     -0.8530
4174    0.0024        1.0000         0.8781        60.7210     -0.8527
4175    0.0024        1.0000         0.8781        60.7160     -0.8494
4176    0.0024        1.0000         0.8785        60.7112     -0.8470
4177    0.0024        1.0000         0.8789        60.7063     -0.8518
4178    0.0024        1.0000         0.8795        60.7014     -0.8532
4179    0.0024        1.0000         0.8789        60.6967     -0.8550
4180    0.0024        1.0000         0.8789        60.6919     -0.8535
4181    0.0024        1.0000         0.8789        60.6871     -0.8517
4182    0.0024        1.0000         0.8793        60.6822     -0.8509
4183    0.0023        1.0000         0.8793        60.6774     -0.8527
4184    0.0023        1.0000         0.8793        60.6725     -0.8524
4185    0.0023        1.0000         0.8801        60.6677     -0.8574
Epoch    Loss        Train Acc      Test Acc       L2 Norm   Dropout Gap
4186    0.0023        1.0000         0.8801        60.6630     -0.8549
4187    0.0023
              Per-Epoch  Results
                      1.0000
                                 (page   94
                                     0.8807
                                             of 223)
                                                   60.6583     -0.8540
4188    0.0023        1.0000         0.8807        60.6535     -0.8558
4189    0.0023        1.0000         0.8807        60.6487     -0.8529
4190    0.0023        1.0000         0.8811        60.6440     -0.8520
4191    0.0023        1.0000         0.8811        60.6392     -0.8535
4192    0.0023        1.0000         0.8816        60.6345     -0.8558
4193    0.0023        1.0000         0.8819        60.6298     -0.8537
4194    0.0023        1.0000         0.8820        60.6251     -0.8574
4195    0.0023        1.0000         0.8823        60.6205     -0.8555
4196    0.0023        1.0000         0.8823        60.6159     -0.8570
4197    0.0023        1.0000         0.8825        60.6113     -0.8602
4198    0.0023        1.0000         0.8828        60.6066     -0.8558
4199    0.0023        1.0000         0.8828        60.6020     -0.8594
4200    0.0023        1.0000         0.8831        60.5973     -0.8581
4201    0.0023        1.0000         0.8828        60.5927     -0.8562
4202    0.0023        1.0000         0.8833        60.5881     -0.8568
4203    0.0023        1.0000         0.8837        60.5835     -0.8571
4204    0.0023        1.0000         0.8842        60.5789     -0.8561
4205    0.0023        1.0000         0.8840        60.5743     -0.8596
4206    0.0023        1.0000         0.8843        60.5698     -0.8562
4207    0.0023        1.0000         0.8848        60.5652     -0.8576
4208    0.0023        1.0000         0.8852        60.5607     -0.8618
4209    0.0023        1.0000         0.8854        60.5562     -0.8622
4210    0.0023        1.0000         0.8857        60.5516     -0.8597
4211    0.0023        1.0000         0.8857        60.5470     -0.8591
4212    0.0023        1.0000         0.8858        60.5424     -0.8618
4213    0.0023        1.0000         0.8858        60.5378     -0.8600
4214    0.0023        1.0000         0.8867        60.5332     -0.8641
4215    0.0023        1.0000         0.8874        60.5286     -0.8588
4216    0.0023        1.0000         0.8875        60.5241     -0.8632
4217    0.0023        1.0000         0.8875        60.5196     -0.8617
4218    0.0023        1.0000         0.8880        60.5150     -0.8611
4219    0.0023        1.0000         0.8877        60.5105     -0.8584
4220    0.0023        1.0000         0.8881        60.5059     -0.8652
4221    0.0023        1.0000         0.8877        60.5014     -0.8617
4222    0.0023        1.0000         0.8883        60.4968     -0.8578
4223    0.0023        1.0000         0.8883        60.4923     -0.8620
4224    0.0023        1.0000         0.8887        60.4879     -0.8632
4225    0.0023        1.0000         0.8892        60.4834     -0.8611
4226    0.0023        1.0000         0.8893        60.4789     -0.8590
4227    0.0023        1.0000         0.8898        60.4745     -0.8632
4228    0.0023        1.0000         0.8904        60.4701     -0.8626
4229    0.0023        1.0000         0.8904        60.4656     -0.8647
4230    0.0023        1.0000         0.8907        60.4611     -0.8649
Epoch    Loss        Train Acc      Test Acc       L2 Norm   Dropout Gap
4231    0.0023        1.0000         0.8907        60.4566     -0.8640
4232    0.0023
              Per-Epoch  Results
                      1.0000
                                 (page   95
                                     0.8915
                                             of 223)
                                                   60.4521     -0.8666
4233    0.0023        1.0000         0.8913        60.4477     -0.8643
4234    0.0023        1.0000         0.8913        60.4432     -0.8670
4235    0.0023        1.0000         0.8918        60.4388     -0.8652
4236    0.0023        1.0000         0.8921        60.4344     -0.8673
4237    0.0023        1.0000         0.8927        60.4299     -0.8658
4238    0.0023        1.0000         0.8925        60.4254     -0.8702
4239    0.0023        1.0000         0.8930        60.4210     -0.8644
4240    0.0023        1.0000         0.8928        60.4165     -0.8658
4241    0.0023        1.0000         0.8931        60.4121     -0.8647
4242    0.0023        1.0000         0.8934        60.4077     -0.8670
4243    0.0023        1.0000         0.8936        60.4033     -0.8652
4244    0.0023        1.0000         0.8934        60.3989     -0.8673
4245    0.0023        1.0000         0.8940        60.3945     -0.8700
4246    0.0023        1.0000         0.8942        60.3900     -0.8669
4247    0.0023        1.0000         0.8940        60.3856     -0.8705
4248    0.0023        1.0000         0.8943        60.3812     -0.8704
4249    0.0022        1.0000         0.8952        60.3769     -0.8656
4250    0.0022        1.0000         0.8948        60.3725     -0.8628
4251    0.0022        1.0000         0.8949        60.3682     -0.8710
4252    0.0022        1.0000         0.8956        60.3638     -0.8687
4253    0.0022        1.0000         0.8959        60.3594     -0.8697
4254    0.0022        1.0000         0.8963        60.3550     -0.8681
4255    0.0022        1.0000         0.8959        60.3506     -0.8693
4256    0.0022        1.0000         0.8963        60.3462     -0.8673
4257    0.0022        1.0000         0.8963        60.3418     -0.8676
4258    0.0022        1.0000         0.8971        60.3374     -0.8693
4259    0.0022        1.0000         0.8971        60.3330     -0.8708
4260    0.0022        1.0000         0.8971        60.3285     -0.8710
4261    0.0022        1.0000         0.8969        60.3241     -0.8723
4262    0.0022        1.0000         0.8977        60.3197     -0.8725
4263    0.0022        1.0000         0.8977        60.3152     -0.8722
4264    0.0022        1.0000         0.8977        60.3110     -0.8717
4265    0.0022        1.0000         0.8986        60.3066     -0.8717
4266    0.0022        1.0000         0.8984        60.3022     -0.8719
4267    0.0022        1.0000         0.8987        60.2978     -0.8719
4268    0.0022        1.0000         0.8990        60.2935     -0.8716
4269    0.0022        1.0000         0.8995        60.2891     -0.8676
4270    0.0022        1.0000         0.8998        60.2848     -0.8723
4271    0.0022        1.0000         0.9001        60.2803     -0.8696
4272    0.0022        1.0000         0.9006        60.2759     -0.8748
4273    0.0022        1.0000         0.9001        60.2715     -0.8735
4274    0.0022        1.0000         0.8997        60.2672     -0.8763
4275    0.0022        1.0000         0.9001        60.2628     -0.8714
Epoch    Loss        Train Acc      Test Acc       L2 Norm   Dropout Gap
4276    0.0022        1.0000         0.9004        60.2584     -0.8729
4277    0.0022
              Per-Epoch  Results
                      1.0000
                                 (page   96
                                     0.9003
                                             of 223)
                                                   60.2540     -0.8738
4278    0.0022        1.0000         0.9009        60.2496     -0.8748
4279    0.0022        1.0000         0.9010        60.2452     -0.8751
4280    0.0022        1.0000         0.9006        60.2408     -0.8710
4281    0.0022        1.0000         0.9007        60.2364     -0.8748
4282    0.0022        1.0000         0.9016        60.2319     -0.8761
4283    0.0022        1.0000         0.9012        60.2275     -0.8717
4284    0.0022        1.0000         0.9010        60.2231     -0.8711
4285    0.0022        1.0000         0.9016        60.2186     -0.8741
4286    0.0022        1.0000         0.9012        60.2141     -0.8754
4287    0.0022        1.0000         0.9018        60.2097     -0.8793
4288    0.0022        1.0000         0.9016        60.2053     -0.8779
4289    0.0022        1.0000         0.9019        60.2009     -0.8755
4290    0.0022        1.0000         0.9022        60.1964     -0.8738
4291    0.0022        1.0000         0.9022        60.1919     -0.8737
4292    0.0022        1.0000         0.9027        60.1875     -0.8758
4293    0.0022        1.0000         0.9036        60.1831     -0.8743
4294    0.0022        1.0000         0.9033        60.1787     -0.8769
4295    0.0022        1.0000         0.9034        60.1742     -0.8772
4296    0.0022        1.0000         0.9033        60.1698     -0.8796
4297    0.0022        1.0000         0.9037        60.1653     -0.8796
4298    0.0022        1.0000         0.9045        60.1608     -0.8757
4299    0.0022        1.0000         0.9041        60.1564     -0.8758
4300    0.0022        1.0000         0.9045        60.1520     -0.8798
4301    0.0022        1.0000         0.9048        60.1476     -0.8770
4302    0.0022        1.0000         0.9050        60.1432     -0.8760
4303    0.0022        1.0000         0.9053        60.1387     -0.8775
4304    0.0022        1.0000         0.9059        60.1343     -0.8790
4305    0.0022        1.0000         0.9056        60.1298     -0.8813
4306    0.0022        1.0000         0.9065        60.1254     -0.8773
4307    0.0022        1.0000         0.9060        60.1211     -0.8799
4308    0.0022        1.0000         0.9053        60.1167     -0.8760
4309    0.0022        1.0000         0.9059        60.1123     -0.8779
4310    0.0022        1.0000         0.9066        60.1078     -0.8799
4311    0.0022        1.0000         0.9062        60.1034     -0.8807
4312    0.0021        1.0000         0.9060        60.0991     -0.8807
4313    0.0021        1.0000         0.9062        60.0947     -0.8761
4314    0.0021        1.0000         0.9063        60.0904     -0.8816
4315    0.0021        1.0000         0.9059        60.0860     -0.8822
4316    0.0021        1.0000         0.9069        60.0816     -0.8817
4317    0.0021        1.0000         0.9066        60.0771     -0.8779
4318    0.0021        1.0000         0.9060        60.0727     -0.8807
4319    0.0021        1.0000         0.9074        60.0683     -0.8816
4320    0.0021        1.0000         0.9071        60.0639     -0.8807
Epoch    Loss        Train Acc      Test Acc       L2 Norm   Dropout Gap
4321    0.0021        1.0000         0.9071        60.0596     -0.8834
4322    0.0021
              Per-Epoch  Results
                      1.0000
                                 (page   97
                                     0.9077
                                             of 223)
                                                   60.0552     -0.8798
4323    0.0021        1.0000         0.9075        60.0507     -0.8793
4324    0.0021        1.0000         0.9080        60.0463     -0.8817
4325    0.0021        1.0000         0.9083        60.0418     -0.8784
4326    0.0021        1.0000         0.9080        60.0375     -0.8801
4327    0.0021        1.0000         0.9094        60.0332     -0.8787
4328    0.0021        1.0000         0.9095        60.0288     -0.8814
4329    0.0021        1.0000         0.9091        60.0244     -0.8828
4330    0.0021        1.0000         0.9092        60.0200     -0.8820
4331    0.0021        1.0000         0.9094        60.0155     -0.8828
4332    0.0021        1.0000         0.9094        60.0111     -0.8845
4333    0.0021        1.0000         0.9089        60.0067     -0.8843
4334    0.0021        1.0000         0.9095        60.0023     -0.8820
4335    0.0021        1.0000         0.9097        59.9979     -0.8828
4336    0.0021        1.0000         0.9095        59.9936     -0.8811
4337    0.0021        1.0000         0.9095        59.9892     -0.8849
4338    0.0021        1.0000         0.9098        59.9848     -0.8839
4339    0.0021        1.0000         0.9103        59.9805     -0.8819
4340    0.0021        1.0000         0.9100        59.9761     -0.8833
4341    0.0021        1.0000         0.9104        59.9719     -0.8881
4342    0.0021        1.0000         0.9101        59.9675     -0.8822
4343    0.0021        1.0000         0.9103        59.9632     -0.8837
4344    0.0021        1.0000         0.9107        59.9589     -0.8839
4345    0.0021        1.0000         0.9112        59.9546     -0.8851
4346    0.0021        1.0000         0.9107        59.9503     -0.8833
4347    0.0021        1.0000         0.9100        59.9460     -0.8802
4348    0.0021        1.0000         0.9109        59.9417     -0.8820
4349    0.0021        1.0000         0.9107        59.9374     -0.8851
4350    0.0021        1.0000         0.9107        59.9330     -0.8810
4351    0.0021        1.0000         0.9112        59.9286     -0.8831
4352    0.0021        1.0000         0.9112        59.9243     -0.8842
4353    0.0021        1.0000         0.9113        59.9200     -0.8869
4354    0.0021        1.0000         0.9113        59.9156     -0.8886
4355    0.0021        1.0000         0.9118        59.9112     -0.8848
4356    0.0021        1.0000         0.9123        59.9068     -0.8849
4357    0.0021        1.0000         0.9121        59.9025     -0.8875
4358    0.0021        1.0000         0.9123        59.8981     -0.8855
4359    0.0021        1.0000         0.9129        59.8937     -0.8867
4360    0.0021        1.0000         0.9135        59.8894     -0.8878
4361    0.0021        1.0000         0.9139        59.8850     -0.8874
4362    0.0021        1.0000         0.9139        59.8806     -0.8884
4363    0.0021        1.0000         0.9139        59.8763     -0.8866
4364    0.0021        1.0000         0.9144        59.8719     -0.8893
4365    0.0021        1.0000         0.9138        59.8675     -0.8867
Epoch    Loss        Train Acc      Test Acc       L2 Norm   Dropout Gap
4366    0.0021        1.0000         0.9147        59.8631     -0.8886
4367    0.0021
              Per-Epoch  Results
                      1.0000
                                 (page   98
                                     0.9150
                                             of 223)
                                                   59.8587     -0.8890
4368    0.0021        1.0000         0.9154        59.8544     -0.8886
4369    0.0020        1.0000         0.9150        59.8501     -0.8877
4370    0.0020        1.0000         0.9154        59.8458     -0.8884
4371    0.0020        1.0000         0.9162        59.8415     -0.8921
4372    0.0020        1.0000         0.9160        59.8371     -0.8895
4373    0.0020        1.0000         0.9159        59.8328     -0.8857
4374    0.0020        1.0000         0.9164        59.8285     -0.8895
4375    0.0020        1.0000         0.9165        59.8241     -0.8910
4376    0.0020        1.0000         0.9165        59.8197     -0.8905
4377    0.0020        1.0000         0.9160        59.8154     -0.8889
4378    0.0020        1.0000         0.9162        59.8111     -0.8884
4379    0.0020        1.0000         0.9162        59.8067     -0.8889
4380    0.0020        1.0000         0.9168        59.8024     -0.8881
4381    0.0020        1.0000         0.9168        59.7980     -0.8886
4382    0.0020        1.0000         0.9171        59.7936     -0.8880
4383    0.0020        1.0000         0.9170        59.7892     -0.8898
4384    0.0020        1.0000         0.9167        59.7848     -0.8893
4385    0.0020        1.0000         0.9171        59.7804     -0.8905
4386    0.0020        1.0000         0.9174        59.7761     -0.8898
4387    0.0020        1.0000         0.9170        59.7717     -0.8898
4388    0.0020        1.0000         0.9170        59.7673     -0.8911
4389    0.0020        1.0000         0.9176        59.7629     -0.8898
4390    0.0020        1.0000         0.9176        59.7584     -0.8878
4391    0.0020        1.0000         0.9183        59.7540     -0.8875
4392    0.0020        1.0000         0.9185        59.7496     -0.8939
4393    0.0020        1.0000         0.9186        59.7452     -0.8928
4394    0.0020        1.0000         0.9189        59.7408     -0.8904
4395    0.0020        1.0000         0.9185        59.7364     -0.8954
4396    0.0020        1.0000         0.9186        59.7321     -0.8893
4397    0.0020        1.0000         0.9191        59.7278     -0.8904
4398    0.0020        1.0000         0.9183        59.7234     -0.8919
4399    0.0020        1.0000         0.9185        59.7190     -0.8884
4400    0.0020        1.0000         0.9180        59.7145     -0.8924
4401    0.0020        1.0000         0.9183        59.7101     -0.8908
4402    0.0020        1.0000         0.9188        59.7058     -0.8904
4403    0.0020        1.0000         0.9189        59.7014     -0.8915
4404    0.0020        1.0000         0.9191        59.6971     -0.8922
4405    0.0020        1.0000         0.9197        59.6928     -0.8925
4406    0.0020        1.0000         0.9194        59.6884     -0.8898
4407    0.0020        1.0000         0.9191        59.6840     -0.8913
4408    0.0020        1.0000         0.9189        59.6797     -0.8911
4409    0.0020        1.0000         0.9192        59.6754     -0.8905
4410    0.0020        1.0000         0.9198        59.6711     -0.8924
Epoch    Loss        Train Acc      Test Acc       L2 Norm   Dropout Gap
4411    0.0020        1.0000         0.9200        59.6668     -0.8910
4412    0.0020
              Per-Epoch  Results
                      1.0000
                                 (page   99
                                     0.9201
                                             of 223)
                                                   59.6624     -0.8915
4413    0.0020        1.0000         0.9200        59.6580     -0.8886
4414    0.0020        1.0000         0.9200        59.6536     -0.8889
4415    0.0020        1.0000         0.9201        59.6493     -0.8919
4416    0.0020        1.0000         0.9203        59.6449     -0.8931
4417    0.0020        1.0000         0.9212        59.6406     -0.8919
4418    0.0020        1.0000         0.9211        59.6361     -0.8948
4419    0.0020        1.0000         0.9211        59.6317     -0.8966
4420    0.0020        1.0000         0.9214        59.6273     -0.8921
4421    0.0020        1.0000         0.9215        59.6229     -0.8940
4422    0.0020        1.0000         0.9215        59.6185     -0.8942
4423    0.0020        1.0000         0.9215        59.6141     -0.8921
4424    0.0020        1.0000         0.9214        59.6097     -0.8940
4425    0.0020        1.0000         0.9212        59.6053     -0.8968
4426    0.0020        1.0000         0.9224        59.6009     -0.8942
4427    0.0020        1.0000         0.9223        59.5964     -0.8960
4428    0.0020        1.0000         0.9226        59.5920     -0.8956
4429    0.0020        1.0000         0.9226        59.5875     -0.8954
4430    0.0020        1.0000         0.9227        59.5830     -0.8915
4431    0.0019        1.0000         0.9233        59.5786     -0.8975
4432    0.0019        1.0000         0.9235        59.5742     -0.8962
4433    0.0019        1.0000         0.9232        59.5697     -0.8962
4434    0.0019        1.0000         0.9232        59.5652     -0.8943
4435    0.0019        1.0000         0.9229        59.5607     -0.8962
4436    0.0019        1.0000         0.9232        59.5562     -0.8930
4437    0.0019        1.0000         0.9239        59.5517     -0.8974
4438    0.0019        1.0000         0.9238        59.5472     -0.8957
4439    0.0019        1.0000         0.9239        59.5427     -0.8934
4440    0.0019        1.0000         0.9241        59.5382     -0.8975
4441    0.0019        1.0000         0.9236        59.5337     -0.8960
4442    0.0019        1.0000         0.9241        59.5292     -0.8995
4443    0.0019        1.0000         0.9250        59.5247     -0.8960
4444    0.0019        1.0000         0.9247        59.5202     -0.8968
4445    0.0019        1.0000         0.9250        59.5157     -0.8998
4446    0.0019        1.0000         0.9258        59.5112     -0.9004
4447    0.0019        1.0000         0.9247        59.5067     -0.8975
4448    0.0019        1.0000         0.9253        59.5023     -0.9012
4449    0.0019        1.0000         0.9256        59.4978     -0.8993
4450    0.0019        1.0000         0.9249        59.4933     -0.9004
4451    0.0019        1.0000         0.9252        59.4888     -0.8951
4452    0.0019        1.0000         0.9256        59.4843     -0.8943
4453    0.0019        1.0000         0.9262        59.4799     -0.9000
4454    0.0019        1.0000         0.9256        59.4754     -0.8993
4455    0.0019        1.0000         0.9262        59.4709     -0.8966
Epoch    Loss         Train Acc     Test Acc       L2 Norm   Dropout Gap
4456    0.0019         1.0000        0.9258        59.4665     -0.8965
4457    0.0019
              Per-Epoch  Results
                       1.0000
                                 (page  100
                                     0.9255
                                             of 223)
                                                   59.4620     -0.8956
4458    0.0019         1.0000        0.9265        59.4575     -0.8986
4459    0.0019         1.0000        0.9265        59.4531     -0.8986
4460    0.0019         1.0000        0.9268        59.4486     -0.9016
4461    0.0019         1.0000        0.9271        59.4441     -0.8960
4462    0.0019         1.0000        0.9265        59.4396     -0.9004
4463    0.0019         1.0000        0.9274        59.4352     -0.9015
4464    0.0019         1.0000        0.9273        59.4308     -0.8987
4465    0.0019         1.0000        0.9271        59.4264     -0.8981
4466    0.0019         1.0000        0.9271        59.4219     -0.8992
4467    0.0019         1.0000        0.9273        59.4173     -0.9031
4468    0.0019         1.0000        0.9273        59.4129     -0.9007
4469    0.0019         1.0000        0.9276        59.4084     -0.9012
4470    0.0019         1.0000        0.9277        59.4039     -0.8998
4471    0.0019         1.0000        0.9276        59.3995     -0.8998
4472    0.0019         1.0000        0.9280        59.3949     -0.8990
4473    0.0019         1.0000        0.9277        59.3904     -0.9012
4474    0.0019         1.0000        0.9277        59.3859     -0.9000
4475    0.0019         1.0000        0.9279        59.3814     -0.8997
4476    0.0019         1.0000        0.9280        59.3769     -0.9010
4477    0.0019         1.0000        0.9280        59.3724     -0.8995
4478    0.0019         1.0000        0.9283        59.3679     -0.9018
4479    0.0019         1.0000        0.9279        59.3633     -0.9009
4480    0.0019         1.0000        0.9283        59.3588     -0.8986
4481    0.0019         1.0000        0.9286        59.3542     -0.9028
4482    0.0019         1.0000        0.9283        59.3496     -0.9007
4483    0.0019         1.0000        0.9283        59.3451     -0.8998
4484    0.0019         1.0000        0.9290        59.3405     -0.8978
4485    0.0019         1.0000        0.9286        59.3360     -0.9044
4486    0.0019         1.0000        0.9283        59.3314     -0.8971
4487    0.0019         1.0000        0.9288        59.3269     -0.9037
4488    0.0019         1.0000        0.9286        59.3224     -0.9012
4489    0.0019         1.0000        0.9283        59.3178     -0.9019
4490    0.0019         1.0000        0.9285        59.3133     -0.9033
4491    0.0018         1.0000        0.9288        59.3088     -0.9004
4492    0.0018         1.0000        0.9286        59.3042     -0.9022
4493    0.0018         1.0000        0.9291        59.2997     -0.9019
4494    0.0018         1.0000        0.9286        59.2952     -0.9021
4495    0.0018         1.0000        0.9290        59.2907     -0.8957
4496    0.0018         1.0000        0.9293        59.2860     -0.9019
4497    0.0018         1.0000        0.9291        59.2814     -0.8989
4498    0.0018         1.0000        0.9294        59.2768     -0.9030
4499    0.0018         1.0000        0.9300        59.2722     -0.9022
4500    0.0018         1.0000        0.9300        59.2675     -0.9024
Epoch    Loss         Train Acc     Test Acc       L2 Norm   Dropout Gap
4501    0.0018         1.0000        0.9294        59.2629     -0.9001
4502    0.0018
              Per-Epoch  Results
                       1.0000
                                 (page  101
                                     0.9296
                                             of 223)
                                                   59.2582     -0.9016
4503    0.0018         1.0000        0.9291        59.2536     -0.9006
4504    0.0018         1.0000        0.9296        59.2489     -0.9039
4505    0.0018         1.0000        0.9297        59.2443     -0.9013
4506    0.0018         1.0000        0.9296        59.2396     -0.9009
4507    0.0018         1.0000        0.9297        59.2349     -0.9013
4508    0.0018         1.0000        0.9300        59.2302     -0.9030
4509    0.0018         1.0000        0.9299        59.2255     -0.9007
4510    0.0018         1.0000        0.9303        59.2208     -0.9013
4511    0.0018         1.0000        0.9308        59.2161     -0.9015
4512    0.0018         1.0000        0.9306        59.2114     -0.8995
4513    0.0018         1.0000        0.9306        59.2066     -0.9015
4514    0.0018         1.0000        0.9306        59.2020     -0.9021
4515    0.0018         1.0000        0.9305        59.1973     -0.9041
4516    0.0018         1.0000        0.9305        59.1926     -0.9015
4517    0.0018         1.0000        0.9305        59.1878     -0.9010
4518    0.0018         1.0000        0.9306        59.1831     -0.8998
4519    0.0018         1.0000        0.9311        59.1783     -0.9019
4520    0.0018         1.0000        0.9312        59.1735     -0.9036
4521    0.0018         1.0000        0.9320        59.1687     -0.9042
4522    0.0018         1.0000        0.9321        59.1639     -0.9024
4523    0.0018         1.0000        0.9321        59.1590     -0.9051
4524    0.0018         1.0000        0.9323        59.1542     -0.9097
4525    0.0018         1.0000        0.9320        59.1493     -0.9028
4526    0.0018         1.0000        0.9321        59.1444     -0.9036
4527    0.0018         1.0000        0.9326        59.1396     -0.9056
4528    0.0018         1.0000        0.9323        59.1347     -0.9071
4529    0.0018         1.0000        0.9323        59.1297     -0.9045
4530    0.0018         1.0000        0.9323        59.1248     -0.9030
4531    0.0018         1.0000        0.9321        59.1198     -0.9044
4532    0.0018         1.0000        0.9323        59.1148     -0.9042
4533    0.0018         1.0000        0.9321        59.1098     -0.9009
4534    0.0018         1.0000        0.9326        59.1049     -0.8981
4535    0.0018         1.0000        0.9326        59.0999     -0.8998
4536    0.0017         1.0000        0.9327        59.0949     -0.9089
4537    0.0017         1.0000        0.9329        59.0898     -0.9033
4538    0.0017         1.0000        0.9330        59.0848     -0.9000
4539    0.0017         1.0000        0.9332        59.0798     -0.9065
4540    0.0017         1.0000        0.9327        59.0747     -0.9057
4541    0.0017         1.0000        0.9334        59.0696     -0.9022
4542    0.0017         1.0000        0.9334        59.0644     -0.9065
4543    0.0017         1.0000        0.9334        59.0593     -0.9082
4544    0.0017         1.0000        0.9335        59.0542     -0.9065
4545    0.0017         1.0000        0.9340        59.0491     -0.9045
Epoch    Loss         Train Acc     Test Acc       L2 Norm   Dropout Gap
4546    0.0017         1.0000        0.9338        59.0441     -0.9078
4547    0.0017
              Per-Epoch  Results
                       1.0000
                                 (page  102
                                     0.9340
                                             of 223)
                                                   59.0389     -0.9051
4548    0.0017         1.0000        0.9344        59.0338     -0.9022
4549    0.0017         1.0000        0.9346        59.0286     -0.9019
4550    0.0017         1.0000        0.9346        59.0235     -0.9050
4551    0.0017         1.0000        0.9353        59.0183     -0.9100
4552    0.0017         1.0000        0.9343        59.0132     -0.9047
4553    0.0017         1.0000        0.9347        59.0081     -0.9103
4554    0.0017         1.0000        0.9355        59.0030     -0.9075
4555    0.0017         1.0000        0.9353        58.9979     -0.9057
4556    0.0017         1.0000        0.9356        58.9926     -0.9083
4557    0.0017         1.0000        0.9359        58.9875     -0.9091
4558    0.0017         1.0000        0.9356        58.9823     -0.9068
4559    0.0017         1.0000        0.9359        58.9771     -0.9095
4560    0.0017         1.0000        0.9362        58.9720     -0.9078
4561    0.0017         1.0000        0.9359        58.9667     -0.9078
4562    0.0017         1.0000        0.9359        58.9615     -0.9065
4563    0.0017         1.0000        0.9364        58.9563     -0.9089
4564    0.0017         1.0000        0.9367        58.9511     -0.9057
4565    0.0017         1.0000        0.9367        58.9459     -0.9065
4566    0.0017         1.0000        0.9370        58.9407     -0.9133
4567    0.0017         1.0000        0.9373        58.9354     -0.9110
4568    0.0017         1.0000        0.9367        58.9302     -0.9098
4569    0.0017         1.0000        0.9371        58.9250     -0.9086
4570    0.0017         1.0000        0.9378        58.9198     -0.9121
4571    0.0017         1.0000        0.9373        58.9147     -0.9068
4572    0.0017         1.0000        0.9378        58.9095     -0.9088
4573    0.0017         1.0000        0.9379        58.9042     -0.9089
4574    0.0017         1.0000        0.9378        58.8990     -0.9085
4575    0.0017         1.0000        0.9387        58.8939     -0.9106
4576    0.0017         1.0000        0.9384        58.8886     -0.9098
4577    0.0017         1.0000        0.9390        58.8835     -0.9107
4578    0.0017         1.0000        0.9387        58.8783     -0.9121
4579    0.0017         1.0000        0.9391        58.8731     -0.9116
4580    0.0017         1.0000        0.9397        58.8678     -0.9110
4581    0.0017         1.0000        0.9399        58.8626     -0.9100
4582    0.0017         1.0000        0.9393        58.8573     -0.9112
4583    0.0017         1.0000        0.9400        58.8520     -0.9106
4584    0.0017         1.0000        0.9408        58.8468     -0.9136
4585    0.0017         1.0000        0.9408        58.8415     -0.9094
4586    0.0017         1.0000        0.9414        58.8362     -0.9159
4587    0.0017         1.0000        0.9417        58.8309     -0.9145
4588    0.0017         1.0000        0.9414        58.8256     -0.9124
4589    0.0017         1.0000        0.9411        58.8204     -0.9153
4590    0.0017         1.0000        0.9419        58.8152     -0.9104
Epoch    Loss         Train Acc     Test Acc       L2 Norm   Dropout Gap
4591    0.0017         1.0000        0.9419        58.8100     -0.9130
4592    0.0017
              Per-Epoch  Results
                       1.0000
                                 (page  103
                                     0.9419
                                             of 223)
                                                   58.8047     -0.9107
4593    0.0017         1.0000        0.9423        58.7994     -0.9109
4594    0.0017         1.0000        0.9426        58.7942     -0.9135
4595    0.0016         1.0000        0.9428        58.7890     -0.9147
4596    0.0016         1.0000        0.9428        58.7837     -0.9110
4597    0.0016         1.0000        0.9428        58.7785     -0.9151
4598    0.0016         1.0000        0.9426        58.7732     -0.9151
4599    0.0016         1.0000        0.9429        58.7680     -0.9171
4600    0.0016         1.0000        0.9428        58.7628     -0.9091
4601    0.0016         1.0000        0.9429        58.7576     -0.9126
4602    0.0016         1.0000        0.9432        58.7523     -0.9153
4603    0.0016         1.0000        0.9429        58.7471     -0.9100
4604    0.0016         1.0000        0.9432        58.7419     -0.9130
4605    0.0016         1.0000        0.9429        58.7367     -0.9151
4606    0.0016         1.0000        0.9429        58.7315     -0.9147
4607    0.0016         1.0000        0.9431        58.7263     -0.9135
4608    0.0016         1.0000        0.9432        58.7211     -0.9179
4609    0.0016         1.0000        0.9432        58.7159     -0.9173
4610    0.0016         1.0000        0.9432        58.7107     -0.9112
4611    0.0016         1.0000        0.9435        58.7055     -0.9132
4612    0.0016         1.0000        0.9443        58.7004     -0.9124
4613    0.0016         1.0000        0.9440        58.6952     -0.9129
4614    0.0016         1.0000        0.9440        58.6900     -0.9147
4615    0.0016         1.0000        0.9443        58.6848     -0.9162
4616    0.0016         1.0000        0.9444        58.6796     -0.9148
4617    0.0016         1.0000        0.9443        58.6744     -0.9136
4618    0.0016         1.0000        0.9444        58.6692     -0.9157
4619    0.0016         1.0000        0.9450        58.6641     -0.9132
4620    0.0016         1.0000        0.9449        58.6588     -0.9171
4621    0.0016         1.0000        0.9447        58.6535     -0.9138
4622    0.0016         1.0000        0.9447        58.6483     -0.9179
4623    0.0016         1.0000        0.9452        58.6430     -0.9188
4624    0.0016         1.0000        0.9455        58.6378     -0.9173
4625    0.0016         1.0000        0.9457        58.6325     -0.9164
4626    0.0016         1.0000        0.9453        58.6273     -0.9160
4627    0.0016         1.0000        0.9458        58.6221     -0.9170
4628    0.0016         1.0000        0.9458        58.6168     -0.9165
4629    0.0016         1.0000        0.9460        58.6115     -0.9164
4630    0.0016         1.0000        0.9458        58.6062     -0.9124
4631    0.0016         1.0000        0.9461        58.6009     -0.9151
4632    0.0016         1.0000        0.9464        58.5957     -0.9167
4633    0.0016         1.0000        0.9467        58.5905     -0.9183
4634    0.0016         1.0000        0.9464        58.5852     -0.9191
4635    0.0016         1.0000        0.9467        58.5799     -0.9147
Epoch    Loss         Train Acc     Test Acc       L2 Norm   Dropout Gap
4636    0.0016         1.0000        0.9472        58.5747     -0.9204
4637    0.0016
              Per-Epoch  Results
                       1.0000
                                 (page  104
                                     0.9470
                                             of 223)
                                                   58.5695     -0.9173
4638    0.0016         1.0000        0.9473        58.5643     -0.9170
4639    0.0016         1.0000        0.9482        58.5591     -0.9198
4640    0.0016         1.0000        0.9478        58.5539     -0.9211
4641    0.0016         1.0000        0.9482        58.5486     -0.9174
4642    0.0016         1.0000        0.9488        58.5434     -0.9189
4643    0.0016         1.0000        0.9491        58.5382     -0.9192
4644    0.0016         1.0000        0.9482        58.5330     -0.9191
4645    0.0016         1.0000        0.9488        58.5278     -0.9224
4646    0.0016         1.0000        0.9487        58.5226     -0.9191
4647    0.0016         1.0000        0.9482        58.5174     -0.9173
4648    0.0016         1.0000        0.9485        58.5122     -0.9177
4649    0.0016         1.0000        0.9487        58.5070     -0.9168
4650    0.0016         1.0000        0.9488        58.5018     -0.9191
4651    0.0016         1.0000        0.9487        58.4966     -0.9249
4652    0.0016         1.0000        0.9490        58.4915     -0.9189
4653    0.0016         1.0000        0.9491        58.4863     -0.9215
4654    0.0016         1.0000        0.9491        58.4811     -0.9194
4655    0.0016         1.0000        0.9490        58.4759     -0.9221
4656    0.0016         1.0000        0.9491        58.4708     -0.9194
4657    0.0016         1.0000        0.9497        58.4656     -0.9194
4658    0.0016         1.0000        0.9497        58.4605     -0.9264
4659    0.0015         1.0000        0.9502        58.4553     -0.9198
4660    0.0015         1.0000        0.9507        58.4502     -0.9229
4661    0.0015         1.0000        0.9505        58.4451     -0.9192
4662    0.0015         1.0000        0.9513        58.4399     -0.9236
4663    0.0015         1.0000        0.9514        58.4348     -0.9259
4664    0.0015         1.0000        0.9513        58.4297     -0.9218
4665    0.0015         1.0000        0.9513        58.4246     -0.9189
4666    0.0015         1.0000        0.9513        58.4195     -0.9221
4667    0.0015         1.0000        0.9511        58.4143     -0.9223
4668    0.0015         1.0000        0.9516        58.4092     -0.9245
4669    0.0015         1.0000        0.9511        58.4041     -0.9233
4670    0.0015         1.0000        0.9514        58.3990     -0.9235
4671    0.0015         1.0000        0.9516        58.3938     -0.9226
4672    0.0015         1.0000        0.9525        58.3886     -0.9255
4673    0.0015         1.0000        0.9516        58.3835     -0.9215
4674    0.0015         1.0000        0.9517        58.3783     -0.9253
4675    0.0015         1.0000        0.9516        58.3731     -0.9194
4676    0.0015         1.0000        0.9517        58.3680     -0.9217
4677    0.0015         1.0000        0.9519        58.3629     -0.9206
4678    0.0015         1.0000        0.9526        58.3577     -0.9239
4679    0.0015         1.0000        0.9526        58.3525     -0.9274
4680    0.0015         1.0000        0.9525        58.3474     -0.9223
Epoch    Loss         Train Acc     Test Acc       L2 Norm   Dropout Gap
4681    0.0015         1.0000        0.9526        58.3423     -0.9245
4682    0.0015
              Per-Epoch  Results
                       1.0000
                                 (page  105
                                     0.9525
                                             of 223)
                                                   58.3371     -0.9262
4683    0.0015         1.0000        0.9526        58.3320     -0.9245
4684    0.0015         1.0000        0.9528        58.3268     -0.9258
4685    0.0015         1.0000        0.9526        58.3216     -0.9261
4686    0.0015         1.0000        0.9526        58.3164     -0.9244
4687    0.0015         1.0000        0.9537        58.3113     -0.9252
4688    0.0015         1.0000        0.9537        58.3061     -0.9242
4689    0.0015         1.0000        0.9532        58.3009     -0.9233
4690    0.0015         1.0000        0.9535        58.2957     -0.9214
4691    0.0015         1.0000        0.9538        58.2905     -0.9255
4692    0.0015         1.0000        0.9538        58.2854     -0.9249
4693    0.0015         1.0000        0.9540        58.2802     -0.9239
4694    0.0015         1.0000        0.9538        58.2751     -0.9230
4695    0.0015         1.0000        0.9537        58.2699     -0.9249
4696    0.0015         1.0000        0.9537        58.2647     -0.9247
4697    0.0015         1.0000        0.9540        58.2596     -0.9209
4698    0.0015         1.0000        0.9545        58.2544     -0.9245
4699    0.0015         1.0000        0.9549        58.2493     -0.9239
4700    0.0015         1.0000        0.9546        58.2441     -0.9249
4701    0.0015         1.0000        0.9545        58.2389     -0.9241
4702    0.0015         1.0000        0.9545        58.2337     -0.9300
4703    0.0015         1.0000        0.9549        58.2286     -0.9241
4704    0.0015         1.0000        0.9549        58.2234     -0.9256
4705    0.0015         1.0000        0.9548        58.2182     -0.9267
4706    0.0015         1.0000        0.9548        58.2131     -0.9264
4707    0.0015         1.0000        0.9552        58.2079     -0.9245
4708    0.0015         1.0000        0.9552        58.2028     -0.9253
4709    0.0015         1.0000        0.9549        58.1976     -0.9261
4710    0.0015         1.0000        0.9551        58.1925     -0.9286
4711    0.0015         1.0000        0.9552        58.1874     -0.9236
4712    0.0015         1.0000        0.9552        58.1823     -0.9217
4713    0.0015         1.0000        0.9552        58.1772     -0.9261
4714    0.0015         1.0000        0.9552        58.1720     -0.9230
4715    0.0015         1.0000        0.9552        58.1669     -0.9265
4716    0.0015         1.0000        0.9555        58.1619     -0.9242
4717    0.0015         1.0000        0.9557        58.1568     -0.9224
4718    0.0015         1.0000        0.9552        58.1517     -0.9267
4719    0.0015         1.0000        0.9554        58.1466     -0.9249
4720    0.0015         1.0000        0.9554        58.1415     -0.9268
4721    0.0015         1.0000        0.9552        58.1364     -0.9241
4722    0.0015         1.0000        0.9555        58.1314     -0.9274
4723    0.0015         1.0000        0.9555        58.1264     -0.9282
4724    0.0015         1.0000        0.9555        58.1213     -0.9262
4725    0.0015         1.0000        0.9558        58.1162     -0.9279
Epoch    Loss         Train Acc     Test Acc       L2 Norm   Dropout Gap
4726    0.0015         1.0000        0.9557        58.1112     -0.9221
4727    0.0015
              Per-Epoch  Results
                       1.0000
                                 (page  106
                                     0.9557
                                             of 223)
                                                   58.1061     -0.9314
4728    0.0015         1.0000        0.9557        58.1011     -0.9256
4729    0.0015         1.0000        0.9560        58.0961     -0.9317
4730    0.0015         1.0000        0.9561        58.0911     -0.9261
4731    0.0015         1.0000        0.9566        58.0861     -0.9274
4732    0.0015         1.0000        0.9563        58.0811     -0.9286
4733    0.0015         1.0000        0.9564        58.0761     -0.9282
4734    0.0015         1.0000        0.9566        58.0712     -0.9256
4735    0.0015         1.0000        0.9566        58.0662     -0.9314
4736    0.0014         1.0000        0.9567        58.0613     -0.9293
4737    0.0014         1.0000        0.9572        58.0563     -0.9241
4738    0.0014         1.0000        0.9569        58.0514     -0.9271
4739    0.0014         1.0000        0.9570        58.0464     -0.9249
4740    0.0014         1.0000        0.9573        58.0415     -0.9337
4741    0.0014         1.0000        0.9572        58.0365     -0.9276
4742    0.0014         1.0000        0.9579        58.0316     -0.9326
4743    0.0014         1.0000        0.9576        58.0266     -0.9241
4744    0.0014         1.0000        0.9576        58.0216     -0.9209
4745    0.0014         1.0000        0.9583        58.0167     -0.9277
4746    0.0014         1.0000        0.9586        58.0117     -0.9265
4747    0.0014         1.0000        0.9583        58.0068     -0.9291
4748    0.0014         1.0000        0.9583        58.0019     -0.9267
4749    0.0014         1.0000        0.9586        57.9969     -0.9320
4750    0.0014         1.0000        0.9586        57.9919     -0.9288
4751    0.0014         1.0000        0.9587        57.9870     -0.9312
4752    0.0014         1.0000        0.9587        57.9820     -0.9271
4753    0.0014         1.0000        0.9587        57.9771     -0.9291
4754    0.0014         1.0000        0.9586        57.9721     -0.9285
4755    0.0014         1.0000        0.9586        57.9672     -0.9296
4756    0.0014         1.0000        0.9589        57.9623     -0.9279
4757    0.0014         1.0000        0.9586        57.9573     -0.9244
4758    0.0014         1.0000        0.9586        57.9524     -0.9311
4759    0.0014         1.0000        0.9587        57.9474     -0.9285
4760    0.0014         1.0000        0.9589        57.9425     -0.9270
4761    0.0014         1.0000        0.9587        57.9375     -0.9302
4762    0.0014         1.0000        0.9587        57.9326     -0.9288
4763    0.0014         1.0000        0.9589        57.9276     -0.9306
4764    0.0014         1.0000        0.9589        57.9227     -0.9305
4765    0.0014         1.0000        0.9590        57.9177     -0.9326
4766    0.0014         1.0000        0.9592        57.9128     -0.9282
4767    0.0014         1.0000        0.9592        57.9078     -0.9305
4768    0.0014         1.0000        0.9595        57.9029     -0.9280
4769    0.0014         1.0000        0.9599        57.8981     -0.9308
4770    0.0014         1.0000        0.9599        57.8932     -0.9318
Epoch    Loss         Train Acc     Test Acc       L2 Norm   Dropout Gap
4771    0.0014         1.0000        0.9595        57.8883     -0.9312
4772    0.0014
              Per-Epoch  Results
                       1.0000
                                 (page  107
                                     0.9596
                                             of 223)
                                                   57.8834     -0.9294
4773    0.0014         1.0000        0.9598        57.8786     -0.9346
4774    0.0014         1.0000        0.9596        57.8737     -0.9303
4775    0.0014         1.0000        0.9599        57.8688     -0.9273
4776    0.0014         1.0000        0.9604        57.8640     -0.9300
4777    0.0014         1.0000        0.9604        57.8591     -0.9302
4778    0.0014         1.0000        0.9605        57.8543     -0.9308
4779    0.0014         1.0000        0.9605        57.8495     -0.9312
4780    0.0014         1.0000        0.9605        57.8447     -0.9293
4781    0.0014         1.0000        0.9607        57.8398     -0.9311
4782    0.0014         1.0000        0.9608        57.8350     -0.9297
4783    0.0014         1.0000        0.9608        57.8302     -0.9291
4784    0.0014         1.0000        0.9608        57.8254     -0.9330
4785    0.0014         1.0000        0.9607        57.8206     -0.9293
4786    0.0014         1.0000        0.9610        57.8159     -0.9259
4787    0.0014         1.0000        0.9611        57.8112     -0.9309
4788    0.0014         1.0000        0.9613        57.8064     -0.9312
4789    0.0014         1.0000        0.9610        57.8016     -0.9312
4790    0.0014         1.0000        0.9613        57.7969     -0.9327
4791    0.0014         1.0000        0.9611        57.7922     -0.9318
4792    0.0014         1.0000        0.9611        57.7875     -0.9326
4793    0.0014         1.0000        0.9614        57.7827     -0.9311
4794    0.0014         1.0000        0.9611        57.7780     -0.9270
4795    0.0014         1.0000        0.9611        57.7733     -0.9332
4796    0.0014         1.0000        0.9610        57.7686     -0.9340
4797    0.0014         1.0000        0.9613        57.7640     -0.9285
4798    0.0014         1.0000        0.9613        57.7593     -0.9315
4799    0.0014         1.0000        0.9614        57.7546     -0.9303
4800    0.0014         1.0000        0.9614        57.7500     -0.9297
4801    0.0014         1.0000        0.9613        57.7454     -0.9329
4802    0.0014         1.0000        0.9616        57.7407     -0.9320
4803    0.0014         1.0000        0.9616        57.7360     -0.9303
4804    0.0014         1.0000        0.9619        57.7314     -0.9355
4805    0.0014         1.0000        0.9616        57.7267     -0.9293
4806    0.0014         1.0000        0.9616        57.7221     -0.9332
4807    0.0014         1.0000        0.9616        57.7175     -0.9311
4808    0.0014         1.0000        0.9619        57.7128     -0.9297
4809    0.0014         1.0000        0.9619        57.7082     -0.9332
4810    0.0014         1.0000        0.9620        57.7035     -0.9353
4811    0.0014         1.0000        0.9624        57.6989     -0.9334
4812    0.0014         1.0000        0.9625        57.6942     -0.9335
4813    0.0014         1.0000        0.9620        57.6896     -0.9268
4814    0.0014         1.0000        0.9624        57.6849     -0.9347
4815    0.0014         1.0000        0.9624        57.6802     -0.9299
Epoch    Loss         Train Acc     Test Acc       L2 Norm   Dropout Gap
4816    0.0014         1.0000        0.9625        57.6756     -0.9271
4817    0.0014
              Per-Epoch  Results
                       1.0000
                                 (page  108
                                     0.9627
                                             of 223)
                                                   57.6710     -0.9343
4818    0.0014         1.0000        0.9625        57.6663     -0.9324
4819    0.0014         1.0000        0.9627        57.6617     -0.9294
4820    0.0014         1.0000        0.9627        57.6571     -0.9353
4821    0.0013         1.0000        0.9628        57.6525     -0.9384
4822    0.0013         1.0000        0.9627        57.6479     -0.9359
4823    0.0013         1.0000        0.9625        57.6433     -0.9297
4824    0.0013         1.0000        0.9625        57.6387     -0.9358
4825    0.0013         1.0000        0.9625        57.6341     -0.9291
4826    0.0013         1.0000        0.9625        57.6295     -0.9335
4827    0.0013         1.0000        0.9627        57.6249     -0.9320
4828    0.0013         1.0000        0.9628        57.6203     -0.9356
4829    0.0013         1.0000        0.9630        57.6158     -0.9335
4830    0.0013         1.0000        0.9631        57.6113     -0.9329
4831    0.0013         1.0000        0.9628        57.6067     -0.9306
4832    0.0013         1.0000        0.9628        57.6021     -0.9306
4833    0.0013         1.0000        0.9627        57.5976     -0.9318
4834    0.0013         1.0000        0.9630        57.5930     -0.9340
4835    0.0013         1.0000        0.9631        57.5885     -0.9309
4836    0.0013         1.0000        0.9633        57.5840     -0.9309
4837    0.0013         1.0000        0.9631        57.5795     -0.9311
4838    0.0013         1.0000        0.9634        57.5750     -0.9308
4839    0.0013         1.0000        0.9636        57.5705     -0.9317
4840    0.0013         1.0000        0.9636        57.5660     -0.9323
4841    0.0013         1.0000        0.9634        57.5616     -0.9340
4842    0.0013         1.0000        0.9637        57.5572     -0.9338
4843    0.0013         1.0000        0.9634        57.5528     -0.9361
4844    0.0013         1.0000        0.9636        57.5485     -0.9330
4845    0.0013         1.0000        0.9636        57.5442     -0.9323
4846    0.0013         1.0000        0.9633        57.5399     -0.9317
4847    0.0013         1.0000        0.9633        57.5357     -0.9341
4848    0.0013         1.0000        0.9634        57.5315     -0.9352
4849    0.0013         1.0000        0.9631        57.5274     -0.9329
4850    0.0013         1.0000        0.9633        57.5233     -0.9340
4851    0.0013         1.0000        0.9630        57.5192     -0.9314
4852    0.0013         1.0000        0.9628        57.5152     -0.9352
4853    0.0013         1.0000        0.9633        57.5112     -0.9314
4854    0.0013         1.0000        0.9634        57.5074     -0.9349
4855    0.0013         1.0000        0.9637        57.5035     -0.9334
4856    0.0013         1.0000        0.9637        57.4998     -0.9305
4857    0.0013         1.0000        0.9637        57.4960     -0.9338
4858    0.0013         1.0000        0.9639        57.4924     -0.9330
4859    0.0013         1.0000        0.9640        57.4888     -0.9349
4860    0.0013         1.0000        0.9640        57.4853     -0.9358
Epoch    Loss         Train Acc     Test Acc       L2 Norm   Dropout Gap
4861    0.0013         1.0000        0.9639        57.4818     -0.9337
4862    0.0013
              Per-Epoch  Results
                       1.0000
                                 (page  109
                                     0.9639
                                             of 223)
                                                   57.4784     -0.9368
4863    0.0013         1.0000        0.9642        57.4751     -0.9349
4864    0.0013         1.0000        0.9645        57.4718     -0.9350
4865    0.0013         1.0000        0.9645        57.4686     -0.9324
4866    0.0013         1.0000        0.9646        57.4654     -0.9356
4867    0.0013         1.0000        0.9645        57.4624     -0.9326
4868    0.0013         1.0000        0.9646        57.4594     -0.9308
4869    0.0013         1.0000        0.9646        57.4565     -0.9332
4870    0.0013         1.0000        0.9646        57.4537     -0.9355
4871    0.0013         1.0000        0.9646        57.4508     -0.9326
4872    0.0013         1.0000        0.9649        57.4480     -0.9321
4873    0.0013         1.0000        0.9652        57.4453     -0.9359
4874    0.0013         1.0000        0.9652        57.4427     -0.9317
4875    0.0013         1.0000        0.9652        57.4401     -0.9352
4876    0.0013         1.0000        0.9652        57.4374     -0.9359
4877    0.0013         1.0000        0.9655        57.4348     -0.9320
4878    0.0013         1.0000        0.9655        57.4322     -0.9349
4879    0.0013         1.0000        0.9654        57.4297     -0.9346
4880    0.0013         1.0000        0.9655        57.4272     -0.9358
4881    0.0013         1.0000        0.9655        57.4247     -0.9361
4882    0.0013         1.0000        0.9657        57.4223     -0.9340
4883    0.0012         1.0000        0.9657        57.4198     -0.9353
4884    0.0012         1.0000        0.9657        57.4174     -0.9368
4885    0.0012         1.0000        0.9655        57.4149     -0.9352
4886    0.0012         1.0000        0.9652        57.4124     -0.9344
4887    0.0012         1.0000        0.9654        57.4099     -0.9355
4888    0.0012         1.0000        0.9654        57.4074     -0.9356
4889    0.0012         1.0000        0.9652        57.4049     -0.9356
4890    0.0012         1.0000        0.9652        57.4025     -0.9337
4891    0.0012         1.0000        0.9655        57.4000     -0.9361
4892    0.0012         1.0000        0.9655        57.3975     -0.9359
4893    0.0012         1.0000        0.9652        57.3950     -0.9361
4894    0.0012         1.0000        0.9651        57.3926     -0.9326
4895    0.0012         1.0000        0.9655        57.3902     -0.9359
4896    0.0012         1.0000        0.9655        57.3877     -0.9338
4897    0.0012         1.0000        0.9654        57.3852     -0.9335
4898    0.0012         1.0000        0.9654        57.3828     -0.9385
4899    0.0012         1.0000        0.9655        57.3803     -0.9344
4900    0.0012         1.0000        0.9652        57.3779     -0.9353
4901    0.0012         1.0000        0.9654        57.3754     -0.9373
4902    0.0012         1.0000        0.9655        57.3729     -0.9314
4903    0.0012         1.0000        0.9654        57.3705     -0.9361
4904    0.0012         1.0000        0.9657        57.3680     -0.9338
4905    0.0012         1.0000        0.9657        57.3654     -0.9332
Epoch    Loss         Train Acc     Test Acc       L2 Norm   Dropout Gap
4906    0.0012         1.0000        0.9657        57.3629     -0.9358
4907    0.0012
              Per-Epoch  Results
                       1.0000
                                 (page  110
                                     0.9657
                                             of 223)
                                                   57.3603     -0.9332
4908    0.0012         1.0000        0.9660        57.3578     -0.9347
4909    0.0012         1.0000        0.9660        57.3553     -0.9349
4910    0.0012         1.0000        0.9658        57.3527     -0.9365
4911    0.0012         1.0000        0.9663        57.3501     -0.9299
4912    0.0012         1.0000        0.9666        57.3475     -0.9382
4913    0.0012         1.0000        0.9666        57.3448     -0.9350
4914    0.0012         1.0000        0.9668        57.3422     -0.9346
4915    0.0012         1.0000        0.9666        57.3396     -0.9359
4916    0.0012         1.0000        0.9664        57.3371     -0.9382
4917    0.0012         1.0000        0.9668        57.3345     -0.9394
4918    0.0012         1.0000        0.9671        57.3318     -0.9326
4919    0.0012         1.0000        0.9672        57.3292     -0.9359
4920    0.0012         1.0000        0.9675        57.3264     -0.9362
4921    0.0012         1.0000        0.9672        57.3237     -0.9361
4922    0.0012         1.0000        0.9672        57.3210     -0.9350
4923    0.0012         1.0000        0.9674        57.3182     -0.9378
4924    0.0012         1.0000        0.9671        57.3154     -0.9356
4925    0.0012         1.0000        0.9672        57.3127     -0.9349
4926    0.0012         1.0000        0.9674        57.3099     -0.9356
4927    0.0012         1.0000        0.9672        57.3071     -0.9314
4928    0.0012         1.0000        0.9672        57.3044     -0.9341
4929    0.0012         1.0000        0.9671        57.3017     -0.9352
4930    0.0012         1.0000        0.9671        57.2989     -0.9385
4931    0.0012         1.0000        0.9672        57.2961     -0.9344
4932    0.0012         1.0000        0.9672        57.2934     -0.9340
4933    0.0012         1.0000        0.9672        57.2907     -0.9347
4934    0.0012         1.0000        0.9671        57.2880     -0.9347
4935    0.0012         1.0000        0.9671        57.2852     -0.9384
4936    0.0012         1.0000        0.9672        57.2825     -0.9379
4937    0.0012         1.0000        0.9672        57.2796     -0.9327
4938    0.0012         1.0000        0.9674        57.2768     -0.9349
4939    0.0011         1.0000        0.9672        57.2741     -0.9364
4940    0.0011         1.0000        0.9672        57.2714     -0.9381
4941    0.0011         1.0000        0.9672        57.2685     -0.9332
4942    0.0011         1.0000        0.9674        57.2657     -0.9356
4943    0.0011         1.0000        0.9674        57.2630     -0.9379
4944    0.0011         1.0000        0.9674        57.2603     -0.9361
4945    0.0011         1.0000        0.9677        57.2575     -0.9352
4946    0.0011         1.0000        0.9677        57.2547     -0.9365
4947    0.0011         1.0000        0.9677        57.2520     -0.9414
4948    0.0011         1.0000        0.9677        57.2491     -0.9384
4949    0.0011         1.0000        0.9678        57.2463     -0.9403
4950    0.0011         1.0000        0.9678        57.2436     -0.9370
Epoch    Loss         Train Acc     Test Acc       L2 Norm   Dropout Gap
4951    0.0011         1.0000        0.9680        57.2407     -0.9352
4952    0.0011
              Per-Epoch  Results
                       1.0000
                                 (page  111
                                     0.9681
                                             of 223)
                                                   57.2379     -0.9359
4953    0.0011         1.0000        0.9683        57.2350     -0.9379
4954    0.0011         1.0000        0.9683        57.2322     -0.9347
4955    0.0011         1.0000        0.9681        57.2292     -0.9359
4956    0.0011         1.0000        0.9684        57.2263     -0.9388
4957    0.0011         1.0000        0.9686        57.2234     -0.9364
4958    0.0011         1.0000        0.9687        57.2205     -0.9397
4959    0.0011         1.0000        0.9690        57.2176     -0.9361
4960    0.0011         1.0000        0.9690        57.2147     -0.9338
4961    0.0011         1.0000        0.9690        57.2118     -0.9394
4962    0.0011         1.0000        0.9692        57.2089     -0.9370
4963    0.0011         1.0000        0.9690        57.2060     -0.9343
4964    0.0011         1.0000        0.9692        57.2031     -0.9397
4965    0.0011         1.0000        0.9695        57.2002     -0.9359
4966    0.0011         1.0000        0.9696        57.1973     -0.9414
4967    0.0011         1.0000        0.9699        57.1944     -0.9414
4968    0.0011         1.0000        0.9699        57.1914     -0.9376
4969    0.0011         1.0000        0.9696        57.1885     -0.9416
4970    0.0011         1.0000        0.9699        57.1857     -0.9403
4971    0.0011         1.0000        0.9702        57.1830     -0.9402
4972    0.0011         1.0000        0.9705        57.1803     -0.9399
4973    0.0011         1.0000        0.9705        57.1775     -0.9423
4974    0.0011         1.0000        0.9704        57.1747     -0.9403
4975    0.0011         1.0000        0.9707        57.1718     -0.9391
4976    0.0011         1.0000        0.9707        57.1690     -0.9373
4977    0.0011         1.0000        0.9705        57.1663     -0.9420
4978    0.0011         1.0000        0.9707        57.1635     -0.9414
4979    0.0011         1.0000        0.9709        57.1606     -0.9399
4980    0.0011         1.0000        0.9712        57.1577     -0.9405
4981    0.0011         1.0000        0.9709        57.1550     -0.9393
4982    0.0011         1.0000        0.9707        57.1522     -0.9423
4983    0.0011         1.0000        0.9709        57.1493     -0.9406
4984    0.0011         1.0000        0.9712        57.1464     -0.9435
4985    0.0011         1.0000        0.9710        57.1436     -0.9408
4986    0.0011         1.0000        0.9707        57.1408     -0.9381
4987    0.0011         1.0000        0.9710        57.1379     -0.9376
4988    0.0011         1.0000        0.9713        57.1350     -0.9393
4989    0.0011         1.0000        0.9712        57.1322     -0.9381
4990    0.0011         1.0000        0.9715        57.1294     -0.9426
4991    0.0011         1.0000        0.9716        57.1265     -0.9376
4992    0.0011         1.0000        0.9715        57.1236     -0.9416
4993    0.0011         1.0000        0.9716        57.1208     -0.9405
4994    0.0011         1.0000        0.9718        57.1180     -0.9437
4995    0.0011         1.0000        0.9716        57.1152     -0.9400
Epoch    Loss         Train Acc     Test Acc       L2 Norm   Dropout Gap
4996    0.0011         1.0000        0.9719        57.1124     -0.9435
4997    0.0011
              Per-Epoch  Results
                       1.0000
                                 (page  112
                                     0.9722
                                             of 223)
                                                   57.1098     -0.9425
4998    0.0011         1.0000        0.9721        57.1070     -0.9364
4999    0.0011         1.0000        0.9719        57.1043     -0.9429
5000    0.0011         1.0000        0.9724        57.1017     -0.9379
5001    0.0011         1.0000        0.9722        57.0991     -0.9416
5002    0.0011         1.0000        0.9724        57.0965     -0.9467
5003    0.0011         1.0000        0.9725        57.0939     -0.9402
5004    0.0011         1.0000        0.9725        57.0912     -0.9406
5005    0.0011         1.0000        0.9724        57.0886     -0.9411
5006    0.0011         1.0000        0.9725        57.0859     -0.9428
5007    0.0011         1.0000        0.9725        57.0833     -0.9394
5008    0.0011         1.0000        0.9725        57.0808     -0.9443
5009    0.0011         1.0000        0.9727        57.0782     -0.9443
5010    0.0011         1.0000        0.9727        57.0756     -0.9396
5011    0.0011         1.0000        0.9727        57.0730     -0.9422
5012    0.0011         1.0000        0.9728        57.0703     -0.9416
5013    0.0011         1.0000        0.9727        57.0677     -0.9429
5014    0.0011         1.0000        0.9727        57.0652     -0.9408
5015    0.0011         1.0000        0.9727        57.0626     -0.9403
5016    0.0011         1.0000        0.9727        57.0600     -0.9411
5017    0.0011         1.0000        0.9727        57.0573     -0.9440
5018    0.0011         1.0000        0.9727        57.0548     -0.9437
5019    0.0011         1.0000        0.9725        57.0522     -0.9440
5020    0.0011         1.0000        0.9727        57.0495     -0.9385
5021    0.0011         1.0000        0.9727        57.0470     -0.9429
5022    0.0011         1.0000        0.9727        57.0445     -0.9426
5023    0.0011         1.0000        0.9728        57.0419     -0.9441
5024    0.0011         1.0000        0.9727        57.0393     -0.9394
5025    0.0011         1.0000        0.9728        57.0367     -0.9406
5026    0.0011         1.0000        0.9730        57.0342     -0.9426
5027    0.0011         1.0000        0.9727        57.0317     -0.9446
5028    0.0011         1.0000        0.9728        57.0292     -0.9393
5029    0.0011         1.0000        0.9730        57.0267     -0.9416
5030    0.0011         1.0000        0.9730        57.0239     -0.9431
5031    0.0011         1.0000        0.9728        57.0213     -0.9384
5032    0.0011         1.0000        0.9728        57.0188     -0.9406
5033    0.0011         1.0000        0.9727        57.0162     -0.9388
5034    0.0011         1.0000        0.9728        57.0136     -0.9412
5035    0.0011         1.0000        0.9730        57.0110     -0.9420
5036    0.0011         1.0000        0.9730        57.0085     -0.9447
5037    0.0011         1.0000        0.9730        57.0060     -0.9414
5038    0.0011         1.0000        0.9731        57.0034     -0.9422
5039    0.0011         1.0000        0.9733        57.0009     -0.9425
5040    0.0011         1.0000        0.9734        56.9983     -0.9397
Epoch    Loss         Train Acc     Test Acc       L2 Norm   Dropout Gap
5041    0.0011         1.0000        0.9734        56.9956     -0.9441
5042    0.0011
              Per-Epoch  Results
                       1.0000
                                 (page  113
                                     0.9734
                                             of 223)
                                                   56.9930     -0.9437
5043    0.0011         1.0000        0.9734        56.9905     -0.9429
5044    0.0011         1.0000        0.9736        56.9879     -0.9432
5045    0.0011         1.0000        0.9736        56.9854     -0.9356
5046    0.0011         1.0000        0.9737        56.9828     -0.9428
5047    0.0011         1.0000        0.9739        56.9803     -0.9391
5048    0.0011         1.0000        0.9739        56.9777     -0.9426
5049    0.0011         1.0000        0.9740        56.9753     -0.9417
5050    0.0011         1.0000        0.9742        56.9728     -0.9406
5051    0.0010         1.0000        0.9740        56.9703     -0.9399
5052    0.0010         1.0000        0.9743        56.9678     -0.9453
5053    0.0010         1.0000        0.9742        56.9652     -0.9432
5054    0.0010         1.0000        0.9742        56.9627     -0.9403
5055    0.0010         1.0000        0.9745        56.9602     -0.9414
5056    0.0010         1.0000        0.9745        56.9576     -0.9485
5057    0.0010         1.0000        0.9746        56.9551     -0.9458
5058    0.0010         1.0000        0.9750        56.9526     -0.9444
5059    0.0010         1.0000        0.9750        56.9500     -0.9447
5060    0.0010         1.0000        0.9748        56.9475     -0.9429
5061    0.0010         1.0000        0.9750        56.9450     -0.9419
5062    0.0010         1.0000        0.9751        56.9426     -0.9416
5063    0.0010         1.0000        0.9750        56.9402     -0.9423
5064    0.0010         1.0000        0.9751        56.9378     -0.9450
5065    0.0010         1.0000        0.9754        56.9354     -0.9463
5066    0.0010         1.0000        0.9753        56.9331     -0.9481
5067    0.0010         1.0000        0.9756        56.9307     -0.9446
5068    0.0010         1.0000        0.9757        56.9283     -0.9443
5069    0.0010         1.0000        0.9757        56.9259     -0.9467
5070    0.0010         1.0000        0.9754        56.9235     -0.9453
5071    0.0010         1.0000        0.9753        56.9210     -0.9434
5072    0.0010         1.0000        0.9753        56.9186     -0.9432
5073    0.0010         1.0000        0.9754        56.9162     -0.9446
5074    0.0010         1.0000        0.9753        56.9137     -0.9452
5075    0.0010         1.0000        0.9754        56.9112     -0.9402
5076    0.0010         1.0000        0.9754        56.9087     -0.9437
5077    0.0010         1.0000        0.9753        56.9062     -0.9402
5078    0.0010         1.0000        0.9754        56.9037     -0.9446
5079    0.0010         1.0000        0.9757        56.9012     -0.9443
5080    0.0010         1.0000        0.9759        56.8988     -0.9461
5081    0.0010         1.0000        0.9760        56.8963     -0.9464
5082    0.0010         1.0000        0.9762        56.8938     -0.9422
5083    0.0010         1.0000        0.9765        56.8913     -0.9457
5084    0.0010         1.0000        0.9763        56.8888     -0.9466
5085    0.0010         1.0000        0.9762        56.8862     -0.9425
Epoch    Loss         Train Acc     Test Acc       L2 Norm   Dropout Gap
5086    0.0010         1.0000        0.9760        56.8836     -0.9478
5087    0.0010
              Per-Epoch  Results
                       1.0000
                                 (page  114
                                     0.9768
                                             of 223)
                                                   56.8811     -0.9463
5088    0.0010         1.0000        0.9768        56.8786     -0.9425
5089    0.0010         1.0000        0.9768        56.8760     -0.9455
5090    0.0010         1.0000        0.9768        56.8734     -0.9452
5091    0.0010         1.0000        0.9769        56.8708     -0.9458
5092    0.0010         1.0000        0.9768        56.8682     -0.9467
5093    0.0010         1.0000        0.9768        56.8655     -0.9461
5094    0.0010         1.0000        0.9768        56.8628     -0.9487
5095    0.0010         1.0000        0.9771        56.8602     -0.9478
5096    0.0010         1.0000        0.9775        56.8576     -0.9475
5097    0.0010         1.0000        0.9775        56.8549     -0.9487
5098    0.0010         1.0000        0.9775        56.8523     -0.9440
5099    0.0010         1.0000        0.9774        56.8497     -0.9452
5100    0.0010         1.0000        0.9774        56.8471     -0.9452
5101    0.0010         1.0000        0.9775        56.8444     -0.9491
5102    0.0010         1.0000        0.9777        56.8418     -0.9485
5103    0.0010         1.0000        0.9777        56.8391     -0.9496
5104    0.0010         1.0000        0.9775        56.8365     -0.9450
5105    0.0010         1.0000        0.9774        56.8339     -0.9464
5106    0.0010         1.0000        0.9774        56.8313     -0.9449
5107    0.0010         1.0000        0.9772        56.8287     -0.9452
5108    0.0010         1.0000        0.9772        56.8260     -0.9457
5109    0.0010         1.0000        0.9774        56.8233     -0.9460
5110    0.0010         1.0000        0.9775        56.8207     -0.9438
5111    0.0010         1.0000        0.9774        56.8180     -0.9494
5112    0.0010         1.0000        0.9775        56.8154     -0.9496
5113    0.0010         1.0000        0.9777        56.8127     -0.9440
5114    0.0010         1.0000        0.9777        56.8101     -0.9494
5115    0.0010         1.0000        0.9777        56.8074     -0.9475
5116    0.0010         1.0000        0.9780        56.8048     -0.9494
5117    0.0010         1.0000        0.9778        56.8022     -0.9482
5118    0.0010         1.0000        0.9778        56.7997     -0.9485
5119    0.0010         1.0000        0.9780        56.7971     -0.9449
5120    0.0010         1.0000        0.9780        56.7944     -0.9493
5121    0.0010         1.0000        0.9780        56.7918     -0.9484
5122    0.0010         1.0000        0.9780        56.7891     -0.9482
5123    0.0010         1.0000        0.9780        56.7864     -0.9446
5124    0.0010         1.0000        0.9780        56.7838     -0.9472
5125    0.0010         1.0000        0.9780        56.7811     -0.9482
5126    0.0010         1.0000        0.9780        56.7785     -0.9452
5127    0.0010         1.0000        0.9780        56.7758     -0.9467
5128    0.0010         1.0000        0.9781        56.7732     -0.9478
5129    0.0010         1.0000        0.9781        56.7704     -0.9464
5130    0.0010         1.0000        0.9780        56.7678     -0.9458
Epoch    Loss         Train Acc     Test Acc       L2 Norm   Dropout Gap
5131    0.0010         1.0000        0.9778        56.7652     -0.9494
5132    0.0010
              Per-Epoch  Results
                       1.0000
                                 (page  115
                                     0.9778
                                             of 223)
                                                   56.7626     -0.9511
5133    0.0010         1.0000        0.9780        56.7599     -0.9443
5134    0.0010         1.0000        0.9780        56.7572     -0.9485
5135    0.0010         1.0000        0.9780        56.7545     -0.9470
5136    0.0010         1.0000        0.9783        56.7519     -0.9461
5137    0.0010         1.0000        0.9783        56.7492     -0.9482
5138    0.0010         1.0000        0.9783        56.7467     -0.9485
5139    0.0010         1.0000        0.9786        56.7441     -0.9435
5140    0.0010         1.0000        0.9786        56.7414     -0.9446
5141    0.0010         1.0000        0.9783        56.7388     -0.9487
5142    0.0010         1.0000        0.9784        56.7362     -0.9476
5143    0.0010         1.0000        0.9786        56.7335     -0.9499
5144    0.0010         1.0000        0.9784        56.7309     -0.9485
5145    0.0010         1.0000        0.9787        56.7283     -0.9472
5146    0.0010         1.0000        0.9787        56.7257     -0.9470
5147    0.0010         1.0000        0.9786        56.7231     -0.9475
5148    0.0010         1.0000        0.9787        56.7204     -0.9473
5149    0.0010         1.0000        0.9787        56.7178     -0.9482
5150    0.0010         1.0000        0.9787        56.7152     -0.9461
5151    0.0010         1.0000        0.9790        56.7126     -0.9523
5152    0.0010         1.0000        0.9790        56.7099     -0.9475
5153    0.0010         1.0000        0.9789        56.7073     -0.9514
5154    0.0010         1.0000        0.9789        56.7047     -0.9457
5155    0.0010         1.0000        0.9789        56.7022     -0.9464
5156    0.0009         1.0000        0.9789        56.6996     -0.9482
5157    0.0009         1.0000        0.9790        56.6970     -0.9479
5158    0.0009         1.0000        0.9790        56.6944     -0.9467
5159    0.0009         1.0000        0.9790        56.6918     -0.9491
5160    0.0009         1.0000        0.9789        56.6892     -0.9466
5161    0.0009         1.0000        0.9790        56.6866     -0.9526
5162    0.0009         1.0000        0.9790        56.6839     -0.9461
5163    0.0009         1.0000        0.9792        56.6813     -0.9452
5164    0.0009         1.0000        0.9792        56.6787     -0.9479
5165    0.0009         1.0000        0.9792        56.6760     -0.9502
5166    0.0009         1.0000        0.9792        56.6734     -0.9472
5167    0.0009         1.0000        0.9792        56.6708     -0.9467
5168    0.0009         1.0000        0.9795        56.6682     -0.9470
5169    0.0009         1.0000        0.9794        56.6656     -0.9491
5170    0.0009         1.0000        0.9794        56.6630     -0.9502
5171    0.0009         1.0000        0.9794        56.6605     -0.9493
5172    0.0009         1.0000        0.9795        56.6580     -0.9510
5173    0.0009         1.0000        0.9795        56.6554     -0.9478
5174    0.0009         1.0000        0.9797        56.6527     -0.9484
5175    0.0009         1.0000        0.9797        56.6501     -0.9516
Epoch    Loss         Train Acc     Test Acc       L2 Norm   Dropout Gap
5176    0.0009         1.0000        0.9797        56.6475     -0.9478
5177    0.0009
              Per-Epoch  Results
                       1.0000
                                 (page  116
                                     0.9797
                                             of 223)
                                                   56.6449     -0.9494
5178    0.0009         1.0000        0.9797        56.6422     -0.9494
5179    0.0009         1.0000        0.9797        56.6396     -0.9522
5180    0.0009         1.0000        0.9798        56.6369     -0.9453
5181    0.0009         1.0000        0.9801        56.6343     -0.9455
5182    0.0009         1.0000        0.9803        56.6316     -0.9531
5183    0.0009         1.0000        0.9801        56.6289     -0.9467
5184    0.0009         1.0000        0.9801        56.6262     -0.9479
5185    0.0009         1.0000        0.9801        56.6234     -0.9482
5186    0.0009         1.0000        0.9801        56.6207     -0.9490
5187    0.0009         1.0000        0.9801        56.6180     -0.9443
5188    0.0009         1.0000        0.9804        56.6153     -0.9522
5189    0.0009         1.0000        0.9807        56.6127     -0.9478
5190    0.0009         1.0000        0.9807        56.6100     -0.9514
5191    0.0009         1.0000        0.9807        56.6072     -0.9482
5192    0.0009         1.0000        0.9807        56.6045     -0.9496
5193    0.0009         1.0000        0.9804        56.6018     -0.9508
5194    0.0009         1.0000        0.9804        56.5991     -0.9502
5195    0.0009         1.0000        0.9804        56.5965     -0.9501
5196    0.0009         1.0000        0.9804        56.5937     -0.9470
5197    0.0009         1.0000        0.9804        56.5910     -0.9463
5198    0.0009         1.0000        0.9804        56.5883     -0.9478
5199    0.0009         1.0000        0.9804        56.5856     -0.9499
5200    0.0009         1.0000        0.9804        56.5829     -0.9473
5201    0.0009         1.0000        0.9804        56.5802     -0.9461
5202    0.0009         1.0000        0.9807        56.5775     -0.9513
5203    0.0009         1.0000        0.9807        56.5749     -0.9460
5204    0.0009         1.0000        0.9809        56.5723     -0.9519
5205    0.0009         1.0000        0.9809        56.5697     -0.9502
5206    0.0009         1.0000        0.9809        56.5670     -0.9469
5207    0.0009         1.0000        0.9809        56.5643     -0.9470
5208    0.0009         1.0000        0.9809        56.5616     -0.9467
5209    0.0009         1.0000        0.9809        56.5588     -0.9475
5210    0.0009         1.0000        0.9809        56.5561     -0.9493
5211    0.0009         1.0000        0.9809        56.5534     -0.9479
5212    0.0009         1.0000        0.9810        56.5507     -0.9463
5213    0.0009         1.0000        0.9810        56.5479     -0.9499
5214    0.0009         1.0000        0.9813        56.5451     -0.9499
5215    0.0009         1.0000        0.9813        56.5424     -0.9485
5216    0.0009         1.0000        0.9815        56.5395     -0.9493
5217    0.0009         1.0000        0.9816        56.5367     -0.9499
5218    0.0009         1.0000        0.9816        56.5338     -0.9522
5219    0.0009         1.0000        0.9816        56.5310     -0.9502
5220    0.0009         1.0000        0.9818        56.5281     -0.9554
Epoch    Loss         Train Acc     Test Acc       L2 Norm   Dropout Gap
5221    0.0009         1.0000        0.9818        56.5253     -0.9555
5222    0.0009
              Per-Epoch  Results
                       1.0000
                                 (page  117
                                     0.9818
                                             of 223)
                                                   56.5224     -0.9479
5223    0.0009         1.0000        0.9819        56.5196     -0.9493
5224    0.0009         1.0000        0.9819        56.5168     -0.9523
5225    0.0009         1.0000        0.9819        56.5139     -0.9528
5226    0.0009         1.0000        0.9819        56.5111     -0.9507
5227    0.0009         1.0000        0.9818        56.5083     -0.9475
5228    0.0009         1.0000        0.9818        56.5055     -0.9490
5229    0.0009         1.0000        0.9818        56.5027     -0.9514
5230    0.0009         1.0000        0.9819        56.4999     -0.9519
5231    0.0009         1.0000        0.9818        56.4971     -0.9487
5232    0.0009         1.0000        0.9819        56.4942     -0.9519
5233    0.0009         1.0000        0.9819        56.4914     -0.9529
5234    0.0009         1.0000        0.9819        56.4885     -0.9514
5235    0.0009         1.0000        0.9819        56.4856     -0.9526
5236    0.0009         1.0000        0.9819        56.4828     -0.9561
5237    0.0009         1.0000        0.9816        56.4800     -0.9494
5238    0.0009         1.0000        0.9813        56.4772     -0.9431
5239    0.0009         1.0000        0.9813        56.4743     -0.9508
5240    0.0009         1.0000        0.9813        56.4715     -0.9526
5241    0.0009         1.0000        0.9816        56.4686     -0.9519
5242    0.0009         1.0000        0.9816        56.4659     -0.9490
5243    0.0009         1.0000        0.9815        56.4631     -0.9481
5244    0.0009         1.0000        0.9815        56.4604     -0.9494
5245    0.0009         1.0000        0.9818        56.4577     -0.9494
5246    0.0009         1.0000        0.9815        56.4550     -0.9514
5247    0.0009         1.0000        0.9815        56.4522     -0.9522
5248    0.0009         1.0000        0.9818        56.4495     -0.9507
5249    0.0009         1.0000        0.9818        56.4468     -0.9513
5250    0.0009         1.0000        0.9819        56.4441     -0.9519
5251    0.0009         1.0000        0.9819        56.4414     -0.9505
5252    0.0009         1.0000        0.9819        56.4387     -0.9502
5253    0.0009         1.0000        0.9819        56.4359     -0.9513
5254    0.0009         1.0000        0.9819        56.4332     -0.9566
5255    0.0009         1.0000        0.9819        56.4305     -0.9511
5256    0.0009         1.0000        0.9819        56.4278     -0.9510
5257    0.0009         1.0000        0.9821        56.4252     -0.9525
5258    0.0009         1.0000        0.9819        56.4225     -0.9526
5259    0.0009         1.0000        0.9819        56.4197     -0.9523
5260    0.0009         1.0000        0.9819        56.4170     -0.9519
5261    0.0009         1.0000        0.9819        56.4143     -0.9508
5262    0.0009         1.0000        0.9821        56.4116     -0.9532
5263    0.0009         1.0000        0.9821        56.4089     -0.9502
5264    0.0009         1.0000        0.9819        56.4062     -0.9496
5265    0.0009         1.0000        0.9819        56.4035     -0.9510
Epoch    Loss         Train Acc     Test Acc       L2 Norm   Dropout Gap
5266    0.0009         1.0000        0.9821        56.4009     -0.9510
5267    0.0009
              Per-Epoch  Results
                       1.0000
                                 (page  118
                                     0.9821
                                             of 223)
                                                   56.3982     -0.9549
5268    0.0009         1.0000        0.9821        56.3954     -0.9531
5269    0.0009         1.0000        0.9819        56.3927     -0.9487
5270    0.0009         1.0000        0.9821        56.3900     -0.9520
5271    0.0009         1.0000        0.9821        56.3874     -0.9567
5272    0.0009         1.0000        0.9819        56.3846     -0.9504
5273    0.0009         1.0000        0.9819        56.3818     -0.9529
5274    0.0009         1.0000        0.9821        56.3791     -0.9534
5275    0.0009         1.0000        0.9821        56.3763     -0.9504
5276    0.0008         1.0000        0.9822        56.3735     -0.9505
5277    0.0008         1.0000        0.9822        56.3708     -0.9566
5278    0.0008         1.0000        0.9827        56.3681     -0.9528
5279    0.0008         1.0000        0.9825        56.3653     -0.9488
5280    0.0008         1.0000        0.9825        56.3625     -0.9528
5281    0.0008         1.0000        0.9827        56.3596     -0.9552
5282    0.0008         1.0000        0.9827        56.3568     -0.9502
5283    0.0008         1.0000        0.9828        56.3539     -0.9525
5284    0.0008         1.0000        0.9828        56.3510     -0.9482
5285    0.0008         1.0000        0.9828        56.3481     -0.9501
5286    0.0008         1.0000        0.9828        56.3454     -0.9570
5287    0.0008         1.0000        0.9828        56.3425     -0.9538
5288    0.0008         1.0000        0.9825        56.3396     -0.9531
5289    0.0008         1.0000        0.9825        56.3367     -0.9501
5290    0.0008         1.0000        0.9825        56.3337     -0.9534
5291    0.0008         1.0000        0.9830        56.3307     -0.9513
5292    0.0008         1.0000        0.9828        56.3278     -0.9505
5293    0.0008         1.0000        0.9830        56.3249     -0.9538
5294    0.0008         1.0000        0.9830        56.3220     -0.9501
5295    0.0008         1.0000        0.9830        56.3192     -0.9513
5296    0.0008         1.0000        0.9830        56.3163     -0.9479
5297    0.0008         1.0000        0.9831        56.3133     -0.9504
5298    0.0008         1.0000        0.9833        56.3104     -0.9520
5299    0.0008         1.0000        0.9833        56.3075     -0.9490
5300    0.0008         1.0000        0.9833        56.3046     -0.9540
5301    0.0008         1.0000        0.9833        56.3016     -0.9507
5302    0.0008         1.0000        0.9833        56.2987     -0.9579
5303    0.0008         1.0000        0.9833        56.2958     -0.9531
5304    0.0008         1.0000        0.9833        56.2928     -0.9508
5305    0.0008         1.0000        0.9835        56.2899     -0.9529
5306    0.0008         1.0000        0.9835        56.2870     -0.9545
5307    0.0008         1.0000        0.9838        56.2841     -0.9538
5308    0.0008         1.0000        0.9836        56.2813     -0.9538
5309    0.0008         1.0000        0.9836        56.2783     -0.9523
5310    0.0008         1.0000        0.9836        56.2753     -0.9549
Epoch    Loss         Train Acc     Test Acc       L2 Norm   Dropout Gap
5311    0.0008         1.0000        0.9836        56.2724     -0.9532
5312    0.0008
              Per-Epoch  Results
                       1.0000
                                 (page  119
                                     0.9838
                                             of 223)
                                                   56.2695     -0.9511
5313    0.0008         1.0000        0.9839        56.2666     -0.9510
5314    0.0008         1.0000        0.9841        56.2636     -0.9535
5315    0.0008         1.0000        0.9841        56.2607     -0.9557
5316    0.0008         1.0000        0.9841        56.2578     -0.9519
5317    0.0008         1.0000        0.9842        56.2548     -0.9528
5318    0.0008         1.0000        0.9842        56.2519     -0.9519
5319    0.0008         1.0000        0.9842        56.2489     -0.9513
5320    0.0008         1.0000        0.9842        56.2459     -0.9564
5321    0.0008         1.0000        0.9842        56.2430     -0.9523
5322    0.0008         1.0000        0.9842        56.2400     -0.9513
5323    0.0008         1.0000        0.9842        56.2371     -0.9519
5324    0.0008         1.0000        0.9842        56.2341     -0.9528
5325    0.0008         1.0000        0.9842        56.2311     -0.9531
5326    0.0008         1.0000        0.9842        56.2281     -0.9570
5327    0.0008         1.0000        0.9842        56.2251     -0.9555
5328    0.0008         1.0000        0.9842        56.2222     -0.9502
5329    0.0008         1.0000        0.9842        56.2192     -0.9538
5330    0.0008         1.0000        0.9841        56.2163     -0.9545
5331    0.0008         1.0000        0.9841        56.2133     -0.9532
5332    0.0008         1.0000        0.9841        56.2104     -0.9570
5333    0.0008         1.0000        0.9841        56.2074     -0.9525
5334    0.0008         1.0000        0.9841        56.2044     -0.9513
5335    0.0008         1.0000        0.9841        56.2014     -0.9549
5336    0.0008         1.0000        0.9841        56.1984     -0.9507
5337    0.0008         1.0000        0.9842        56.1955     -0.9555
5338    0.0008         1.0000        0.9845        56.1926     -0.9566
5339    0.0008         1.0000        0.9847        56.1896     -0.9551
5340    0.0008         1.0000        0.9847        56.1866     -0.9520
5341    0.0008         1.0000        0.9847        56.1836     -0.9564
5342    0.0008         1.0000        0.9847        56.1807     -0.9526
5343    0.0008         1.0000        0.9847        56.1776     -0.9543
5344    0.0008         1.0000        0.9847        56.1746     -0.9551
5345    0.0008         1.0000        0.9847        56.1716     -0.9529
5346    0.0008         1.0000        0.9847        56.1686     -0.9545
5347    0.0008         1.0000        0.9847        56.1655     -0.9534
5348    0.0008         1.0000        0.9847        56.1625     -0.9555
5349    0.0008         1.0000        0.9848        56.1594     -0.9563
5350    0.0008         1.0000        0.9848        56.1565     -0.9561
5351    0.0008         1.0000        0.9850        56.1534     -0.9548
5352    0.0008         1.0000        0.9850        56.1505     -0.9572
5353    0.0008         1.0000        0.9851        56.1474     -0.9507
5354    0.0008         1.0000        0.9851        56.1445     -0.9525
5355    0.0008         1.0000        0.9851        56.1417     -0.9548
Epoch    Loss         Train Acc     Test Acc       L2 Norm   Dropout Gap
5356    0.0008         1.0000        0.9853        56.1387     -0.9508
5357    0.0008
              Per-Epoch  Results
                       1.0000
                                 (page  120
                                     0.9854
                                             of 223)
                                                   56.1358     -0.9560
5358    0.0008         1.0000        0.9853        56.1329     -0.9513
5359    0.0008         1.0000        0.9854        56.1298     -0.9575
5360    0.0008         1.0000        0.9856        56.1268     -0.9586
5361    0.0008         1.0000        0.9856        56.1238     -0.9493
5362    0.0008         1.0000        0.9854        56.1208     -0.9558
5363    0.0008         1.0000        0.9854        56.1179     -0.9549
5364    0.0008         1.0000        0.9856        56.1149     -0.9543
5365    0.0008         1.0000        0.9856        56.1119     -0.9564
5366    0.0008         1.0000        0.9857        56.1089     -0.9566
5367    0.0008         1.0000        0.9857        56.1059     -0.9526
5368    0.0008         1.0000        0.9857        56.1029     -0.9554
5369    0.0008         1.0000        0.9857        56.0999     -0.9557
5370    0.0008         1.0000        0.9857        56.0970     -0.9526
5371    0.0008         1.0000        0.9857        56.0941     -0.9575
5372    0.0008         1.0000        0.9857        56.0911     -0.9573
5373    0.0008         1.0000        0.9857        56.0881     -0.9558
5374    0.0008         1.0000        0.9857        56.0850     -0.9575
5375    0.0008         1.0000        0.9859        56.0820     -0.9551
5376    0.0008         1.0000        0.9859        56.0790     -0.9564
5377    0.0008         1.0000        0.9859        56.0760     -0.9596
5378    0.0008         1.0000        0.9859        56.0730     -0.9535
5379    0.0008         1.0000        0.9860        56.0700     -0.9555
5380    0.0008         1.0000        0.9860        56.0669     -0.9548
5381    0.0008         1.0000        0.9860        56.0639     -0.9545
5382    0.0008         1.0000        0.9860        56.0610     -0.9546
5383    0.0008         1.0000        0.9860        56.0580     -0.9567
5384    0.0008         1.0000        0.9860        56.0551     -0.9531
5385    0.0008         1.0000        0.9860        56.0521     -0.9560
5386    0.0008         1.0000        0.9860        56.0491     -0.9578
5387    0.0008         1.0000        0.9860        56.0461     -0.9575
5388    0.0008         1.0000        0.9860        56.0432     -0.9545
5389    0.0008         1.0000        0.9863        56.0402     -0.9570
5390    0.0008         1.0000        0.9863        56.0373     -0.9578
5391    0.0008         1.0000        0.9865        56.0343     -0.9605
5392    0.0008         1.0000        0.9866        56.0314     -0.9610
5393    0.0008         1.0000        0.9865        56.0284     -0.9560
5394    0.0008         1.0000        0.9863        56.0254     -0.9575
5395    0.0008         1.0000        0.9866        56.0223     -0.9587
5396    0.0008         1.0000        0.9866        56.0194     -0.9561
5397    0.0008         1.0000        0.9868        56.0164     -0.9528
5398    0.0008         1.0000        0.9869        56.0135     -0.9548
5399    0.0008         1.0000        0.9869        56.0105     -0.9583
5400    0.0008         1.0000        0.9869        56.0076     -0.9560
Epoch    Loss         Train Acc     Test Acc       L2 Norm   Dropout Gap
5401    0.0008         1.0000        0.9869        56.0046     -0.9532
5402    0.0008
              Per-Epoch  Results
                       1.0000
                                 (page  121
                                     0.9869
                                             of 223)
                                                   56.0017     -0.9581
5403    0.0008         1.0000        0.9871        55.9987     -0.9525
5404    0.0008         1.0000        0.9869        55.9958     -0.9583
5405    0.0008         1.0000        0.9869        55.9929     -0.9566
5406    0.0008         1.0000        0.9869        55.9900     -0.9586
5407    0.0008         1.0000        0.9869        55.9871     -0.9566
5408    0.0008         1.0000        0.9869        55.9841     -0.9592
5409    0.0008         1.0000        0.9869        55.9811     -0.9555
5410    0.0008         1.0000        0.9869        55.9781     -0.9551
5411    0.0008         1.0000        0.9869        55.9751     -0.9557
5412    0.0008         1.0000        0.9869        55.9722     -0.9570
5413    0.0008         1.0000        0.9869        55.9692     -0.9586
5414    0.0008         1.0000        0.9869        55.9663     -0.9563
5415    0.0008         1.0000        0.9869        55.9634     -0.9557
5416    0.0008         1.0000        0.9869        55.9604     -0.9566
5417    0.0007         1.0000        0.9869        55.9574     -0.9584
5418    0.0007         1.0000        0.9869        55.9545     -0.9561
5419    0.0007         1.0000        0.9871        55.9514     -0.9561
5420    0.0007         1.0000        0.9871        55.9485     -0.9528
5421    0.0007         1.0000        0.9871        55.9455     -0.9583
5422    0.0007         1.0000        0.9871        55.9425     -0.9599
5423    0.0007         1.0000        0.9871        55.9394     -0.9566
5424    0.0007         1.0000        0.9872        55.9364     -0.9576
5425    0.0007         1.0000        0.9872        55.9334     -0.9625
5426    0.0007         1.0000        0.9872        55.9304     -0.9593
5427    0.0007         1.0000        0.9872        55.9273     -0.9578
5428    0.0007         1.0000        0.9872        55.9243     -0.9595
5429    0.0007         1.0000        0.9874        55.9212     -0.9561
5430    0.0007         1.0000        0.9874        55.9182     -0.9558
5431    0.0007         1.0000        0.9874        55.9151     -0.9566
5432    0.0007         1.0000        0.9874        55.9121     -0.9581
5433    0.0007         1.0000        0.9874        55.9091     -0.9578
5434    0.0007         1.0000        0.9874        55.9060     -0.9569
5435    0.0007         1.0000        0.9874        55.9029     -0.9576
5436    0.0007         1.0000        0.9874        55.8997     -0.9593
5437    0.0007         1.0000        0.9874        55.8966     -0.9569
5438    0.0007         1.0000        0.9874        55.8935     -0.9528
5439    0.0007         1.0000        0.9874        55.8904     -0.9554
5440    0.0007         1.0000        0.9874        55.8872     -0.9590
5441    0.0007         1.0000        0.9876        55.8840     -0.9566
5442    0.0007         1.0000        0.9876        55.8808     -0.9546
5443    0.0007         1.0000        0.9876        55.8777     -0.9573
5444    0.0007         1.0000        0.9877        55.8745     -0.9517
5445    0.0007         1.0000        0.9877        55.8713     -0.9602
Epoch    Loss         Train Acc     Test Acc       L2 Norm   Dropout Gap
5446    0.0007         1.0000        0.9877        55.8681     -0.9578
5447    0.0007
              Per-Epoch  Results
                       1.0000
                                 (page  122
                                     0.9879
                                             of 223)
                                                   55.8649     -0.9557
5448    0.0007         1.0000        0.9879        55.8618     -0.9528
5449    0.0007         1.0000        0.9877        55.8585     -0.9542
5450    0.0007         1.0000        0.9879        55.8553     -0.9549
5451    0.0007         1.0000        0.9879        55.8521     -0.9570
5452    0.0007         1.0000        0.9877        55.8489     -0.9552
5453    0.0007         1.0000        0.9877        55.8456     -0.9561
5454    0.0007         1.0000        0.9879        55.8424     -0.9601
5455    0.0007         1.0000        0.9879        55.8390     -0.9573
5456    0.0007         1.0000        0.9879        55.8358     -0.9566
5457    0.0007         1.0000        0.9879        55.8325     -0.9545
5458    0.0007         1.0000        0.9877        55.8292     -0.9558
5459    0.0007         1.0000        0.9877        55.8259     -0.9602
5460    0.0007         1.0000        0.9879        55.8226     -0.9587
5461    0.0007         1.0000        0.9877        55.8193     -0.9576
5462    0.0007         1.0000        0.9879        55.8161     -0.9590
5463    0.0007         1.0000        0.9877        55.8127     -0.9595
5464    0.0007         1.0000        0.9877        55.8094     -0.9528
5465    0.0007         1.0000        0.9877        55.8061     -0.9584
5466    0.0007         1.0000        0.9877        55.8028     -0.9584
5467    0.0007         1.0000        0.9877        55.7995     -0.9579
5468    0.0007         1.0000        0.9879        55.7961     -0.9590
5469    0.0007         1.0000        0.9879        55.7928     -0.9546
5470    0.0007         1.0000        0.9879        55.7894     -0.9586
5471    0.0007         1.0000        0.9879        55.7861     -0.9569
5472    0.0007         1.0000        0.9880        55.7827     -0.9595
5473    0.0007         1.0000        0.9880        55.7794     -0.9583
5474    0.0007         1.0000        0.9882        55.7761     -0.9601
5475    0.0007         1.0000        0.9880        55.7728     -0.9552
5476    0.0007         1.0000        0.9880        55.7694     -0.9563
5477    0.0007         1.0000        0.9879        55.7661     -0.9531
5478    0.0007         1.0000        0.9879        55.7627     -0.9583
5479    0.0007         1.0000        0.9880        55.7594     -0.9595
5480    0.0007         1.0000        0.9882        55.7560     -0.9579
5481    0.0007         1.0000        0.9880        55.7527     -0.9564
5482    0.0007         1.0000        0.9879        55.7493     -0.9593
5483    0.0007         1.0000        0.9879        55.7461     -0.9542
5484    0.0007         1.0000        0.9879        55.7429     -0.9554
5485    0.0007         1.0000        0.9877        55.7396     -0.9611
5486    0.0007         1.0000        0.9877        55.7362     -0.9601
5487    0.0007         1.0000        0.9876        55.7328     -0.9570
5488    0.0007         1.0000        0.9876        55.7295     -0.9598
5489    0.0007         1.0000        0.9876        55.7261     -0.9551
5490    0.0007         1.0000        0.9876        55.7227     -0.9555
Epoch    Loss         Train Acc     Test Acc       L2 Norm   Dropout Gap
5491    0.0007         1.0000        0.9877        55.7194     -0.9581
5492    0.0007
              Per-Epoch  Results
                       1.0000
                                 (page  123
                                     0.9877
                                             of 223)
                                                   55.7160     -0.9564
5493    0.0007         1.0000        0.9876        55.7127     -0.9558
5494    0.0007         1.0000        0.9876        55.7094     -0.9573
5495    0.0007         1.0000        0.9876        55.7060     -0.9573
5496    0.0007         1.0000        0.9876        55.7026     -0.9549
5497    0.0007         1.0000        0.9876        55.6993     -0.9551
5498    0.0007         1.0000        0.9876        55.6960     -0.9575
5499    0.0007         1.0000        0.9876        55.6927     -0.9560
5500    0.0007         1.0000        0.9876        55.6894     -0.9622
5501    0.0007         1.0000        0.9876        55.6860     -0.9561
5502    0.0007         1.0000        0.9876        55.6826     -0.9575
5503    0.0007         1.0000        0.9874        55.6793     -0.9560
5504    0.0007         1.0000        0.9874        55.6760     -0.9505
5505    0.0007         1.0000        0.9874        55.6726     -0.9572
5506    0.0007         1.0000        0.9874        55.6693     -0.9604
5507    0.0007         1.0000        0.9876        55.6660     -0.9608
5508    0.0007         1.0000        0.9876        55.6627     -0.9570
5509    0.0007         1.0000        0.9876        55.6593     -0.9546
5510    0.0007         1.0000        0.9877        55.6559     -0.9555
5511    0.0007         1.0000        0.9880        55.6526     -0.9557
5512    0.0007         1.0000        0.9879        55.6493     -0.9576
5513    0.0007         1.0000        0.9879        55.6460     -0.9551
5514    0.0007         1.0000        0.9879        55.6427     -0.9558
5515    0.0007         1.0000        0.9879        55.6395     -0.9604
5516    0.0007         1.0000        0.9879        55.6362     -0.9578
5517    0.0007         1.0000        0.9879        55.6330     -0.9558
5518    0.0007         1.0000        0.9879        55.6297     -0.9592
5519    0.0007         1.0000        0.9879        55.6264     -0.9522
5520    0.0007         1.0000        0.9879        55.6231     -0.9528
5521    0.0007         1.0000        0.9877        55.6198     -0.9566
5522    0.0007         1.0000        0.9876        55.6166     -0.9599
5523    0.0007         1.0000        0.9877        55.6133     -0.9552
5524    0.0007         1.0000        0.9877        55.6100     -0.9575
5525    0.0007         1.0000        0.9877        55.6066     -0.9573
5526    0.0007         1.0000        0.9877        55.6033     -0.9578
5527    0.0007         1.0000        0.9877        55.6000     -0.9596
5528    0.0007         1.0000        0.9877        55.5967     -0.9579
5529    0.0007         1.0000        0.9877        55.5933     -0.9593
5530    0.0007         1.0000        0.9877        55.5900     -0.9560
5531    0.0007         1.0000        0.9877        55.5867     -0.9554
5532    0.0007         1.0000        0.9877        55.5834     -0.9567
5533    0.0007         1.0000        0.9877        55.5802     -0.9575
5534    0.0007         1.0000        0.9877        55.5769     -0.9526
5535    0.0007         1.0000        0.9877        55.5736     -0.9567
Epoch    Loss         Train Acc     Test Acc       L2 Norm   Dropout Gap
5536    0.0007         1.0000        0.9877        55.5702     -0.9576
5537    0.0007
              Per-Epoch  Results
                       1.0000
                                 (page  124
                                     0.9877
                                             of 223)
                                                   55.5669     -0.9595
5538    0.0007         1.0000        0.9877        55.5636     -0.9540
5539    0.0007         1.0000        0.9877        55.5602     -0.9593
5540    0.0007         1.0000        0.9879        55.5569     -0.9578
5541    0.0007         1.0000        0.9877        55.5535     -0.9586
5542    0.0007         1.0000        0.9877        55.5502     -0.9586
5543    0.0007         1.0000        0.9877        55.5469     -0.9586
5544    0.0007         1.0000        0.9877        55.5436     -0.9576
5545    0.0007         1.0000        0.9877        55.5403     -0.9604
5546    0.0007         1.0000        0.9877        55.5369     -0.9596
5547    0.0007         1.0000        0.9877        55.5336     -0.9564
5548    0.0007         1.0000        0.9877        55.5303     -0.9558
5549    0.0007         1.0000        0.9877        55.5270     -0.9563
5550    0.0007         1.0000        0.9877        55.5236     -0.9560
5551    0.0007         1.0000        0.9877        55.5203     -0.9558
5552    0.0007         1.0000        0.9877        55.5170     -0.9558
5553    0.0007         1.0000        0.9877        55.5137     -0.9619
5554    0.0007         1.0000        0.9877        55.5104     -0.9569
5555    0.0007         1.0000        0.9877        55.5071     -0.9613
5556    0.0007         1.0000        0.9877        55.5038     -0.9552
5557    0.0007         1.0000        0.9877        55.5004     -0.9572
5558    0.0007         1.0000        0.9880        55.4971     -0.9593
5559    0.0007         1.0000        0.9882        55.4937     -0.9573
5560    0.0007         1.0000        0.9883        55.4903     -0.9578
5561    0.0007         1.0000        0.9883        55.4869     -0.9555
5562    0.0007         1.0000        0.9883        55.4836     -0.9593
5563    0.0007         1.0000        0.9883        55.4802     -0.9602
5564    0.0007         1.0000        0.9886        55.4769     -0.9598
5565    0.0007         1.0000        0.9886        55.4735     -0.9551
5566    0.0007         1.0000        0.9886        55.4702     -0.9561
5567    0.0007         1.0000        0.9886        55.4668     -0.9554
5568    0.0007         1.0000        0.9886        55.4635     -0.9557
5569    0.0007         1.0000        0.9888        55.4601     -0.9583
5570    0.0007         1.0000        0.9888        55.4567     -0.9564
5571    0.0007         1.0000        0.9888        55.4534     -0.9605
5572    0.0007         1.0000        0.9888        55.4500     -0.9592
5573    0.0007         1.0000        0.9888        55.4466     -0.9566
5574    0.0007         1.0000        0.9888        55.4432     -0.9573
5575    0.0007         1.0000        0.9888        55.4398     -0.9570
5576    0.0007         1.0000        0.9888        55.4365     -0.9555
5577    0.0007         1.0000        0.9888        55.4332     -0.9564
5578    0.0007         1.0000        0.9886        55.4299     -0.9586
5579    0.0007         1.0000        0.9886        55.4266     -0.9583
5580    0.0007         1.0000        0.9886        55.4232     -0.9555
Epoch    Loss         Train Acc     Test Acc       L2 Norm   Dropout Gap
5581    0.0007         1.0000        0.9886        55.4198     -0.9558
5582    0.0007
              Per-Epoch  Results
                       1.0000
                                 (page  125
                                     0.9886
                                             of 223)
                                                   55.4165     -0.9583
5583    0.0007         1.0000        0.9886        55.4131     -0.9598
5584    0.0007         1.0000        0.9886        55.4097     -0.9608
5585    0.0007         1.0000        0.9886        55.4064     -0.9575
5586    0.0007         1.0000        0.9886        55.4030     -0.9610
5587    0.0007         1.0000        0.9886        55.3998     -0.9546
5588    0.0007         1.0000        0.9886        55.3965     -0.9576
5589    0.0007         1.0000        0.9886        55.3931     -0.9566
5590    0.0007         1.0000        0.9886        55.3897     -0.9540
5591    0.0007         1.0000        0.9885        55.3863     -0.9563
5592    0.0007         1.0000        0.9886        55.3829     -0.9583
5593    0.0007         1.0000        0.9886        55.3795     -0.9578
5594    0.0007         1.0000        0.9885        55.3762     -0.9534
5595    0.0006         1.0000        0.9882        55.3728     -0.9595
5596    0.0006         1.0000        0.9883        55.3694     -0.9560
5597    0.0006         1.0000        0.9882        55.3660     -0.9560
5598    0.0006         1.0000        0.9882        55.3627     -0.9605
5599    0.0006         1.0000        0.9882        55.3593     -0.9570
5600    0.0006         1.0000        0.9882        55.3559     -0.9608
5601    0.0006         1.0000        0.9883        55.3525     -0.9575
5602    0.0006         1.0000        0.9885        55.3491     -0.9581
5603    0.0006         1.0000        0.9885        55.3457     -0.9598
5604    0.0006         1.0000        0.9885        55.3424     -0.9561
5605    0.0006         1.0000        0.9885        55.3390     -0.9551
5606    0.0006         1.0000        0.9885        55.3356     -0.9552
5607    0.0006         1.0000        0.9885        55.3322     -0.9557
5608    0.0006         1.0000        0.9885        55.3288     -0.9563
5609    0.0006         1.0000        0.9886        55.3255     -0.9596
5610    0.0006         1.0000        0.9886        55.3221     -0.9604
5611    0.0006         1.0000        0.9888        55.3188     -0.9545
5612    0.0006         1.0000        0.9889        55.3155     -0.9535
5613    0.0006         1.0000        0.9891        55.3121     -0.9575
5614    0.0006         1.0000        0.9891        55.3088     -0.9586
5615    0.0006         1.0000        0.9892        55.3054     -0.9599
5616    0.0006         1.0000        0.9892        55.3021     -0.9596
5617    0.0006         1.0000        0.9892        55.2987     -0.9624
5618    0.0006         1.0000        0.9891        55.2954     -0.9614
5619    0.0006         1.0000        0.9891        55.2921     -0.9546
5620    0.0006         1.0000        0.9891        55.2887     -0.9611
5621    0.0006         1.0000        0.9892        55.2854     -0.9587
5622    0.0006         1.0000        0.9892        55.2820     -0.9592
5623    0.0006         1.0000        0.9892        55.2786     -0.9575
5624    0.0006         1.0000        0.9892        55.2752     -0.9602
5625    0.0006         1.0000        0.9892        55.2719     -0.9598
Epoch    Loss         Train Acc     Test Acc       L2 Norm   Dropout Gap
5626    0.0006         1.0000        0.9892        55.2685     -0.9602
5627    0.0006
              Per-Epoch  Results
                       1.0000
                                 (page  126
                                     0.9892
                                             of 223)
                                                   55.2652     -0.9614
5628    0.0006         1.0000        0.9892        55.2618     -0.9578
5629    0.0006         1.0000        0.9892        55.2585     -0.9586
5630    0.0006         1.0000        0.9894        55.2551     -0.9542
5631    0.0006         1.0000        0.9894        55.2517     -0.9552
5632    0.0006         1.0000        0.9894        55.2483     -0.9573
5633    0.0006         1.0000        0.9894        55.2449     -0.9593
5634    0.0006         1.0000        0.9894        55.2415     -0.9607
5635    0.0006         1.0000        0.9894        55.2381     -0.9578
5636    0.0006         1.0000        0.9894        55.2347     -0.9583
5637    0.0006         1.0000        0.9894        55.2313     -0.9579
5638    0.0006         1.0000        0.9894        55.2279     -0.9576
5639    0.0006         1.0000        0.9894        55.2245     -0.9636
5640    0.0006         1.0000        0.9894        55.2211     -0.9624
5641    0.0006         1.0000        0.9894        55.2176     -0.9557
5642    0.0006         1.0000        0.9894        55.2142     -0.9586
5643    0.0006         1.0000        0.9894        55.2108     -0.9573
5644    0.0006         1.0000        0.9894        55.2074     -0.9619
5645    0.0006         1.0000        0.9894        55.2039     -0.9555
5646    0.0006         1.0000        0.9894        55.2005     -0.9569
5647    0.0006         1.0000        0.9894        55.1971     -0.9595
5648    0.0006         1.0000        0.9894        55.1936     -0.9608
5649    0.0006         1.0000        0.9894        55.1902     -0.9630
5650    0.0006         1.0000        0.9894        55.1868     -0.9599
5651    0.0006         1.0000        0.9894        55.1833     -0.9583
5652    0.0006         1.0000        0.9894        55.1799     -0.9611
5653    0.0006         1.0000        0.9894        55.1765     -0.9620
5654    0.0006         1.0000        0.9894        55.1730     -0.9557
5655    0.0006         1.0000        0.9895        55.1696     -0.9573
5656    0.0006         1.0000        0.9897        55.1661     -0.9570
5657    0.0006         1.0000        0.9895        55.1627     -0.9620
5658    0.0006         1.0000        0.9895        55.1592     -0.9613
5659    0.0006         1.0000        0.9897        55.1558     -0.9601
5660    0.0006         1.0000        0.9895        55.1524     -0.9616
5661    0.0006         1.0000        0.9895        55.1490     -0.9561
5662    0.0006         1.0000        0.9894        55.1455     -0.9578
5663    0.0006         1.0000        0.9894        55.1420     -0.9575
5664    0.0006         1.0000        0.9894        55.1386     -0.9608
5665    0.0006         1.0000        0.9894        55.1351     -0.9584
5666    0.0006         1.0000        0.9894        55.1316     -0.9586
5667    0.0006         1.0000        0.9892        55.1282     -0.9596
5668    0.0006         1.0000        0.9892        55.1247     -0.9575
5669    0.0006         1.0000        0.9892        55.1213     -0.9602
5670    0.0006         1.0000        0.9892        55.1179     -0.9599
Epoch    Loss         Train Acc     Test Acc       L2 Norm   Dropout Gap
5671    0.0006         1.0000        0.9891        55.1144     -0.9576
5672    0.0006
              Per-Epoch  Results
                       1.0000
                                 (page  127
                                     0.9889
                                             of 223)
                                                   55.1110     -0.9561
5673    0.0006         1.0000        0.9889        55.1076     -0.9572
5674    0.0006         1.0000        0.9889        55.1042     -0.9575
5675    0.0006         1.0000        0.9888        55.1007     -0.9622
5676    0.0006         1.0000        0.9888        55.0973     -0.9616
5677    0.0006         1.0000        0.9889        55.0939     -0.9589
5678    0.0006         1.0000        0.9889        55.0905     -0.9622
5679    0.0006         1.0000        0.9889        55.0871     -0.9592
5680    0.0006         1.0000        0.9889        55.0836     -0.9589
5681    0.0006         1.0000        0.9889        55.0802     -0.9584
5682    0.0006         1.0000        0.9889        55.0768     -0.9595
5683    0.0006         1.0000        0.9889        55.0734     -0.9602
5684    0.0006         1.0000        0.9889        55.0700     -0.9557
5685    0.0006         1.0000        0.9889        55.0665     -0.9590
5686    0.0006         1.0000        0.9889        55.0631     -0.9558
5687    0.0006         1.0000        0.9889        55.0597     -0.9611
5688    0.0006         1.0000        0.9889        55.0563     -0.9561
5689    0.0006         1.0000        0.9888        55.0529     -0.9569
5690    0.0006         1.0000        0.9888        55.0495     -0.9583
5691    0.0006         1.0000        0.9886        55.0460     -0.9586
5692    0.0006         1.0000        0.9886        55.0426     -0.9602
5693    0.0006         1.0000        0.9886        55.0391     -0.9599
5694    0.0006         1.0000        0.9888        55.0357     -0.9578
5695    0.0006         1.0000        0.9888        55.0322     -0.9576
5696    0.0006         1.0000        0.9888        55.0288     -0.9593
5697    0.0006         1.0000        0.9886        55.0254     -0.9561
5698    0.0006         1.0000        0.9886        55.0219     -0.9610
5699    0.0006         1.0000        0.9886        55.0184     -0.9557
5700    0.0006         1.0000        0.9886        55.0150     -0.9604
5701    0.0006         1.0000        0.9886        55.0115     -0.9605
5702    0.0006         1.0000        0.9886        55.0081     -0.9586
5703    0.0006         1.0000        0.9886        55.0046     -0.9596
5704    0.0006         1.0000        0.9885        55.0012     -0.9583
5705    0.0006         1.0000        0.9886        54.9977     -0.9570
5706    0.0006         1.0000        0.9885        54.9943     -0.9586
5707    0.0006         1.0000        0.9885        54.9908     -0.9593
5708    0.0006         1.0000        0.9885        54.9872     -0.9540
5709    0.0006         1.0000        0.9885        54.9837     -0.9534
5710    0.0006         1.0000        0.9885        54.9801     -0.9614
5711    0.0006         1.0000        0.9885        54.9766     -0.9560
5712    0.0006         1.0000        0.9885        54.9730     -0.9557
5713    0.0006         1.0000        0.9885        54.9695     -0.9535
5714    0.0006         1.0000        0.9885        54.9660     -0.9558
5715    0.0006         1.0000        0.9885        54.9625     -0.9576
Epoch    Loss         Train Acc     Test Acc       L2 Norm   Dropout Gap
5716    0.0006         1.0000        0.9885        54.9589     -0.9581
5717    0.0006
              Per-Epoch  Results
                       1.0000
                                 (page  128
                                     0.9885
                                             of 223)
                                                   54.9553     -0.9579
5718    0.0006         1.0000        0.9885        54.9518     -0.9570
5719    0.0006         1.0000        0.9886        54.9482     -0.9563
5720    0.0006         1.0000        0.9886        54.9446     -0.9608
5721    0.0006         1.0000        0.9886        54.9410     -0.9583
5722    0.0006         1.0000        0.9886        54.9374     -0.9613
5723    0.0006         1.0000        0.9886        54.9338     -0.9554
5724    0.0006         1.0000        0.9886        54.9301     -0.9589
5725    0.0006         1.0000        0.9886        54.9266     -0.9586
5726    0.0006         1.0000        0.9886        54.9229     -0.9540
5727    0.0006         1.0000        0.9886        54.9193     -0.9570
5728    0.0006         1.0000        0.9886        54.9158     -0.9551
5729    0.0006         1.0000        0.9886        54.9122     -0.9557
5730    0.0006         1.0000        0.9888        54.9085     -0.9578
5731    0.0006         1.0000        0.9888        54.9049     -0.9587
5732    0.0006         1.0000        0.9889        54.9013     -0.9570
5733    0.0006         1.0000        0.9889        54.8977     -0.9634
5734    0.0006         1.0000        0.9889        54.8941     -0.9564
5735    0.0006         1.0000        0.9889        54.8905     -0.9555
5736    0.0006         1.0000        0.9889        54.8869     -0.9604
5737    0.0006         1.0000        0.9889        54.8832     -0.9608
5738    0.0006         1.0000        0.9889        54.8796     -0.9592
5739    0.0006         1.0000        0.9889        54.8759     -0.9566
5740    0.0006         1.0000        0.9889        54.8722     -0.9593
5741    0.0006         1.0000        0.9889        54.8686     -0.9610
5742    0.0006         1.0000        0.9889        54.8649     -0.9584
5743    0.0006         1.0000        0.9889        54.8613     -0.9599
5744    0.0006         1.0000        0.9889        54.8577     -0.9589
5745    0.0006         1.0000        0.9889        54.8540     -0.9602
5746    0.0006         1.0000        0.9889        54.8504     -0.9572
5747    0.0006         1.0000        0.9889        54.8466     -0.9583
5748    0.0006         1.0000        0.9889        54.8429     -0.9564
5749    0.0006         1.0000        0.9889        54.8393     -0.9584
5750    0.0006         1.0000        0.9889        54.8356     -0.9576
5751    0.0006         1.0000        0.9889        54.8319     -0.9596
5752    0.0006         1.0000        0.9889        54.8282     -0.9581
5753    0.0006         1.0000        0.9889        54.8244     -0.9613
5754    0.0006         1.0000        0.9892        54.8207     -0.9599
5755    0.0006         1.0000        0.9892        54.8170     -0.9579
5756    0.0006         1.0000        0.9894        54.8132     -0.9579
5757    0.0006         1.0000        0.9894        54.8095     -0.9567
5758    0.0006         1.0000        0.9894        54.8058     -0.9570
5759    0.0006         1.0000        0.9894        54.8020     -0.9620
5760    0.0006         1.0000        0.9894        54.7983     -0.9572
Epoch    Loss         Train Acc     Test Acc       L2 Norm   Dropout Gap
5761    0.0006         1.0000        0.9894        54.7945     -0.9563
5762    0.0006
              Per-Epoch  Results
                       1.0000
                                 (page  129
                                     0.9894
                                             of 223)
                                                   54.7908     -0.9543
5763    0.0006         1.0000        0.9894        54.7870     -0.9567
5764    0.0006         1.0000        0.9894        54.7833     -0.9599
5765    0.0006         1.0000        0.9895        54.7795     -0.9557
5766    0.0006         1.0000        0.9894        54.7757     -0.9578
5767    0.0006         1.0000        0.9894        54.7719     -0.9590
5768    0.0006         1.0000        0.9894        54.7682     -0.9627
5769    0.0006         1.0000        0.9895        54.7644     -0.9560
5770    0.0006         1.0000        0.9895        54.7606     -0.9581
5771    0.0006         1.0000        0.9895        54.7568     -0.9587
5772    0.0006         1.0000        0.9895        54.7531     -0.9596
5773    0.0006         1.0000        0.9895        54.7492     -0.9561
5774    0.0006         1.0000        0.9895        54.7454     -0.9592
5775    0.0006         1.0000        0.9895        54.7415     -0.9601
5776    0.0006         1.0000        0.9895        54.7377     -0.9569
5777    0.0006         1.0000        0.9895        54.7338     -0.9589
5778    0.0006         1.0000        0.9895        54.7299     -0.9581
5779    0.0006         1.0000        0.9895        54.7260     -0.9587
5780    0.0006         1.0000        0.9897        54.7222     -0.9555
5781    0.0006         1.0000        0.9897        54.7183     -0.9567
5782    0.0006         1.0000        0.9897        54.7144     -0.9596
5783    0.0006         1.0000        0.9895        54.7104     -0.9598
5784    0.0006         1.0000        0.9895        54.7065     -0.9593
5785    0.0006         1.0000        0.9897        54.7025     -0.9578
5786    0.0005         1.0000        0.9898        54.6986     -0.9572
5787    0.0005         1.0000        0.9900        54.6947     -0.9576
5788    0.0005         1.0000        0.9900        54.6907     -0.9593
5789    0.0005         1.0000        0.9900        54.6867     -0.9595
5790    0.0005         1.0000        0.9901        54.6827     -0.9583
5791    0.0005         1.0000        0.9901        54.6787     -0.9602
5792    0.0005         1.0000        0.9900        54.6747     -0.9581
5793    0.0005         1.0000        0.9900        54.6707     -0.9602
5794    0.0005         1.0000        0.9900        54.6667     -0.9596
5795    0.0005         1.0000        0.9898        54.6627     -0.9573
5796    0.0005         1.0000        0.9898        54.6586     -0.9596
5797    0.0005         1.0000        0.9898        54.6545     -0.9605
5798    0.0005         1.0000        0.9898        54.6504     -0.9590
5799    0.0005         1.0000        0.9898        54.6463     -0.9590
5800    0.0005         1.0000        0.9900        54.6422     -0.9602
5801    0.0005         1.0000        0.9900        54.6381     -0.9596
5802    0.0005         1.0000        0.9900        54.6340     -0.9581
5803    0.0005         1.0000        0.9901        54.6298     -0.9640
5804    0.0005         1.0000        0.9904        54.6257     -0.9590
5805    0.0005         1.0000        0.9906        54.6214     -0.9592
Epoch    Loss         Train Acc     Test Acc       L2 Norm   Dropout Gap
5806    0.0005         1.0000        0.9907        54.6172     -0.9590
5807    0.0005
              Per-Epoch  Results
                       1.0000
                                 (page  130
                                     0.9910
                                             of 223)
                                                   54.6130     -0.9570
5808    0.0005         1.0000        0.9910        54.6088     -0.9607
5809    0.0005         1.0000        0.9912        54.6046     -0.9573
5810    0.0005         1.0000        0.9910        54.6003     -0.9620
5811    0.0005         1.0000        0.9912        54.5960     -0.9602
5812    0.0005         1.0000        0.9912        54.5917     -0.9631
5813    0.0005         1.0000        0.9912        54.5874     -0.9587
5814    0.0005         1.0000        0.9912        54.5830     -0.9578
5815    0.0005         1.0000        0.9912        54.5786     -0.9564
5816    0.0005         1.0000        0.9912        54.5743     -0.9624
5817    0.0005         1.0000        0.9912        54.5699     -0.9596
5818    0.0005         1.0000        0.9912        54.5655     -0.9596
5819    0.0005         1.0000        0.9912        54.5611     -0.9567
5820    0.0005         1.0000        0.9912        54.5567     -0.9611
5821    0.0005         1.0000        0.9912        54.5522     -0.9595
5822    0.0005         1.0000        0.9912        54.5477     -0.9576
5823    0.0005         1.0000        0.9913        54.5432     -0.9599
5824    0.0005         1.0000        0.9913        54.5387     -0.9595
5825    0.0005         1.0000        0.9913        54.5341     -0.9637
5826    0.0005         1.0000        0.9913        54.5296     -0.9587
5827    0.0005         1.0000        0.9913        54.5250     -0.9630
5828    0.0005         1.0000        0.9913        54.5205     -0.9567
5829    0.0005         1.0000        0.9913        54.5159     -0.9596
5830    0.0005         1.0000        0.9913        54.5114     -0.9590
5831    0.0005         1.0000        0.9913        54.5069     -0.9613
5832    0.0005         1.0000        0.9913        54.5023     -0.9614
5833    0.0005         1.0000        0.9913        54.4977     -0.9636
5834    0.0005         1.0000        0.9913        54.4932     -0.9613
5835    0.0005         1.0000        0.9913        54.4887     -0.9592
5836    0.0005         1.0000        0.9913        54.4843     -0.9602
5837    0.0005         1.0000        0.9913        54.4799     -0.9575
5838    0.0005         1.0000        0.9913        54.4755     -0.9622
5839    0.0005         1.0000        0.9912        54.4712     -0.9595
5840    0.0005         1.0000        0.9912        54.4669     -0.9590
5841    0.0005         1.0000        0.9912        54.4627     -0.9636
5842    0.0005         1.0000        0.9912        54.4586     -0.9608
5843    0.0005         1.0000        0.9912        54.4546     -0.9590
5844    0.0005         1.0000        0.9912        54.4506     -0.9587
5845    0.0005         1.0000        0.9913        54.4468     -0.9590
5846    0.0005         1.0000        0.9913        54.4430     -0.9590
5847    0.0005         1.0000        0.9912        54.4394     -0.9598
5848    0.0005         1.0000        0.9912        54.4359     -0.9589
5849    0.0005         1.0000        0.9912        54.4325     -0.9593
5850    0.0005         1.0000        0.9912        54.4292     -0.9595
Epoch    Loss         Train Acc     Test Acc       L2 Norm   Dropout Gap
5851    0.0005         1.0000        0.9912        54.4260     -0.9622
5852    0.0005
              Per-Epoch  Results
                       1.0000
                                 (page  131
                                     0.9912
                                             of 223)
                                                   54.4229     -0.9576
5853    0.0005         1.0000        0.9912        54.4199     -0.9619
5854    0.0005         1.0000        0.9912        54.4170     -0.9613
5855    0.0005         1.0000        0.9912        54.4142     -0.9590
5856    0.0005         1.0000        0.9912        54.4115     -0.9620
5857    0.0005         1.0000        0.9912        54.4089     -0.9613
5858    0.0005         1.0000        0.9913        54.4064     -0.9560
5859    0.0005         1.0000        0.9913        54.4040     -0.9605
5860    0.0005         1.0000        0.9913        54.4017     -0.9589
5861    0.0005         1.0000        0.9915        54.3994     -0.9616
5862    0.0005         1.0000        0.9915        54.3972     -0.9625
5863    0.0005         1.0000        0.9918        54.3950     -0.9634
5864    0.0005         1.0000        0.9917        54.3928     -0.9602
5865    0.0005         1.0000        0.9917        54.3908     -0.9648
5866    0.0005         1.0000        0.9917        54.3887     -0.9620
5867    0.0005         1.0000        0.9917        54.3867     -0.9628
5868    0.0005         1.0000        0.9917        54.3848     -0.9573
5869    0.0005         1.0000        0.9917        54.3829     -0.9598
5870    0.0005         1.0000        0.9917        54.3810     -0.9690
5871    0.0005         1.0000        0.9917        54.3791     -0.9602
5872    0.0005         1.0000        0.9917        54.3771     -0.9604
5873    0.0005         1.0000        0.9917        54.3752     -0.9639
5874    0.0005         1.0000        0.9918        54.3733     -0.9605
5875    0.0005         1.0000        0.9918        54.3714     -0.9622
5876    0.0005         1.0000        0.9918        54.3695     -0.9622
5877    0.0005         1.0000        0.9918        54.3676     -0.9586
5878    0.0005         1.0000        0.9920        54.3657     -0.9634
5879    0.0005         1.0000        0.9920        54.3638     -0.9583
5880    0.0005         1.0000        0.9921        54.3618     -0.9611
5881    0.0005         1.0000        0.9921        54.3597     -0.9576
5882    0.0005         1.0000        0.9921        54.3577     -0.9610
5883    0.0005         1.0000        0.9923        54.3556     -0.9593
5884    0.0005         1.0000        0.9923        54.3536     -0.9587
5885    0.0005         1.0000        0.9923        54.3515     -0.9610
5886    0.0005         1.0000        0.9923        54.3494     -0.9579
5887    0.0005         1.0000        0.9924        54.3472     -0.9570
5888    0.0005         1.0000        0.9924        54.3451     -0.9620
5889    0.0005         1.0000        0.9926        54.3429     -0.9596
5890    0.0005         1.0000        0.9927        54.3407     -0.9605
5891    0.0005         1.0000        0.9927        54.3385     -0.9616
5892    0.0005         1.0000        0.9927        54.3361     -0.9602
5893    0.0005         1.0000        0.9927        54.3338     -0.9636
5894    0.0005         1.0000        0.9927        54.3314     -0.9655
5895    0.0005         1.0000        0.9929        54.3290     -0.9620
Epoch    Loss         Train Acc     Test Acc       L2 Norm   Dropout Gap
5896    0.0005         1.0000        0.9929        54.3266     -0.9630
5897    0.0005
              Per-Epoch  Results
                       1.0000
                                 (page  132
                                     0.9927
                                             of 223)
                                                   54.3242     -0.9605
5898    0.0005         1.0000        0.9929        54.3217     -0.9619
5899    0.0005         1.0000        0.9929        54.3193     -0.9624
5900    0.0004         1.0000        0.9929        54.3167     -0.9586
5901    0.0004         1.0000        0.9929        54.3142     -0.9616
5902    0.0004         1.0000        0.9929        54.3116     -0.9658
5903    0.0004         1.0000        0.9929        54.3090     -0.9608
5904    0.0004         1.0000        0.9929        54.3064     -0.9613
5905    0.0004         1.0000        0.9929        54.3037     -0.9613
5906    0.0004         1.0000        0.9929        54.3009     -0.9633
5907    0.0004         1.0000        0.9929        54.2982     -0.9566
5908    0.0004         1.0000        0.9930        54.2954     -0.9640
5909    0.0004         1.0000        0.9930        54.2926     -0.9607
5910    0.0004         1.0000        0.9930        54.2899     -0.9636
5911    0.0004         1.0000        0.9932        54.2871     -0.9620
5912    0.0004         1.0000        0.9933        54.2843     -0.9607
5913    0.0004         1.0000        0.9933        54.2814     -0.9579
5914    0.0004         1.0000        0.9933        54.2785     -0.9611
5915    0.0004         1.0000        0.9933        54.2756     -0.9617
5916    0.0004         1.0000        0.9933        54.2727     -0.9628
5917    0.0004         1.0000        0.9935        54.2697     -0.9584
5918    0.0004         1.0000        0.9935        54.2668     -0.9611
5919    0.0004         1.0000        0.9935        54.2638     -0.9646
5920    0.0004         1.0000        0.9935        54.2608     -0.9617
5921    0.0004         1.0000        0.9935        54.2579     -0.9619
5922    0.0004         1.0000        0.9935        54.2549     -0.9624
5923    0.0004         1.0000        0.9935        54.2520     -0.9564
5924    0.0004         1.0000        0.9935        54.2490     -0.9605
5925    0.0004         1.0000        0.9935        54.2460     -0.9640
5926    0.0004         1.0000        0.9935        54.2429     -0.9567
5927    0.0004         1.0000        0.9935        54.2398     -0.9657
5928    0.0004         1.0000        0.9935        54.2367     -0.9616
5929    0.0004         1.0000        0.9935        54.2337     -0.9604
5930    0.0004         1.0000        0.9935        54.2305     -0.9640
5931    0.0004         1.0000        0.9935        54.2275     -0.9575
5932    0.0004         1.0000        0.9935        54.2245     -0.9601
5933    0.0004         1.0000        0.9935        54.2214     -0.9604
5934    0.0004         1.0000        0.9935        54.2183     -0.9583
5935    0.0004         1.0000        0.9935        54.2152     -0.9622
5936    0.0004         1.0000        0.9935        54.2120     -0.9611
5937    0.0004         1.0000        0.9935        54.2089     -0.9573
5938    0.0004         1.0000        0.9935        54.2058     -0.9607
5939    0.0004         1.0000        0.9935        54.2027     -0.9581
5940    0.0004         1.0000        0.9935        54.1996     -0.9645
Epoch    Loss         Train Acc     Test Acc       L2 Norm   Dropout Gap
5941    0.0004         1.0000        0.9935        54.1966     -0.9605
5942    0.0004
              Per-Epoch  Results
                       1.0000
                                 (page  133
                                     0.9935
                                             of 223)
                                                   54.1935     -0.9620
5943    0.0004         1.0000        0.9935        54.1904     -0.9627
5944    0.0004         1.0000        0.9935        54.1873     -0.9613
5945    0.0004         1.0000        0.9935        54.1842     -0.9637
5946    0.0004         1.0000        0.9935        54.1811     -0.9625
5947    0.0004         1.0000        0.9935        54.1780     -0.9639
5948    0.0004         1.0000        0.9935        54.1749     -0.9636
5949    0.0004         1.0000        0.9935        54.1717     -0.9634
5950    0.0004         1.0000        0.9935        54.1686     -0.9557
5951    0.0004         1.0000        0.9935        54.1656     -0.9593
5952    0.0004         1.0000        0.9935        54.1625     -0.9613
5953    0.0004         1.0000        0.9935        54.1594     -0.9620
5954    0.0004         1.0000        0.9936        54.1563     -0.9604
5955    0.0004         1.0000        0.9936        54.1532     -0.9646
5956    0.0004         1.0000        0.9938        54.1502     -0.9628
5957    0.0004         1.0000        0.9938        54.1471     -0.9599
5958    0.0004         1.0000        0.9938        54.1440     -0.9605
5959    0.0004         1.0000        0.9938        54.1409     -0.9634
5960    0.0004         1.0000        0.9938        54.1378     -0.9617
5961    0.0004         1.0000        0.9938        54.1348     -0.9633
5962    0.0004         1.0000        0.9939        54.1317     -0.9617
5963    0.0004         1.0000        0.9939        54.1286     -0.9614
5964    0.0004         1.0000        0.9939        54.1255     -0.9616
5965    0.0004         1.0000        0.9939        54.1224     -0.9651
5966    0.0004         1.0000        0.9939        54.1193     -0.9617
5967    0.0004         1.0000        0.9939        54.1162     -0.9607
5968    0.0004         1.0000        0.9939        54.1131     -0.9628
5969    0.0004         1.0000        0.9939        54.1100     -0.9601
5970    0.0004         1.0000        0.9939        54.1069     -0.9595
5971    0.0004         1.0000        0.9941        54.1038     -0.9619
5972    0.0004         1.0000        0.9941        54.1007     -0.9645
5973    0.0004         1.0000        0.9941        54.0975     -0.9625
5974    0.0004         1.0000        0.9941        54.0944     -0.9646
5975    0.0004         1.0000        0.9941        54.0912     -0.9590
5976    0.0004         1.0000        0.9939        54.0880     -0.9639
5977    0.0004         1.0000        0.9939        54.0848     -0.9604
5978    0.0004         1.0000        0.9939        54.0815     -0.9630
5979    0.0004         1.0000        0.9939        54.0782     -0.9604
5980    0.0004         1.0000        0.9939        54.0749     -0.9620
5981    0.0004         1.0000        0.9939        54.0717     -0.9581
5982    0.0004         1.0000        0.9939        54.0685     -0.9601
5983    0.0004         1.0000        0.9939        54.0652     -0.9617
5984    0.0004         1.0000        0.9939        54.0620     -0.9622
5985    0.0004         1.0000        0.9939        54.0587     -0.9634
Epoch    Loss         Train Acc     Test Acc       L2 Norm   Dropout Gap
5986    0.0004         1.0000        0.9938        54.0554     -0.9572
5987    0.0004
              Per-Epoch  Results
                       1.0000
                                 (page  134
                                     0.9938
                                             of 223)
                                                   54.0520     -0.9627
5988    0.0004         1.0000        0.9938        54.0487     -0.9583
5989    0.0004         1.0000        0.9938        54.0453     -0.9637
5990    0.0004         1.0000        0.9938        54.0419     -0.9640
5991    0.0004         1.0000        0.9938        54.0385     -0.9627
5992    0.0004         1.0000        0.9936        54.0350     -0.9602
5993    0.0004         1.0000        0.9935        54.0316     -0.9598
5994    0.0004         1.0000        0.9935        54.0281     -0.9628
5995    0.0004         1.0000        0.9935        54.0247     -0.9616
5996    0.0004         1.0000        0.9935        54.0213     -0.9636
5997    0.0004         1.0000        0.9935        54.0180     -0.9595
5998    0.0004         1.0000        0.9935        54.0148     -0.9590
5999    0.0004         1.0000        0.9935        54.0115     -0.9595
6000    0.0004         1.0000        0.9935        54.0082     -0.9625
6001    0.0004         1.0000        0.9935        54.0049     -0.9616
6002    0.0004         1.0000        0.9936        54.0015     -0.9660
6003    0.0004         1.0000        0.9938        53.9981     -0.9610
6004    0.0004         1.0000        0.9938        53.9947     -0.9631
6005    0.0004         1.0000        0.9938        53.9914     -0.9608
6006    0.0004         1.0000        0.9938        53.9881     -0.9611
6007    0.0004         1.0000        0.9938        53.9847     -0.9592
6008    0.0004         1.0000        0.9938        53.9814     -0.9573
6009    0.0004         1.0000        0.9938        53.9780     -0.9628
6010    0.0004         1.0000        0.9938        53.9746     -0.9552
6011    0.0004         1.0000        0.9938        53.9711     -0.9604
6012    0.0004         1.0000        0.9938        53.9676     -0.9616
6013    0.0004         1.0000        0.9938        53.9641     -0.9648
6014    0.0004         1.0000        0.9938        53.9607     -0.9640
6015    0.0004         1.0000        0.9938        53.9573     -0.9616
6016    0.0004         1.0000        0.9938        53.9539     -0.9596
6017    0.0004         1.0000        0.9938        53.9505     -0.9614
6018    0.0004         1.0000        0.9938        53.9471     -0.9599
6019    0.0004         1.0000        0.9938        53.9437     -0.9627
6020    0.0004         1.0000        0.9938        53.9402     -0.9640
6021    0.0004         1.0000        0.9938        53.9367     -0.9616
6022    0.0004         1.0000        0.9938        53.9333     -0.9611
6023    0.0004         1.0000        0.9938        53.9299     -0.9636
6024    0.0004         1.0000        0.9938        53.9265     -0.9583
6025    0.0004         1.0000        0.9939        53.9231     -0.9628
6026    0.0004         1.0000        0.9941        53.9196     -0.9660
6027    0.0004         1.0000        0.9941        53.9160     -0.9619
6028    0.0004         1.0000        0.9941        53.9125     -0.9616
6029    0.0004         1.0000        0.9941        53.9092     -0.9601
6030    0.0004         1.0000        0.9941        53.9058     -0.9608
Epoch    Loss         Train Acc     Test Acc       L2 Norm   Dropout Gap
6031    0.0004         1.0000        0.9941        53.9024     -0.9614
6032    0.0004
              Per-Epoch  Results
                       1.0000
                                 (page  135
                                     0.9941
                                             of 223)
                                                   53.8989     -0.9645
6033    0.0004         1.0000        0.9941        53.8956     -0.9593
6034    0.0004         1.0000        0.9941        53.8923     -0.9592
6035    0.0004         1.0000        0.9941        53.8890     -0.9573
6036    0.0004         1.0000        0.9941        53.8857     -0.9636
6037    0.0004         1.0000        0.9941        53.8823     -0.9592
6038    0.0004         1.0000        0.9941        53.8790     -0.9589
6039    0.0004         1.0000        0.9941        53.8756     -0.9604
6040    0.0004         1.0000        0.9941        53.8724     -0.9625
6041    0.0004         1.0000        0.9941        53.8692     -0.9654
6042    0.0004         1.0000        0.9941        53.8659     -0.9627
6043    0.0004         1.0000        0.9941        53.8627     -0.9628
6044    0.0004         1.0000        0.9942        53.8595     -0.9602
6045    0.0004         1.0000        0.9941        53.8562     -0.9604
6046    0.0004         1.0000        0.9942        53.8530     -0.9664
6047    0.0004         1.0000        0.9941        53.8499     -0.9616
6048    0.0004         1.0000        0.9941        53.8468     -0.9589
6049    0.0004         1.0000        0.9941        53.8437     -0.9627
6050    0.0004         1.0000        0.9941        53.8405     -0.9613
6051    0.0004         1.0000        0.9941        53.8374     -0.9610
6052    0.0004         1.0000        0.9941        53.8343     -0.9672
6053    0.0004         1.0000        0.9941        53.8312     -0.9630
6054    0.0004         1.0000        0.9941        53.8281     -0.9616
6055    0.0004         1.0000        0.9944        53.8250     -0.9602
6056    0.0004         1.0000        0.9944        53.8220     -0.9589
6057    0.0004         1.0000        0.9942        53.8190     -0.9607
6058    0.0004         1.0000        0.9942        53.8159     -0.9636
6059    0.0004         1.0000        0.9942        53.8129     -0.9602
6060    0.0004         1.0000        0.9942        53.8098     -0.9563
6061    0.0004         1.0000        0.9944        53.8068     -0.9613
6062    0.0004         1.0000        0.9944        53.8039     -0.9627
6063    0.0004         1.0000        0.9942        53.8010     -0.9599
6064    0.0004         1.0000        0.9944        53.7981     -0.9604
6065    0.0004         1.0000        0.9944        53.7950     -0.9595
6066    0.0004         1.0000        0.9945        53.7919     -0.9604
6067    0.0004         1.0000        0.9945        53.7889     -0.9636
6068    0.0004         1.0000        0.9945        53.7860     -0.9634
6069    0.0004         1.0000        0.9945        53.7831     -0.9624
6070    0.0004         1.0000        0.9945        53.7802     -0.9607
6071    0.0004         1.0000        0.9945        53.7772     -0.9658
6072    0.0004         1.0000        0.9945        53.7743     -0.9614
6073    0.0004         1.0000        0.9945        53.7714     -0.9598
6074    0.0004         1.0000        0.9945        53.7684     -0.9633
6075    0.0004         1.0000        0.9945        53.7655     -0.9614
Epoch    Loss         Train Acc     Test Acc       L2 Norm   Dropout Gap
6076    0.0004         1.0000        0.9945        53.7626     -0.9595
6077    0.0004
              Per-Epoch  Results
                       1.0000
                                 (page  136
                                     0.9947
                                             of 223)
                                                   53.7596     -0.9584
6078    0.0004         1.0000        0.9948        53.7567     -0.9605
6079    0.0004         1.0000        0.9948        53.7538     -0.9624
6080    0.0004         1.0000        0.9948        53.7508     -0.9646
6081    0.0004         1.0000        0.9948        53.7479     -0.9631
6082    0.0004         1.0000        0.9948        53.7450     -0.9617
6083    0.0004         1.0000        0.9948        53.7422     -0.9592
6084    0.0004         1.0000        0.9950        53.7394     -0.9611
6085    0.0004         1.0000        0.9950        53.7364     -0.9608
6086    0.0004         1.0000        0.9950        53.7334     -0.9601
6087    0.0004         1.0000        0.9950        53.7305     -0.9579
6088    0.0004         1.0000        0.9950        53.7276     -0.9636
6089    0.0004         1.0000        0.9950        53.7246     -0.9634
6090    0.0004         1.0000        0.9950        53.7217     -0.9599
6091    0.0004         1.0000        0.9950        53.7188     -0.9680
6092    0.0004         1.0000        0.9950        53.7159     -0.9639
6093    0.0004         1.0000        0.9950        53.7131     -0.9560
6094    0.0004         1.0000        0.9950        53.7102     -0.9614
6095    0.0004         1.0000        0.9950        53.7073     -0.9596
6096    0.0004         1.0000        0.9951        53.7044     -0.9646
6097    0.0004         1.0000        0.9951        53.7015     -0.9627
6098    0.0004         1.0000        0.9951        53.6985     -0.9617
6099    0.0004         1.0000        0.9951        53.6956     -0.9592
6100    0.0004         1.0000        0.9951        53.6927     -0.9595
6101    0.0004         1.0000        0.9951        53.6897     -0.9655
6102    0.0004         1.0000        0.9951        53.6867     -0.9599
6103    0.0004         1.0000        0.9951        53.6839     -0.9640
6104    0.0004         1.0000        0.9951        53.6811     -0.9617
6105    0.0004         1.0000        0.9951        53.6782     -0.9607
6106    0.0004         1.0000        0.9951        53.6753     -0.9617
6107    0.0004         1.0000        0.9951        53.6724     -0.9579
6108    0.0004         1.0000        0.9951        53.6695     -0.9672
6109    0.0004         1.0000        0.9951        53.6666     -0.9637
6110    0.0004         1.0000        0.9951        53.6636     -0.9598
6111    0.0004         1.0000        0.9951        53.6606     -0.9663
6112    0.0004         1.0000        0.9953        53.6577     -0.9657
6113    0.0004         1.0000        0.9953        53.6548     -0.9605
6114    0.0004         1.0000        0.9953        53.6520     -0.9611
6115    0.0004         1.0000        0.9953        53.6492     -0.9630
6116    0.0004         1.0000        0.9953        53.6463     -0.9657
6117    0.0004         1.0000        0.9953        53.6434     -0.9604
6118    0.0004         1.0000        0.9953        53.6405     -0.9607
6119    0.0004         1.0000        0.9953        53.6375     -0.9608
6120    0.0004         1.0000        0.9954        53.6346     -0.9595
Epoch    Loss         Train Acc     Test Acc       L2 Norm   Dropout Gap
6121    0.0004         1.0000        0.9954        53.6318     -0.9575
6122    0.0004
              Per-Epoch  Results
                       1.0000
                                 (page  137
                                     0.9954
                                             of 223)
                                                   53.6289     -0.9649
6123    0.0004         1.0000        0.9954        53.6261     -0.9601
6124    0.0004         1.0000        0.9954        53.6232     -0.9613
6125    0.0004         1.0000        0.9954        53.6204     -0.9586
6126    0.0004         1.0000        0.9954        53.6175     -0.9578
6127    0.0004         1.0000        0.9954        53.6147     -0.9619
6128    0.0004         1.0000        0.9956        53.6119     -0.9611
6129    0.0004         1.0000        0.9956        53.6091     -0.9622
6130    0.0004         1.0000        0.9956        53.6062     -0.9583
6131    0.0004         1.0000        0.9956        53.6034     -0.9675
6132    0.0004         1.0000        0.9956        53.6007     -0.9627
6133    0.0004         1.0000        0.9956        53.5979     -0.9636
6134    0.0004         1.0000        0.9956        53.5952     -0.9637
6135    0.0004         1.0000        0.9956        53.5924     -0.9595
6136    0.0004         1.0000        0.9956        53.5896     -0.9622
6137    0.0004         1.0000        0.9956        53.5868     -0.9598
6138    0.0004         1.0000        0.9956        53.5840     -0.9602
6139    0.0004         1.0000        0.9956        53.5811     -0.9658
6140    0.0004         1.0000        0.9956        53.5783     -0.9599
6141    0.0004         1.0000        0.9956        53.5756     -0.9630
6142    0.0004         1.0000        0.9956        53.5730     -0.9616
6143    0.0004         1.0000        0.9954        53.5703     -0.9655
6144    0.0004         1.0000        0.9954        53.5675     -0.9628
6145    0.0004         1.0000        0.9954        53.5647     -0.9614
6146    0.0004         1.0000        0.9954        53.5619     -0.9633
6147    0.0004         1.0000        0.9954        53.5591     -0.9596
6148    0.0004         1.0000        0.9954        53.5563     -0.9636
6149    0.0004         1.0000        0.9954        53.5536     -0.9607
6150    0.0004         1.0000        0.9954        53.5509     -0.9601
6151    0.0004         1.0000        0.9954        53.5483     -0.9631
6152    0.0004         1.0000        0.9954        53.5456     -0.9596
6153    0.0004         1.0000        0.9954        53.5429     -0.9625
6154    0.0004         1.0000        0.9954        53.5401     -0.9617
6155    0.0004         1.0000        0.9954        53.5374     -0.9636
6156    0.0004         1.0000        0.9954        53.5347     -0.9595
6157    0.0004         1.0000        0.9954        53.5320     -0.9627
6158    0.0004         1.0000        0.9954        53.5293     -0.9611
6159    0.0004         1.0000        0.9954        53.5266     -0.9625
6160    0.0004         1.0000        0.9954        53.5239     -0.9608
6161    0.0004         1.0000        0.9954        53.5212     -0.9627
6162    0.0004         1.0000        0.9954        53.5184     -0.9642
6163    0.0004         1.0000        0.9954        53.5158     -0.9602
6164    0.0004         1.0000        0.9954        53.5131     -0.9619
6165    0.0004         1.0000        0.9954        53.5104     -0.9643
Epoch    Loss         Train Acc     Test Acc       L2 Norm   Dropout Gap
6166    0.0004         1.0000        0.9954        53.5077     -0.9620
6167    0.0004
              Per-Epoch  Results
                       1.0000
                                 (page  138
                                     0.9954
                                             of 223)
                                                   53.5050     -0.9589
6168    0.0004         1.0000        0.9954        53.5023     -0.9628
6169    0.0004         1.0000        0.9954        53.4996     -0.9660
6170    0.0004         1.0000        0.9954        53.4969     -0.9628
6171    0.0004         1.0000        0.9954        53.4943     -0.9631
6172    0.0004         1.0000        0.9954        53.4917     -0.9622
6173    0.0004         1.0000        0.9954        53.4891     -0.9628
6174    0.0004         1.0000        0.9954        53.4865     -0.9586
6175    0.0004         1.0000        0.9954        53.4838     -0.9581
6176    0.0004         1.0000        0.9954        53.4812     -0.9619
6177    0.0004         1.0000        0.9954        53.4785     -0.9640
6178    0.0004         1.0000        0.9954        53.4758     -0.9584
6179    0.0004         1.0000        0.9954        53.4732     -0.9610
6180    0.0004         1.0000        0.9954        53.4707     -0.9633
6181    0.0004         1.0000        0.9954        53.4681     -0.9607
6182    0.0004         1.0000        0.9954        53.4655     -0.9617
6183    0.0004         1.0000        0.9954        53.4629     -0.9599
6184    0.0004         1.0000        0.9954        53.4603     -0.9602
6185    0.0004         1.0000        0.9954        53.4576     -0.9607
6186    0.0004         1.0000        0.9954        53.4549     -0.9583
6187    0.0004         1.0000        0.9954        53.4523     -0.9608
6188    0.0004         1.0000        0.9954        53.4496     -0.9595
6189    0.0004         1.0000        0.9954        53.4471     -0.9604
6190    0.0004         1.0000        0.9954        53.4445     -0.9599
6191    0.0004         1.0000        0.9954        53.4419     -0.9595
6192    0.0004         1.0000        0.9954        53.4393     -0.9596
6193    0.0004         1.0000        0.9954        53.4367     -0.9614
6194    0.0004         1.0000        0.9954        53.4341     -0.9625
6195    0.0004         1.0000        0.9954        53.4315     -0.9617
6196    0.0004         1.0000        0.9954        53.4290     -0.9595
6197    0.0004         1.0000        0.9954        53.4264     -0.9637
6198    0.0004         1.0000        0.9954        53.4238     -0.9616
6199    0.0004         1.0000        0.9954        53.4212     -0.9607
6200    0.0004         1.0000        0.9954        53.4186     -0.9616
6201    0.0004         1.0000        0.9954        53.4160     -0.9619
6202    0.0004         1.0000        0.9954        53.4134     -0.9658
6203    0.0004         1.0000        0.9954        53.4109     -0.9631
6204    0.0004         1.0000        0.9954        53.4084     -0.9613
6205    0.0004         1.0000        0.9954        53.4059     -0.9637
6206    0.0004         1.0000        0.9954        53.4033     -0.9624
6207    0.0004         1.0000        0.9954        53.4008     -0.9652
6208    0.0004         1.0000        0.9954        53.3982     -0.9608
6209    0.0004         1.0000        0.9954        53.3956     -0.9616
6210    0.0004         1.0000        0.9954        53.3930     -0.9607
Epoch    Loss         Train Acc     Test Acc       L2 Norm   Dropout Gap
6211    0.0004         1.0000        0.9954        53.3905     -0.9671
6212    0.0004
              Per-Epoch  Results
                       1.0000
                                 (page  139
                                     0.9954
                                             of 223)
                                                   53.3879     -0.9643
6213    0.0004         1.0000        0.9954        53.3854     -0.9604
6214    0.0004         1.0000        0.9954        53.3828     -0.9593
6215    0.0004         1.0000        0.9954        53.3804     -0.9642
6216    0.0004         1.0000        0.9954        53.3779     -0.9637
6217    0.0004         1.0000        0.9954        53.3754     -0.9619
6218    0.0004         1.0000        0.9954        53.3730     -0.9633
6219    0.0004         1.0000        0.9954        53.3705     -0.9619
6220    0.0004         1.0000        0.9954        53.3680     -0.9576
6221    0.0004         1.0000        0.9954        53.3654     -0.9593
6222    0.0004         1.0000        0.9954        53.3629     -0.9575
6223    0.0004         1.0000        0.9954        53.3604     -0.9590
6224    0.0004         1.0000        0.9954        53.3579     -0.9620
6225    0.0004         1.0000        0.9954        53.3554     -0.9657
6226    0.0004         1.0000        0.9954        53.3528     -0.9639
6227    0.0004         1.0000        0.9954        53.3503     -0.9643
6228    0.0004         1.0000        0.9954        53.3478     -0.9634
6229    0.0004         1.0000        0.9954        53.3452     -0.9646
6230    0.0004         1.0000        0.9954        53.3427     -0.9616
6231    0.0004         1.0000        0.9954        53.3402     -0.9633
6232    0.0004         1.0000        0.9954        53.3377     -0.9593
6233    0.0004         1.0000        0.9954        53.3352     -0.9645
6234    0.0004         1.0000        0.9954        53.3327     -0.9643
6235    0.0004         1.0000        0.9954        53.3302     -0.9633
6236    0.0004         1.0000        0.9954        53.3277     -0.9630
6237    0.0004         1.0000        0.9954        53.3252     -0.9555
6238    0.0004         1.0000        0.9954        53.3227     -0.9620
6239    0.0004         1.0000        0.9953        53.3202     -0.9570
6240    0.0004         1.0000        0.9953        53.3177     -0.9610
6241    0.0004         1.0000        0.9953        53.3152     -0.9602
6242    0.0004         1.0000        0.9953        53.3127     -0.9605
6243    0.0004         1.0000        0.9953        53.3102     -0.9592
6244    0.0004         1.0000        0.9953        53.3078     -0.9619
6245    0.0004         1.0000        0.9953        53.3053     -0.9622
6246    0.0004         1.0000        0.9953        53.3029     -0.9617
6247    0.0004         1.0000        0.9953        53.3005     -0.9593
6248    0.0004         1.0000        0.9953        53.2981     -0.9631
6249    0.0004         1.0000        0.9953        53.2956     -0.9596
6250    0.0004         1.0000        0.9953        53.2931     -0.9630
6251    0.0004         1.0000        0.9953        53.2906     -0.9593
6252    0.0004         1.0000        0.9953        53.2881     -0.9624
6253    0.0004         1.0000        0.9953        53.2856     -0.9634
6254    0.0004         1.0000        0.9953        53.2831     -0.9598
6255    0.0004         1.0000        0.9953        53.2806     -0.9637
Epoch    Loss         Train Acc     Test Acc       L2 Norm   Dropout Gap
6256    0.0004         1.0000        0.9953        53.2783     -0.9617
6257    0.0004
              Per-Epoch  Results
                       1.0000
                                 (page  140
                                     0.9954
                                             of 223)
                                                   53.2759     -0.9616
6258    0.0004         1.0000        0.9954        53.2734     -0.9602
6259    0.0004         1.0000        0.9954        53.2710     -0.9614
6260    0.0004         1.0000        0.9954        53.2684     -0.9620
6261    0.0004         1.0000        0.9954        53.2660     -0.9614
6262    0.0004         1.0000        0.9956        53.2635     -0.9611
6263    0.0004         1.0000        0.9956        53.2611     -0.9624
6264    0.0004         1.0000        0.9956        53.2586     -0.9595
6265    0.0004         1.0000        0.9956        53.2562     -0.9601
6266    0.0004         1.0000        0.9956        53.2538     -0.9611
6267    0.0004         1.0000        0.9956        53.2513     -0.9573
6268    0.0004         1.0000        0.9956        53.2489     -0.9579
6269    0.0004         1.0000        0.9956        53.2464     -0.9622
6270    0.0004         1.0000        0.9956        53.2439     -0.9624
6271    0.0004         1.0000        0.9956        53.2414     -0.9620
6272    0.0004         1.0000        0.9956        53.2389     -0.9563
6273    0.0004         1.0000        0.9956        53.2365     -0.9616
6274    0.0004         1.0000        0.9956        53.2341     -0.9608
6275    0.0004         1.0000        0.9956        53.2316     -0.9634
6276    0.0004         1.0000        0.9956        53.2292     -0.9581
6277    0.0004         1.0000        0.9956        53.2268     -0.9599
6278    0.0004         1.0000        0.9956        53.2244     -0.9620
6279    0.0004         1.0000        0.9956        53.2220     -0.9589
6280    0.0004         1.0000        0.9956        53.2196     -0.9598
6281    0.0004         1.0000        0.9956        53.2172     -0.9633
6282    0.0004         1.0000        0.9956        53.2148     -0.9599
6283    0.0004         1.0000        0.9956        53.2124     -0.9627
6284    0.0004         1.0000        0.9956        53.2101     -0.9608
6285    0.0004         1.0000        0.9956        53.2077     -0.9611
6286    0.0004         1.0000        0.9956        53.2053     -0.9640
6287    0.0004         1.0000        0.9956        53.2029     -0.9584
6288    0.0004         1.0000        0.9956        53.2006     -0.9613
6289    0.0004         1.0000        0.9957        53.1982     -0.9627
6290    0.0004         1.0000        0.9957        53.1958     -0.9596
6291    0.0004         1.0000        0.9957        53.1934     -0.9640
6292    0.0004         1.0000        0.9956        53.1910     -0.9633
6293    0.0004         1.0000        0.9956        53.1887     -0.9637
6294    0.0004         1.0000        0.9956        53.1864     -0.9613
6295    0.0004         1.0000        0.9956        53.1841     -0.9639
6296    0.0004         1.0000        0.9956        53.1818     -0.9601
6297    0.0004         1.0000        0.9956        53.1795     -0.9595
6298    0.0004         1.0000        0.9956        53.1772     -0.9599
6299    0.0004         1.0000        0.9956        53.1748     -0.9637
6300    0.0004         1.0000        0.9956        53.1725     -0.9578
Epoch    Loss         Train Acc     Test Acc       L2 Norm   Dropout Gap
6301    0.0004         1.0000        0.9956        53.1702     -0.9624
6302    0.0004
              Per-Epoch  Results
                       1.0000
                                 (page  141
                                     0.9956
                                             of 223)
                                                   53.1679     -0.9631
6303    0.0004         1.0000        0.9956        53.1656     -0.9627
6304    0.0004         1.0000        0.9956        53.1634     -0.9611
6305    0.0004         1.0000        0.9956        53.1611     -0.9583
6306    0.0004         1.0000        0.9956        53.1588     -0.9584
6307    0.0004         1.0000        0.9956        53.1566     -0.9584
6308    0.0004         1.0000        0.9956        53.1543     -0.9634
6309    0.0004         1.0000        0.9956        53.1521     -0.9584
6310    0.0004         1.0000        0.9956        53.1498     -0.9636
6311    0.0004         1.0000        0.9956        53.1476     -0.9605
6312    0.0004         1.0000        0.9956        53.1454     -0.9583
6313    0.0004         1.0000        0.9956        53.1432     -0.9613
6314    0.0004         1.0000        0.9956        53.1409     -0.9589
6315    0.0004         1.0000        0.9956        53.1387     -0.9607
6316    0.0004         1.0000        0.9956        53.1364     -0.9639
6317    0.0004         1.0000        0.9956        53.1342     -0.9593
6318    0.0004         1.0000        0.9956        53.1320     -0.9598
6319    0.0004         1.0000        0.9956        53.1299     -0.9648
6320    0.0004         1.0000        0.9956        53.1277     -0.9622
6321    0.0004         1.0000        0.9956        53.1255     -0.9587
6322    0.0004         1.0000        0.9956        53.1233     -0.9634
6323    0.0003         1.0000        0.9956        53.1210     -0.9620
6324    0.0003         1.0000        0.9956        53.1188     -0.9587
6325    0.0003         1.0000        0.9956        53.1166     -0.9636
6326    0.0003         1.0000        0.9956        53.1144     -0.9613
6327    0.0003         1.0000        0.9956        53.1122     -0.9642
6328    0.0003         1.0000        0.9956        53.1100     -0.9601
6329    0.0003         1.0000        0.9956        53.1079     -0.9622
6330    0.0003         1.0000        0.9956        53.1058     -0.9605
6331    0.0003         1.0000        0.9956        53.1036     -0.9596
6332    0.0003         1.0000        0.9956        53.1015     -0.9581
6333    0.0003         1.0000        0.9956        53.0993     -0.9608
6334    0.0003         1.0000        0.9956        53.0972     -0.9589
6335    0.0003         1.0000        0.9956        53.0950     -0.9636
6336    0.0003         1.0000        0.9956        53.0929     -0.9624
6337    0.0003         1.0000        0.9957        53.0907     -0.9557
6338    0.0003         1.0000        0.9957        53.0885     -0.9642
6339    0.0003         1.0000        0.9957        53.0864     -0.9625
6340    0.0003         1.0000        0.9959        53.0842     -0.9604
6341    0.0003         1.0000        0.9959        53.0820     -0.9586
6342    0.0003         1.0000        0.9956        53.0799     -0.9584
6343    0.0003         1.0000        0.9956        53.0777     -0.9661
6344    0.0003         1.0000        0.9956        53.0756     -0.9613
6345    0.0003         1.0000        0.9956        53.0734     -0.9642
Epoch    Loss         Train Acc     Test Acc       L2 Norm   Dropout Gap
6346    0.0003         1.0000        0.9956        53.0713     -0.9607
6347    0.0003
              Per-Epoch  Results
                       1.0000
                                 (page  142
                                     0.9956
                                             of 223)
                                                   53.0692     -0.9598
6348    0.0003         1.0000        0.9959        53.0671     -0.9587
6349    0.0003         1.0000        0.9959        53.0649     -0.9596
6350    0.0003         1.0000        0.9959        53.0628     -0.9617
6351    0.0003         1.0000        0.9956        53.0607     -0.9645
6352    0.0003         1.0000        0.9956        53.0586     -0.9631
6353    0.0003         1.0000        0.9956        53.0564     -0.9628
6354    0.0003         1.0000        0.9959        53.0543     -0.9605
6355    0.0003         1.0000        0.9959        53.0523     -0.9639
6356    0.0003         1.0000        0.9959        53.0502     -0.9637
6357    0.0003         1.0000        0.9961        53.0482     -0.9622
6358    0.0003         1.0000        0.9961        53.0461     -0.9602
6359    0.0003         1.0000        0.9961        53.0440     -0.9605
6360    0.0003         1.0000        0.9961        53.0419     -0.9630
6361    0.0003         1.0000        0.9961        53.0398     -0.9616
6362    0.0003         1.0000        0.9961        53.0376     -0.9566
6363    0.0003         1.0000        0.9961        53.0355     -0.9642
6364    0.0003         1.0000        0.9961        53.0334     -0.9592
6365    0.0003         1.0000        0.9961        53.0314     -0.9584
6366    0.0003         1.0000        0.9961        53.0294     -0.9595
6367    0.0003         1.0000        0.9961        53.0273     -0.9601
6368    0.0003         1.0000        0.9961        53.0253     -0.9610
6369    0.0003         1.0000        0.9961        53.0232     -0.9569
6370    0.0003         1.0000        0.9961        53.0210     -0.9573
6371    0.0003         1.0000        0.9961        53.0189     -0.9573
6372    0.0003         1.0000        0.9961        53.0167     -0.9576
6373    0.0003         1.0000        0.9961        53.0147     -0.9620
6374    0.0003         1.0000        0.9961        53.0126     -0.9558
6375    0.0003         1.0000        0.9961        53.0106     -0.9633
6376    0.0003         1.0000        0.9961        53.0086     -0.9616
6377    0.0003         1.0000        0.9961        53.0065     -0.9633
6378    0.0003         1.0000        0.9961        53.0045     -0.9599
6379    0.0003         1.0000        0.9961        53.0025     -0.9663
6380    0.0003         1.0000        0.9961        53.0005     -0.9627
6381    0.0003         1.0000        0.9961        52.9984     -0.9567
6382    0.0003         1.0000        0.9961        52.9964     -0.9573
6383    0.0003         1.0000        0.9961        52.9943     -0.9589
6384    0.0003         1.0000        0.9961        52.9922     -0.9595
6385    0.0003         1.0000        0.9961        52.9902     -0.9631
6386    0.0003         1.0000        0.9961        52.9882     -0.9601
6387    0.0003         1.0000        0.9961        52.9862     -0.9592
6388    0.0003         1.0000        0.9961        52.9841     -0.9592
6389    0.0003         1.0000        0.9961        52.9821     -0.9596
6390    0.0003         1.0000        0.9961        52.9800     -0.9581
Epoch    Loss         Train Acc     Test Acc       L2 Norm   Dropout Gap
6391    0.0003         1.0000        0.9961        52.9780     -0.9619
6392    0.0003
              Per-Epoch  Results
                       1.0000
                                 (page  143
                                     0.9961
                                             of 223)
                                                   52.9759     -0.9625
6393    0.0003         1.0000        0.9961        52.9739     -0.9610
6394    0.0003         1.0000        0.9961        52.9719     -0.9610
6395    0.0003         1.0000        0.9961        52.9699     -0.9593
6396    0.0003         1.0000        0.9961        52.9678     -0.9678
6397    0.0003         1.0000        0.9961        52.9658     -0.9589
6398    0.0003         1.0000        0.9961        52.9637     -0.9634
6399    0.0003         1.0000        0.9961        52.9617     -0.9622
6400    0.0003         1.0000        0.9961        52.9596     -0.9589
6401    0.0003         1.0000        0.9961        52.9576     -0.9627
6402    0.0003         1.0000        0.9961        52.9556     -0.9575
6403    0.0003         1.0000        0.9961        52.9536     -0.9598
6404    0.0003         1.0000        0.9961        52.9516     -0.9587
6405    0.0003         1.0000        0.9961        52.9496     -0.9593
6406    0.0003         1.0000        0.9961        52.9476     -0.9624
6407    0.0003         1.0000        0.9961        52.9456     -0.9622
6408    0.0003         1.0000        0.9961        52.9436     -0.9628
6409    0.0003         1.0000        0.9961        52.9416     -0.9614
6410    0.0003         1.0000        0.9961        52.9397     -0.9628
6411    0.0003         1.0000        0.9961        52.9377     -0.9617
6412    0.0003         1.0000        0.9961        52.9357     -0.9567
6413    0.0003         1.0000        0.9961        52.9337     -0.9617
6414    0.0003         1.0000        0.9961        52.9317     -0.9584
6415    0.0003         1.0000        0.9961        52.9297     -0.9602
6416    0.0003         1.0000        0.9961        52.9277     -0.9598
6417    0.0003         1.0000        0.9961        52.9258     -0.9607
6418    0.0003         1.0000        0.9961        52.9238     -0.9625
6419    0.0003         1.0000        0.9961        52.9218     -0.9620
6420    0.0003         1.0000        0.9961        52.9199     -0.9602
6421    0.0003         1.0000        0.9961        52.9179     -0.9604
6422    0.0003         1.0000        0.9961        52.9160     -0.9613
6423    0.0003         1.0000        0.9961        52.9139     -0.9614
6424    0.0003         1.0000        0.9961        52.9120     -0.9595
6425    0.0003         1.0000        0.9961        52.9100     -0.9611
6426    0.0003         1.0000        0.9961        52.9080     -0.9646
6427    0.0003         1.0000        0.9961        52.9061     -0.9613
6428    0.0003         1.0000        0.9961        52.9041     -0.9620
6429    0.0003         1.0000        0.9961        52.9022     -0.9655
6430    0.0003         1.0000        0.9961        52.9003     -0.9602
6431    0.0003         1.0000        0.9961        52.8983     -0.9619
6432    0.0003         1.0000        0.9961        52.8963     -0.9614
6433    0.0003         1.0000        0.9961        52.8943     -0.9586
6434    0.0003         1.0000        0.9961        52.8923     -0.9628
6435    0.0003         1.0000        0.9961        52.8904     -0.9625
Epoch    Loss         Train Acc     Test Acc       L2 Norm   Dropout Gap
6436    0.0003         1.0000        0.9961        52.8884     -0.9639
6437    0.0003
              Per-Epoch  Results
                       1.0000
                                 (page  144
                                     0.9961
                                             of 223)
                                                   52.8864     -0.9619
6438    0.0003         1.0000        0.9961        52.8845     -0.9554
6439    0.0003         1.0000        0.9961        52.8825     -0.9557
6440    0.0003         1.0000        0.9961        52.8806     -0.9581
6441    0.0003         1.0000        0.9961        52.8787     -0.9570
6442    0.0003         1.0000        0.9961        52.8767     -0.9581
6443    0.0003         1.0000        0.9961        52.8748     -0.9616
6444    0.0003         1.0000        0.9961        52.8728     -0.9654
6445    0.0003         1.0000        0.9961        52.8708     -0.9630
6446    0.0003         1.0000        0.9961        52.8689     -0.9627
6447    0.0003         1.0000        0.9961        52.8670     -0.9608
6448    0.0003         1.0000        0.9961        52.8650     -0.9649
6449    0.0003         1.0000        0.9961        52.8631     -0.9567
6450    0.0003         1.0000        0.9961        52.8612     -0.9601
6451    0.0003         1.0000        0.9961        52.8592     -0.9616
6452    0.0003         1.0000        0.9961        52.8573     -0.9592
6453    0.0003         1.0000        0.9961        52.8553     -0.9587
6454    0.0003         1.0000        0.9961        52.8533     -0.9639
6455    0.0003         1.0000        0.9961        52.8514     -0.9625
6456    0.0003         1.0000        0.9959        52.8495     -0.9602
6457    0.0003         1.0000        0.9959        52.8476     -0.9590
6458    0.0003         1.0000        0.9959        52.8458     -0.9639
6459    0.0003         1.0000        0.9959        52.8439     -0.9622
6460    0.0003         1.0000        0.9959        52.8419     -0.9593
6461    0.0003         1.0000        0.9959        52.8400     -0.9622
6462    0.0003         1.0000        0.9959        52.8380     -0.9595
6463    0.0003         1.0000        0.9959        52.8361     -0.9610
6464    0.0003         1.0000        0.9959        52.8342     -0.9599
6465    0.0003         1.0000        0.9959        52.8322     -0.9633
6466    0.0003         1.0000        0.9957        52.8303     -0.9624
6467    0.0003         1.0000        0.9957        52.8283     -0.9590
6468    0.0003         1.0000        0.9957        52.8264     -0.9616
6469    0.0003         1.0000        0.9957        52.8244     -0.9592
6470    0.0003         1.0000        0.9957        52.8226     -0.9575
6471    0.0003         1.0000        0.9957        52.8207     -0.9601
6472    0.0003         1.0000        0.9957        52.8188     -0.9611
6473    0.0003         1.0000        0.9957        52.8169     -0.9575
6474    0.0003         1.0000        0.9957        52.8150     -0.9608
6475    0.0003         1.0000        0.9957        52.8131     -0.9619
6476    0.0003         1.0000        0.9957        52.8112     -0.9573
6477    0.0003         1.0000        0.9957        52.8093     -0.9645
6478    0.0003         1.0000        0.9957        52.8074     -0.9599
6479    0.0003         1.0000        0.9957        52.8054     -0.9593
6480    0.0003         1.0000        0.9957        52.8035     -0.9589
Epoch    Loss         Train Acc     Test Acc       L2 Norm   Dropout Gap
6481    0.0003         1.0000        0.9957        52.8017     -0.9633
6482    0.0003
              Per-Epoch  Results
                       1.0000
                                 (page  145
                                     0.9957
                                             of 223)
                                                   52.7998     -0.9595
6483    0.0003         1.0000        0.9957        52.7979     -0.9610
6484    0.0003         1.0000        0.9959        52.7960     -0.9633
6485    0.0003         1.0000        0.9959        52.7941     -0.9584
6486    0.0003         1.0000        0.9959        52.7922     -0.9630
6487    0.0003         1.0000        0.9959        52.7903     -0.9625
6488    0.0003         1.0000        0.9959        52.7884     -0.9620
6489    0.0003         1.0000        0.9959        52.7865     -0.9634
6490    0.0003         1.0000        0.9959        52.7846     -0.9605
6491    0.0003         1.0000        0.9959        52.7827     -0.9570
6492    0.0003         1.0000        0.9959        52.7809     -0.9645
6493    0.0003         1.0000        0.9959        52.7790     -0.9611
6494    0.0003         1.0000        0.9959        52.7771     -0.9604
6495    0.0003         1.0000        0.9959        52.7751     -0.9624
6496    0.0003         1.0000        0.9959        52.7732     -0.9583
6497    0.0003         1.0000        0.9959        52.7712     -0.9633
6498    0.0003         1.0000        0.9959        52.7694     -0.9625
6499    0.0003         1.0000        0.9959        52.7675     -0.9637
6500    0.0003         1.0000        0.9959        52.7656     -0.9592
6501    0.0003         1.0000        0.9959        52.7637     -0.9584
6502    0.0003         1.0000        0.9959        52.7619     -0.9643
6503    0.0003         1.0000        0.9959        52.7601     -0.9614
6504    0.0003         1.0000        0.9959        52.7582     -0.9605
6505    0.0003         1.0000        0.9959        52.7563     -0.9620
6506    0.0003         1.0000        0.9959        52.7545     -0.9652
6507    0.0003         1.0000        0.9959        52.7526     -0.9664
6508    0.0003         1.0000        0.9959        52.7508     -0.9628
6509    0.0003         1.0000        0.9959        52.7489     -0.9616
6510    0.0003         1.0000        0.9959        52.7470     -0.9589
6511    0.0003         1.0000        0.9959        52.7452     -0.9581
6512    0.0003         1.0000        0.9959        52.7433     -0.9586
6513    0.0003         1.0000        0.9959        52.7414     -0.9601
6514    0.0003         1.0000        0.9959        52.7395     -0.9578
6515    0.0003         1.0000        0.9959        52.7377     -0.9628
6516    0.0003         1.0000        0.9959        52.7359     -0.9598
6517    0.0003         1.0000        0.9959        52.7341     -0.9599
6518    0.0003         1.0000        0.9959        52.7322     -0.9611
6519    0.0003         1.0000        0.9959        52.7303     -0.9602
6520    0.0003         1.0000        0.9959        52.7285     -0.9604
6521    0.0003         1.0000        0.9959        52.7266     -0.9622
6522    0.0003         1.0000        0.9959        52.7248     -0.9525
6523    0.0003         1.0000        0.9959        52.7230     -0.9592
6524    0.0003         1.0000        0.9959        52.7212     -0.9595
6525    0.0003         1.0000        0.9959        52.7193     -0.9631
Epoch    Loss         Train Acc     Test Acc       L2 Norm   Dropout Gap
6526    0.0003         1.0000        0.9959        52.7175     -0.9648
6527    0.0003
              Per-Epoch  Results
                       1.0000
                                 (page  146
                                     0.9959
                                             of 223)
                                                   52.7157     -0.9639
6528    0.0003         1.0000        0.9959        52.7138     -0.9617
6529    0.0003         1.0000        0.9959        52.7119     -0.9639
6530    0.0003         1.0000        0.9959        52.7100     -0.9617
6531    0.0003         1.0000        0.9959        52.7082     -0.9567
6532    0.0003         1.0000        0.9959        52.7064     -0.9610
6533    0.0003         1.0000        0.9959        52.7045     -0.9555
6534    0.0003         1.0000        0.9959        52.7026     -0.9630
6535    0.0003         1.0000        0.9959        52.7006     -0.9575
6536    0.0003         1.0000        0.9957        52.6987     -0.9599
6537    0.0003         1.0000        0.9957        52.6967     -0.9648
6538    0.0003         1.0000        0.9957        52.6948     -0.9589
6539    0.0003         1.0000        0.9957        52.6929     -0.9617
6540    0.0003         1.0000        0.9957        52.6910     -0.9636
6541    0.0003         1.0000        0.9957        52.6891     -0.9604
6542    0.0003         1.0000        0.9957        52.6871     -0.9614
6543    0.0003         1.0000        0.9957        52.6852     -0.9628
6544    0.0003         1.0000        0.9959        52.6833     -0.9586
6545    0.0003         1.0000        0.9959        52.6813     -0.9616
6546    0.0003         1.0000        0.9959        52.6794     -0.9601
6547    0.0003         1.0000        0.9959        52.6774     -0.9640
6548    0.0003         1.0000        0.9959        52.6754     -0.9610
6549    0.0003         1.0000        0.9959        52.6734     -0.9619
6550    0.0003         1.0000        0.9959        52.6714     -0.9595
6551    0.0003         1.0000        0.9959        52.6695     -0.9589
6552    0.0003         1.0000        0.9959        52.6675     -0.9617
6553    0.0003         1.0000        0.9959        52.6655     -0.9605
6554    0.0003         1.0000        0.9959        52.6636     -0.9572
6555    0.0003         1.0000        0.9959        52.6616     -0.9645
6556    0.0003         1.0000        0.9959        52.6597     -0.9563
6557    0.0003         1.0000        0.9959        52.6576     -0.9608
6558    0.0003         1.0000        0.9959        52.6556     -0.9555
6559    0.0003         1.0000        0.9959        52.6536     -0.9616
6560    0.0003         1.0000        0.9959        52.6516     -0.9614
6561    0.0003         1.0000        0.9959        52.6496     -0.9633
6562    0.0003         1.0000        0.9959        52.6475     -0.9608
6563    0.0003         1.0000        0.9959        52.6456     -0.9613
6564    0.0003         1.0000        0.9959        52.6436     -0.9622
6565    0.0003         1.0000        0.9959        52.6416     -0.9614
6566    0.0003         1.0000        0.9959        52.6396     -0.9610
6567    0.0003         1.0000        0.9959        52.6376     -0.9602
6568    0.0003         1.0000        0.9959        52.6356     -0.9586
6569    0.0003         1.0000        0.9959        52.6336     -0.9604
6570    0.0003         1.0000        0.9959        52.6316     -0.9636
Epoch    Loss         Train Acc     Test Acc       L2 Norm   Dropout Gap
6571    0.0003         1.0000        0.9959        52.6297     -0.9596
6572    0.0003
              Per-Epoch  Results
                       1.0000
                                 (page  147
                                     0.9959
                                             of 223)
                                                   52.6277     -0.9605
6573    0.0003         1.0000        0.9959        52.6257     -0.9560
6574    0.0003         1.0000        0.9959        52.6237     -0.9604
6575    0.0003         1.0000        0.9959        52.6217     -0.9596
6576    0.0003         1.0000        0.9959        52.6197     -0.9584
6577    0.0003         1.0000        0.9959        52.6177     -0.9620
6578    0.0003         1.0000        0.9959        52.6157     -0.9590
6579    0.0003         1.0000        0.9959        52.6137     -0.9614
6580    0.0003         1.0000        0.9959        52.6117     -0.9604
6581    0.0003         1.0000        0.9959        52.6097     -0.9628
6582    0.0003         1.0000        0.9959        52.6078     -0.9552
6583    0.0003         1.0000        0.9959        52.6059     -0.9637
6584    0.0003         1.0000        0.9959        52.6039     -0.9628
6585    0.0003         1.0000        0.9959        52.6019     -0.9628
6586    0.0003         1.0000        0.9959        52.6000     -0.9573
6587    0.0003         1.0000        0.9959        52.5981     -0.9590
6588    0.0003         1.0000        0.9959        52.5961     -0.9639
6589    0.0003         1.0000        0.9959        52.5941     -0.9581
6590    0.0003         1.0000        0.9959        52.5921     -0.9583
6591    0.0003         1.0000        0.9956        52.5901     -0.9601
6592    0.0003         1.0000        0.9957        52.5881     -0.9601
6593    0.0003         1.0000        0.9956        52.5861     -0.9617
6594    0.0003         1.0000        0.9956        52.5842     -0.9605
6595    0.0003         1.0000        0.9956        52.5823     -0.9642
6596    0.0003         1.0000        0.9956        52.5805     -0.9602
6597    0.0003         1.0000        0.9956        52.5786     -0.9602
6598    0.0003         1.0000        0.9956        52.5767     -0.9617
6599    0.0003         1.0000        0.9956        52.5748     -0.9655
6600    0.0003         1.0000        0.9956        52.5729     -0.9628
6601    0.0003         1.0000        0.9956        52.5709     -0.9604
6602    0.0003         1.0000        0.9956        52.5690     -0.9658
6603    0.0003         1.0000        0.9956        52.5671     -0.9617
6604    0.0003         1.0000        0.9956        52.5652     -0.9602
6605    0.0003         1.0000        0.9956        52.5633     -0.9604
6606    0.0003         1.0000        0.9956        52.5615     -0.9622
6607    0.0003         1.0000        0.9956        52.5597     -0.9548
6608    0.0003         1.0000        0.9956        52.5578     -0.9592
6609    0.0003         1.0000        0.9956        52.5560     -0.9624
6610    0.0003         1.0000        0.9956        52.5541     -0.9543
6611    0.0003         1.0000        0.9956        52.5521     -0.9592
6612    0.0003         1.0000        0.9956        52.5502     -0.9567
6613    0.0003         1.0000        0.9956        52.5482     -0.9613
6614    0.0003         1.0000        0.9956        52.5463     -0.9607
6615    0.0003         1.0000        0.9956        52.5444     -0.9584
Epoch    Loss         Train Acc     Test Acc       L2 Norm   Dropout Gap
6616    0.0003         1.0000        0.9956        52.5425     -0.9583
6617    0.0003
              Per-Epoch  Results
                       1.0000
                                 (page  148
                                     0.9956
                                             of 223)
                                                   52.5406     -0.9567
6618    0.0003         1.0000        0.9956        52.5387     -0.9611
6619    0.0003         1.0000        0.9956        52.5369     -0.9596
6620    0.0003         1.0000        0.9956        52.5351     -0.9601
6621    0.0003         1.0000        0.9956        52.5332     -0.9583
6622    0.0003         1.0000        0.9956        52.5314     -0.9613
6623    0.0003         1.0000        0.9956        52.5296     -0.9605
6624    0.0003         1.0000        0.9956        52.5277     -0.9589
6625    0.0003         1.0000        0.9956        52.5258     -0.9613
6626    0.0003         1.0000        0.9956        52.5240     -0.9631
6627    0.0003         1.0000        0.9956        52.5221     -0.9589
6628    0.0003         1.0000        0.9956        52.5202     -0.9590
6629    0.0003         1.0000        0.9956        52.5183     -0.9622
6630    0.0003         1.0000        0.9956        52.5164     -0.9637
6631    0.0003         1.0000        0.9956        52.5146     -0.9602
6632    0.0003         1.0000        0.9956        52.5127     -0.9587
6633    0.0003         1.0000        0.9956        52.5108     -0.9579
6634    0.0003         1.0000        0.9956        52.5090     -0.9654
6635    0.0003         1.0000        0.9956        52.5071     -0.9652
6636    0.0003         1.0000        0.9956        52.5053     -0.9634
6637    0.0003         1.0000        0.9956        52.5034     -0.9604
6638    0.0003         1.0000        0.9956        52.5016     -0.9520
6639    0.0003         1.0000        0.9956        52.4998     -0.9639
6640    0.0003         1.0000        0.9956        52.4979     -0.9579
6641    0.0003         1.0000        0.9956        52.4961     -0.9599
6642    0.0003         1.0000        0.9956        52.4943     -0.9602
6643    0.0003         1.0000        0.9956        52.4925     -0.9570
6644    0.0003         1.0000        0.9956        52.4906     -0.9624
6645    0.0003         1.0000        0.9956        52.4888     -0.9601
6646    0.0003         1.0000        0.9956        52.4870     -0.9617
6647    0.0003         1.0000        0.9956        52.4851     -0.9598
6648    0.0003         1.0000        0.9956        52.4833     -0.9596
6649    0.0003         1.0000        0.9956        52.4816     -0.9584
6650    0.0003         1.0000        0.9956        52.4799     -0.9620
6651    0.0003         1.0000        0.9956        52.4781     -0.9598
6652    0.0003         1.0000        0.9956        52.4765     -0.9601
6653    0.0003         1.0000        0.9956        52.4748     -0.9634
6654    0.0003         1.0000        0.9956        52.4732     -0.9598
6655    0.0003         1.0000        0.9956        52.4717     -0.9601
6656    0.0003         1.0000        0.9956        52.4702     -0.9598
6657    0.0003         1.0000        0.9956        52.4688     -0.9578
6658    0.0003         1.0000        0.9956        52.4675     -0.9616
6659    0.0003         1.0000        0.9956        52.4663     -0.9601
6660    0.0003         1.0000        0.9956        52.4652     -0.9570
Epoch    Loss         Train Acc     Test Acc       L2 Norm   Dropout Gap
6661    0.0003         1.0000        0.9956        52.4642     -0.9567
6662    0.0003
              Per-Epoch  Results
                       1.0000
                                 (page  149
                                     0.9956
                                             of 223)
                                                   52.4633     -0.9619
6663    0.0003         1.0000        0.9956        52.4625     -0.9593
6664    0.0003         1.0000        0.9956        52.4618     -0.9627
6665    0.0003         1.0000        0.9956        52.4612     -0.9586
6666    0.0003         1.0000        0.9956        52.4607     -0.9583
6667    0.0003         1.0000        0.9956        52.4603     -0.9558
6668    0.0003         1.0000        0.9956        52.4601     -0.9572
6669    0.0003         1.0000        0.9956        52.4600     -0.9586
6670    0.0003         1.0000        0.9956        52.4601     -0.9592
6671    0.0003         1.0000        0.9956        52.4602     -0.9599
6672    0.0003         1.0000        0.9956        52.4605     -0.9630
6673    0.0003         1.0000        0.9956        52.4608     -0.9613
6674    0.0003         1.0000        0.9956        52.4612     -0.9614
6675    0.0003         1.0000        0.9956        52.4617     -0.9619
6676    0.0003         1.0000        0.9956        52.4623     -0.9637
6677    0.0003         1.0000        0.9956        52.4630     -0.9599
6678    0.0003         1.0000        0.9954        52.4638     -0.9601
6679    0.0003         1.0000        0.9954        52.4647     -0.9554
6680    0.0003         1.0000        0.9954        52.4656     -0.9593
6681    0.0003         1.0000        0.9953        52.4667     -0.9617
6682    0.0003         1.0000        0.9953        52.4677     -0.9619
6683    0.0003         1.0000        0.9953        52.4687     -0.9581
6684    0.0003         1.0000        0.9953        52.4698     -0.9563
6685    0.0003         1.0000        0.9953        52.4709     -0.9637
6686    0.0003         1.0000        0.9953        52.4720     -0.9560
6687    0.0003         1.0000        0.9953        52.4732     -0.9552
6688    0.0003         1.0000        0.9953        52.4744     -0.9572
6689    0.0003         1.0000        0.9953        52.4757     -0.9572
6690    0.0003         1.0000        0.9951        52.4770     -0.9563
6691    0.0003         1.0000        0.9951        52.4783     -0.9605
6692    0.0003         1.0000        0.9951        52.4795     -0.9598
6693    0.0003         1.0000        0.9951        52.4808     -0.9625
6694    0.0003         1.0000        0.9951        52.4821     -0.9511
6695    0.0003         1.0000        0.9951        52.4834     -0.9642
6696    0.0003         1.0000        0.9951        52.4847     -0.9592
6697    0.0003         1.0000        0.9951        52.4860     -0.9610
6698    0.0003         1.0000        0.9951        52.4873     -0.9605
6699    0.0003         1.0000        0.9951        52.4886     -0.9622
6700    0.0003         1.0000        0.9951        52.4898     -0.9561
6701    0.0003         1.0000        0.9951        52.4910     -0.9610
6702    0.0003         1.0000        0.9951        52.4922     -0.9566
6703    0.0003         1.0000        0.9951        52.4933     -0.9583
6704    0.0003         1.0000        0.9951        52.4945     -0.9596
6705    0.0003         1.0000        0.9951        52.4957     -0.9596
Epoch    Loss         Train Acc     Test Acc       L2 Norm   Dropout Gap
6706    0.0003         1.0000        0.9951        52.4968     -0.9590
6707    0.0003
              Per-Epoch  Results
                       1.0000
                                 (page  150
                                     0.9951
                                             of 223)
                                                   52.4979     -0.9616
6708    0.0003         1.0000        0.9951        52.4991     -0.9578
6709    0.0003         1.0000        0.9951        52.5001     -0.9578
6710    0.0003         1.0000        0.9951        52.5011     -0.9592
6711    0.0003         1.0000        0.9951        52.5021     -0.9557
6712    0.0003         1.0000        0.9951        52.5031     -0.9602
6713    0.0003         1.0000        0.9951        52.5041     -0.9607
6714    0.0003         1.0000        0.9951        52.5050     -0.9616
6715    0.0003         1.0000        0.9951        52.5060     -0.9590
6716    0.0003         1.0000        0.9951        52.5070     -0.9590
6717    0.0003         1.0000        0.9951        52.5080     -0.9584
6718    0.0003         1.0000        0.9951        52.5090     -0.9622
6719    0.0003         1.0000        0.9951        52.5100     -0.9552
6720    0.0003         1.0000        0.9951        52.5109     -0.9620
6721    0.0003         1.0000        0.9951        52.5118     -0.9586
6722    0.0003         1.0000        0.9951        52.5127     -0.9575
6723    0.0003         1.0000        0.9951        52.5136     -0.9526
6724    0.0003         1.0000        0.9951        52.5145     -0.9613
6725    0.0003         1.0000        0.9951        52.5154     -0.9595
6726    0.0003         1.0000        0.9951        52.5163     -0.9614
6727    0.0003         1.0000        0.9951        52.5171     -0.9590
6728    0.0003         1.0000        0.9951        52.5180     -0.9608
6729    0.0003         1.0000        0.9951        52.5190     -0.9596
6730    0.0003         1.0000        0.9951        52.5199     -0.9610
6731    0.0003         1.0000        0.9951        52.5209     -0.9583
6732    0.0003         1.0000        0.9951        52.5218     -0.9584
6733    0.0003         1.0000        0.9951        52.5228     -0.9596
6734    0.0003         1.0000        0.9951        52.5236     -0.9622
6735    0.0003         1.0000        0.9951        52.5245     -0.9596
6736    0.0003         1.0000        0.9951        52.5254     -0.9602
6737    0.0003         1.0000        0.9951        52.5262     -0.9605
6738    0.0003         1.0000        0.9951        52.5271     -0.9605
6739    0.0003         1.0000        0.9951        52.5280     -0.9576
6740    0.0003         1.0000        0.9951        52.5289     -0.9634
6741    0.0003         1.0000        0.9951        52.5297     -0.9607
6742    0.0003         1.0000        0.9951        52.5307     -0.9587
6743    0.0003         1.0000        0.9951        52.5316     -0.9557
6744    0.0003         1.0000        0.9951        52.5326     -0.9642
6745    0.0003         1.0000        0.9951        52.5336     -0.9579
6746    0.0003         1.0000        0.9951        52.5345     -0.9596
6747    0.0003         1.0000        0.9951        52.5355     -0.9564
6748    0.0003         1.0000        0.9951        52.5364     -0.9599
6749    0.0003         1.0000        0.9951        52.5373     -0.9643
6750    0.0003         1.0000        0.9951        52.5383     -0.9592
Epoch    Loss         Train Acc     Test Acc       L2 Norm   Dropout Gap
6751    0.0003         1.0000        0.9951        52.5391     -0.9581
6752    0.0003
              Per-Epoch  Results
                       1.0000
                                 (page  151
                                     0.9951
                                             of 223)
                                                   52.5400     -0.9576
6753    0.0003         1.0000        0.9951        52.5409     -0.9624
6754    0.0003         1.0000        0.9951        52.5418     -0.9625
6755    0.0003         1.0000        0.9951        52.5427     -0.9648
6756    0.0003         1.0000        0.9951        52.5436     -0.9569
6757    0.0003         1.0000        0.9951        52.5445     -0.9601
6758    0.0003         1.0000        0.9951        52.5455     -0.9624
6759    0.0003         1.0000        0.9951        52.5464     -0.9589
6760    0.0003         1.0000        0.9951        52.5473     -0.9627
6761    0.0003         1.0000        0.9951        52.5483     -0.9611
6762    0.0003         1.0000        0.9951        52.5492     -0.9589
6763    0.0003         1.0000        0.9951        52.5502     -0.9546
6764    0.0003         1.0000        0.9951        52.5512     -0.9589
6765    0.0003         1.0000        0.9951        52.5523     -0.9608
6766    0.0003         1.0000        0.9953        52.5533     -0.9590
6767    0.0003         1.0000        0.9953        52.5542     -0.9587
6768    0.0003         1.0000        0.9953        52.5552     -0.9592
6769    0.0003         1.0000        0.9953        52.5562     -0.9583
6770    0.0003         1.0000        0.9954        52.5572     -0.9564
6771    0.0003         1.0000        0.9954        52.5582     -0.9576
6772    0.0003         1.0000        0.9954        52.5592     -0.9610
6773    0.0003         1.0000        0.9954        52.5601     -0.9570
6774    0.0003         1.0000        0.9954        52.5611     -0.9642
6775    0.0003         1.0000        0.9954        52.5621     -0.9595
6776    0.0003         1.0000        0.9954        52.5630     -0.9627
6777    0.0003         1.0000        0.9954        52.5640     -0.9624
6778    0.0003         1.0000        0.9954        52.5650     -0.9611
6779    0.0003         1.0000        0.9954        52.5660     -0.9617
6780    0.0003         1.0000        0.9954        52.5670     -0.9583
6781    0.0003         1.0000        0.9954        52.5680     -0.9573
6782    0.0003         1.0000        0.9954        52.5690     -0.9555
6783    0.0003         1.0000        0.9954        52.5699     -0.9566
6784    0.0003         1.0000        0.9954        52.5708     -0.9587
6785    0.0003         1.0000        0.9954        52.5718     -0.9616
6786    0.0003         1.0000        0.9954        52.5727     -0.9605
6787    0.0003         1.0000        0.9954        52.5736     -0.9602
6788    0.0003         1.0000        0.9954        52.5746     -0.9596
6789    0.0003         1.0000        0.9954        52.5755     -0.9595
6790    0.0003         1.0000        0.9954        52.5765     -0.9613
6791    0.0003         1.0000        0.9954        52.5774     -0.9579
6792    0.0003         1.0000        0.9954        52.5784     -0.9573
6793    0.0003         1.0000        0.9954        52.5794     -0.9549
6794    0.0003         1.0000        0.9954        52.5803     -0.9572
6795    0.0003         1.0000        0.9954        52.5813     -0.9561
Epoch    Loss         Train Acc     Test Acc       L2 Norm   Dropout Gap
6796    0.0003         1.0000        0.9954        52.5822     -0.9604
6797    0.0003
              Per-Epoch  Results
                       1.0000
                                 (page  152
                                     0.9954
                                             of 223)
                                                   52.5832     -0.9564
6798    0.0003         1.0000        0.9954        52.5841     -0.9630
6799    0.0003         1.0000        0.9954        52.5851     -0.9613
6800    0.0003         1.0000        0.9954        52.5861     -0.9581
6801    0.0003         1.0000        0.9954        52.5870     -0.9572
6802    0.0003         1.0000        0.9954        52.5879     -0.9627
6803    0.0003         1.0000        0.9954        52.5889     -0.9558
6804    0.0003         1.0000        0.9954        52.5898     -0.9614
6805    0.0003         1.0000        0.9954        52.5908     -0.9579
6806    0.0003         1.0000        0.9954        52.5918     -0.9617
6807    0.0003         1.0000        0.9954        52.5928     -0.9589
6808    0.0003         1.0000        0.9954        52.5938     -0.9586
6809    0.0003         1.0000        0.9954        52.5948     -0.9610
6810    0.0003         1.0000        0.9954        52.5958     -0.9581
6811    0.0003         1.0000        0.9954        52.5968     -0.9596
6812    0.0003         1.0000        0.9954        52.5978     -0.9590
6813    0.0003         1.0000        0.9954        52.5987     -0.9569
6814    0.0003         1.0000        0.9954        52.5997     -0.9614
6815    0.0003         1.0000        0.9954        52.6007     -0.9593
6816    0.0003         1.0000        0.9954        52.6016     -0.9620
6817    0.0003         1.0000        0.9954        52.6026     -0.9589
6818    0.0003         1.0000        0.9954        52.6036     -0.9592
6819    0.0003         1.0000        0.9954        52.6046     -0.9592
6820    0.0003         1.0000        0.9954        52.6056     -0.9576
6821    0.0003         1.0000        0.9954        52.6066     -0.9557
6822    0.0003         1.0000        0.9954        52.6076     -0.9584
6823    0.0003         1.0000        0.9954        52.6085     -0.9602
6824    0.0003         1.0000        0.9954        52.6095     -0.9605
6825    0.0003         1.0000        0.9954        52.6105     -0.9620
6826    0.0003         1.0000        0.9954        52.6115     -0.9617
6827    0.0003         1.0000        0.9954        52.6125     -0.9610
6828    0.0003         1.0000        0.9954        52.6135     -0.9677
6829    0.0003         1.0000        0.9954        52.6144     -0.9551
6830    0.0003         1.0000        0.9954        52.6154     -0.9570
6831    0.0003         1.0000        0.9954        52.6164     -0.9578
6832    0.0003         1.0000        0.9954        52.6173     -0.9583
6833    0.0003         1.0000        0.9954        52.6183     -0.9592
6834    0.0003         1.0000        0.9954        52.6194     -0.9596
6835    0.0003         1.0000        0.9954        52.6204     -0.9583
6836    0.0003         1.0000        0.9954        52.6214     -0.9579
6837    0.0003         1.0000        0.9954        52.6223     -0.9589
6838    0.0003         1.0000        0.9954        52.6233     -0.9575
6839    0.0003         1.0000        0.9954        52.6242     -0.9575
6840    0.0003         1.0000        0.9954        52.6252     -0.9583
Epoch    Loss         Train Acc     Test Acc       L2 Norm   Dropout Gap
6841    0.0003         1.0000        0.9954        52.6261     -0.9595
6842    0.0003
              Per-Epoch  Results
                       1.0000
                                 (page  153
                                     0.9954
                                             of 223)
                                                   52.6270     -0.9613
6843    0.0003         1.0000        0.9954        52.6279     -0.9620
6844    0.0003         1.0000        0.9954        52.6289     -0.9566
6845    0.0003         1.0000        0.9954        52.6299     -0.9590
6846    0.0003         1.0000        0.9954        52.6308     -0.9554
6847    0.0003         1.0000        0.9954        52.6318     -0.9602
6848    0.0003         1.0000        0.9954        52.6328     -0.9614
6849    0.0003         1.0000        0.9954        52.6338     -0.9613
6850    0.0003         1.0000        0.9954        52.6347     -0.9617
6851    0.0003         1.0000        0.9954        52.6356     -0.9604
6852    0.0003         1.0000        0.9954        52.6365     -0.9631
6853    0.0003         1.0000        0.9954        52.6375     -0.9630
6854    0.0003         1.0000        0.9954        52.6385     -0.9587
6855    0.0003         1.0000        0.9954        52.6394     -0.9551
6856    0.0003         1.0000        0.9954        52.6404     -0.9611
6857    0.0003         1.0000        0.9954        52.6414     -0.9596
6858    0.0003         1.0000        0.9954        52.6423     -0.9586
6859    0.0003         1.0000        0.9954        52.6432     -0.9598
6860    0.0003         1.0000        0.9954        52.6442     -0.9587
6861    0.0003         1.0000        0.9954        52.6451     -0.9575
6862    0.0003         1.0000        0.9954        52.6461     -0.9593
6863    0.0003         1.0000        0.9954        52.6470     -0.9602
6864    0.0003         1.0000        0.9954        52.6479     -0.9599
6865    0.0003         1.0000        0.9954        52.6488     -0.9575
6866    0.0003         1.0000        0.9954        52.6497     -0.9566
6867    0.0003         1.0000        0.9954        52.6506     -0.9592
6868    0.0003         1.0000        0.9954        52.6515     -0.9607
6869    0.0003         1.0000        0.9954        52.6525     -0.9572
6870    0.0003         1.0000        0.9954        52.6534     -0.9598
6871    0.0003         1.0000        0.9954        52.6543     -0.9598
6872    0.0003         1.0000        0.9954        52.6552     -0.9583
6873    0.0003         1.0000        0.9954        52.6561     -0.9576
6874    0.0003         1.0000        0.9954        52.6570     -0.9619
6875    0.0003         1.0000        0.9954        52.6579     -0.9581
6876    0.0003         1.0000        0.9954        52.6588     -0.9614
6877    0.0003         1.0000        0.9954        52.6598     -0.9538
6878    0.0003         1.0000        0.9954        52.6607     -0.9607
6879    0.0003         1.0000        0.9954        52.6616     -0.9604
6880    0.0003         1.0000        0.9954        52.6626     -0.9617
6881    0.0003         1.0000        0.9954        52.6635     -0.9599
6882    0.0003         1.0000        0.9954        52.6644     -0.9584
6883    0.0003         1.0000        0.9954        52.6653     -0.9607
6884    0.0003         1.0000        0.9954        52.6662     -0.9599
6885    0.0003         1.0000        0.9954        52.6671     -0.9614
Epoch    Loss         Train Acc     Test Acc       L2 Norm   Dropout Gap
6886    0.0003         1.0000        0.9954        52.6680     -0.9610
6887    0.0003
              Per-Epoch  Results
                       1.0000
                                 (page  154
                                     0.9954
                                             of 223)
                                                   52.6689     -0.9617
6888    0.0003         1.0000        0.9954        52.6698     -0.9578
6889    0.0003         1.0000        0.9954        52.6706     -0.9598
6890    0.0003         1.0000        0.9954        52.6715     -0.9584
6891    0.0003         1.0000        0.9954        52.6724     -0.9611
6892    0.0003         1.0000        0.9954        52.6733     -0.9598
6893    0.0003         1.0000        0.9954        52.6741     -0.9575
6894    0.0003         1.0000        0.9954        52.6750     -0.9567
6895    0.0003         1.0000        0.9954        52.6759     -0.9579
6896    0.0003         1.0000        0.9954        52.6767     -0.9569
6897    0.0002         1.0000        0.9954        52.6775     -0.9584
6898    0.0002         1.0000        0.9954        52.6784     -0.9590
6899    0.0002         1.0000        0.9954        52.6792     -0.9616
6900    0.0002         1.0000        0.9954        52.6800     -0.9610
6901    0.0002         1.0000        0.9954        52.6808     -0.9592
6902    0.0002         1.0000        0.9954        52.6815     -0.9558
6903    0.0002         1.0000        0.9954        52.6823     -0.9548
6904    0.0002         1.0000        0.9954        52.6831     -0.9599
6905    0.0002         1.0000        0.9954        52.6839     -0.9579
6906    0.0002         1.0000        0.9954        52.6847     -0.9645
6907    0.0002         1.0000        0.9954        52.6855     -0.9611
6908    0.0002         1.0000        0.9954        52.6863     -0.9602
6909    0.0002         1.0000        0.9954        52.6871     -0.9592
6910    0.0002         1.0000        0.9954        52.6878     -0.9579
6911    0.0002         1.0000        0.9954        52.6886     -0.9589
6912    0.0002         1.0000        0.9954        52.6894     -0.9578
6913    0.0002         1.0000        0.9954        52.6902     -0.9586
6914    0.0002         1.0000        0.9954        52.6909     -0.9602
6915    0.0002         1.0000        0.9954        52.6916     -0.9624
6916    0.0002         1.0000        0.9954        52.6924     -0.9601
6917    0.0002         1.0000        0.9954        52.6931     -0.9551
6918    0.0002         1.0000        0.9954        52.6938     -0.9619
6919    0.0002         1.0000        0.9954        52.6945     -0.9567
6920    0.0002         1.0000        0.9954        52.6953     -0.9564
6921    0.0002         1.0000        0.9954        52.6961     -0.9567
6922    0.0002         1.0000        0.9954        52.6969     -0.9604
6923    0.0002         1.0000        0.9954        52.6976     -0.9596
6924    0.0002         1.0000        0.9954        52.6984     -0.9572
6925    0.0002         1.0000        0.9954        52.6991     -0.9605
6926    0.0002         1.0000        0.9954        52.6998     -0.9578
6927    0.0002         1.0000        0.9954        52.7005     -0.9570
6928    0.0002         1.0000        0.9954        52.7012     -0.9619
6929    0.0002         1.0000        0.9954        52.7019     -0.9589
6930    0.0002         1.0000        0.9954        52.7026     -0.9607
Epoch    Loss         Train Acc     Test Acc       L2 Norm   Dropout Gap
6931    0.0002         1.0000        0.9954        52.7033     -0.9575
6932    0.0002
              Per-Epoch  Results
                       1.0000
                                 (page  155
                                     0.9954
                                             of 223)
                                                   52.7040     -0.9578
6933    0.0002         1.0000        0.9954        52.7048     -0.9616
6934    0.0002         1.0000        0.9954        52.7054     -0.9566
6935    0.0002         1.0000        0.9954        52.7061     -0.9602
6936    0.0002         1.0000        0.9954        52.7068     -0.9578
6937    0.0002         1.0000        0.9954        52.7075     -0.9602
6938    0.0002         1.0000        0.9954        52.7083     -0.9596
6939    0.0002         1.0000        0.9954        52.7090     -0.9617
6940    0.0002         1.0000        0.9954        52.7097     -0.9602
6941    0.0002         1.0000        0.9954        52.7105     -0.9624
6942    0.0002         1.0000        0.9954        52.7112     -0.9596
6943    0.0002         1.0000        0.9954        52.7119     -0.9610
6944    0.0002         1.0000        0.9954        52.7126     -0.9589
6945    0.0002         1.0000        0.9954        52.7133     -0.9579
6946    0.0002         1.0000        0.9954        52.7140     -0.9613
6947    0.0002         1.0000        0.9954        52.7146     -0.9581
6948    0.0002         1.0000        0.9954        52.7153     -0.9628
6949    0.0002         1.0000        0.9954        52.7159     -0.9607
6950    0.0002         1.0000        0.9954        52.7166     -0.9579
6951    0.0002         1.0000        0.9954        52.7173     -0.9601
6952    0.0002         1.0000        0.9954        52.7180     -0.9583
6953    0.0002         1.0000        0.9954        52.7187     -0.9595
6954    0.0002         1.0000        0.9954        52.7193     -0.9589
6955    0.0002         1.0000        0.9954        52.7200     -0.9601
6956    0.0002         1.0000        0.9954        52.7207     -0.9569
6957    0.0002         1.0000        0.9954        52.7213     -0.9607
6958    0.0002         1.0000        0.9954        52.7220     -0.9578
6959    0.0002         1.0000        0.9954        52.7227     -0.9613
6960    0.0002         1.0000        0.9954        52.7233     -0.9614
6961    0.0002         1.0000        0.9954        52.7240     -0.9636
6962    0.0002         1.0000        0.9954        52.7247     -0.9581
6963    0.0002         1.0000        0.9954        52.7253     -0.9614
6964    0.0002         1.0000        0.9954        52.7259     -0.9564
6965    0.0002         1.0000        0.9954        52.7266     -0.9595
6966    0.0002         1.0000        0.9954        52.7272     -0.9639
6967    0.0002         1.0000        0.9954        52.7278     -0.9570
6968    0.0002         1.0000        0.9954        52.7284     -0.9601
6969    0.0002         1.0000        0.9954        52.7291     -0.9583
6970    0.0002         1.0000        0.9954        52.7297     -0.9627
6971    0.0002         1.0000        0.9954        52.7303     -0.9627
6972    0.0002         1.0000        0.9954        52.7310     -0.9576
6973    0.0002         1.0000        0.9954        52.7316     -0.9607
6974    0.0002         1.0000        0.9954        52.7323     -0.9535
6975    0.0002         1.0000        0.9954        52.7329     -0.9575
Epoch    Loss         Train Acc     Test Acc       L2 Norm   Dropout Gap
6976    0.0002         1.0000        0.9954        52.7335     -0.9598
6977    0.0002
              Per-Epoch  Results
                       1.0000
                                 (page  156
                                     0.9954
                                             of 223)
                                                   52.7341     -0.9602
6978    0.0002         1.0000        0.9954        52.7348     -0.9579
6979    0.0002         1.0000        0.9954        52.7354     -0.9595
6980    0.0002         1.0000        0.9954        52.7360     -0.9616
6981    0.0002         1.0000        0.9954        52.7366     -0.9583
6982    0.0002         1.0000        0.9954        52.7372     -0.9569
6983    0.0002         1.0000        0.9954        52.7378     -0.9636
6984    0.0002         1.0000        0.9954        52.7385     -0.9567
6985    0.0002         1.0000        0.9954        52.7391     -0.9583
6986    0.0002         1.0000        0.9954        52.7397     -0.9604
6987    0.0002         1.0000        0.9954        52.7403     -0.9617
6988    0.0002         1.0000        0.9954        52.7409     -0.9592
6989    0.0002         1.0000        0.9954        52.7414     -0.9613
6990    0.0002         1.0000        0.9954        52.7419     -0.9555
6991    0.0002         1.0000        0.9954        52.7424     -0.9630
6992    0.0002         1.0000        0.9954        52.7429     -0.9534
6993    0.0002         1.0000        0.9954        52.7435     -0.9602
6994    0.0002         1.0000        0.9954        52.7441     -0.9607
6995    0.0002         1.0000        0.9954        52.7446     -0.9583
6996    0.0002         1.0000        0.9954        52.7452     -0.9607
6997    0.0002         1.0000        0.9954        52.7457     -0.9610
6998    0.0002         1.0000        0.9954        52.7462     -0.9579
6999    0.0002         1.0000        0.9954        52.7467     -0.9604
7000    0.0002         1.0000        0.9954        52.7472     -0.9579
7001    0.0002         1.0000        0.9954        52.7477     -0.9564
7002    0.0002         1.0000        0.9954        52.7482     -0.9575
7003    0.0002         1.0000        0.9954        52.7487     -0.9576
7004    0.0002         1.0000        0.9954        52.7492     -0.9596
7005    0.0002         1.0000        0.9954        52.7497     -0.9596
7006    0.0002         1.0000        0.9954        52.7502     -0.9613
7007    0.0002         1.0000        0.9954        52.7507     -0.9576
7008    0.0002         1.0000        0.9954        52.7512     -0.9569
7009    0.0002         1.0000        0.9954        52.7517     -0.9604
7010    0.0002         1.0000        0.9954        52.7521     -0.9622
7011    0.0002         1.0000        0.9954        52.7525     -0.9576
7012    0.0002         1.0000        0.9954        52.7529     -0.9578
7013    0.0002         1.0000        0.9954        52.7533     -0.9572
7014    0.0002         1.0000        0.9954        52.7537     -0.9598
7015    0.0002         1.0000        0.9954        52.7542     -0.9598
7016    0.0002         1.0000        0.9954        52.7546     -0.9593
7017    0.0002         1.0000        0.9954        52.7550     -0.9583
7018    0.0002         1.0000        0.9954        52.7554     -0.9596
7019    0.0002         1.0000        0.9954        52.7558     -0.9572
7020    0.0002         1.0000        0.9954        52.7562     -0.9561
Epoch    Loss         Train Acc     Test Acc       L2 Norm   Dropout Gap
7021    0.0002         1.0000        0.9954        52.7566     -0.9592
7022    0.0002
              Per-Epoch  Results
                       1.0000
                                 (page  157
                                     0.9954
                                             of 223)
                                                   52.7570     -0.9595
7023    0.0002         1.0000        0.9954        52.7574     -0.9578
7024    0.0002         1.0000        0.9954        52.7578     -0.9602
7025    0.0002         1.0000        0.9954        52.7582     -0.9569
7026    0.0002         1.0000        0.9954        52.7585     -0.9572
7027    0.0002         1.0000        0.9954        52.7589     -0.9602
7028    0.0002         1.0000        0.9954        52.7593     -0.9601
7029    0.0002         1.0000        0.9954        52.7597     -0.9601
7030    0.0002         1.0000        0.9954        52.7601     -0.9620
7031    0.0002         1.0000        0.9954        52.7605     -0.9601
7032    0.0002         1.0000        0.9954        52.7608     -0.9590
7033    0.0002         1.0000        0.9954        52.7612     -0.9598
7034    0.0002         1.0000        0.9954        52.7615     -0.9598
7035    0.0002         1.0000        0.9954        52.7619     -0.9551
7036    0.0002         1.0000        0.9954        52.7622     -0.9595
7037    0.0002         1.0000        0.9954        52.7626     -0.9595
7038    0.0002         1.0000        0.9954        52.7630     -0.9573
7039    0.0002         1.0000        0.9954        52.7634     -0.9560
7040    0.0002         1.0000        0.9954        52.7637     -0.9563
7041    0.0002         1.0000        0.9954        52.7641     -0.9561
7042    0.0002         1.0000        0.9954        52.7645     -0.9599
7043    0.0002         1.0000        0.9954        52.7648     -0.9596
7044    0.0002         1.0000        0.9954        52.7651     -0.9620
7045    0.0002         1.0000        0.9954        52.7654     -0.9592
7046    0.0002         1.0000        0.9954        52.7658     -0.9620
7047    0.0002         1.0000        0.9954        52.7661     -0.9596
7048    0.0002         1.0000        0.9954        52.7664     -0.9610
7049    0.0002         1.0000        0.9954        52.7668     -0.9590
7050    0.0002         1.0000        0.9954        52.7671     -0.9566
7051    0.0002         1.0000        0.9954        52.7674     -0.9534
7052    0.0002         1.0000        0.9954        52.7677     -0.9584
7053    0.0002         1.0000        0.9954        52.7680     -0.9570
7054    0.0002         1.0000        0.9954        52.7682     -0.9622
7055    0.0002         1.0000        0.9954        52.7686     -0.9617
7056    0.0002         1.0000        0.9954        52.7689     -0.9611
7057    0.0002         1.0000        0.9954        52.7692     -0.9595
7058    0.0002         1.0000        0.9954        52.7695     -0.9555
7059    0.0002         1.0000        0.9954        52.7698     -0.9620
7060    0.0002         1.0000        0.9954        52.7700     -0.9604
7061    0.0002         1.0000        0.9954        52.7703     -0.9631
7062    0.0002         1.0000        0.9954        52.7705     -0.9607
7063    0.0002         1.0000        0.9954        52.7708     -0.9575
7064    0.0002         1.0000        0.9954        52.7710     -0.9599
7065    0.0002         1.0000        0.9954        52.7713     -0.9613
Epoch    Loss         Train Acc     Test Acc       L2 Norm   Dropout Gap
7066    0.0002         1.0000        0.9954        52.7715     -0.9587
7067    0.0002
              Per-Epoch  Results
                       1.0000
                                 (page  158
                                     0.9954
                                             of 223)
                                                   52.7718     -0.9631
7068    0.0002         1.0000        0.9954        52.7720     -0.9595
7069    0.0002         1.0000        0.9954        52.7723     -0.9584
7070    0.0002         1.0000        0.9954        52.7725     -0.9614
7071    0.0002         1.0000        0.9954        52.7727     -0.9607
7072    0.0002         1.0000        0.9954        52.7730     -0.9586
7073    0.0002         1.0000        0.9954        52.7733     -0.9627
7074    0.0002         1.0000        0.9954        52.7735     -0.9569
7075    0.0002         1.0000        0.9954        52.7737     -0.9610
7076    0.0002         1.0000        0.9954        52.7740     -0.9555
7077    0.0002         1.0000        0.9954        52.7742     -0.9549
7078    0.0002         1.0000        0.9954        52.7744     -0.9583
7079    0.0002         1.0000        0.9954        52.7747     -0.9573
7080    0.0002         1.0000        0.9954        52.7749     -0.9576
7081    0.0002         1.0000        0.9954        52.7751     -0.9576
7082    0.0002         1.0000        0.9954        52.7753     -0.9584
7083    0.0002         1.0000        0.9954        52.7754     -0.9614
7084    0.0002         1.0000        0.9954        52.7756     -0.9634
7085    0.0002         1.0000        0.9954        52.7758     -0.9595
7086    0.0002         1.0000        0.9954        52.7760     -0.9575
7087    0.0002         1.0000        0.9954        52.7762     -0.9557
7088    0.0002         1.0000        0.9954        52.7763     -0.9630
7089    0.0002         1.0000        0.9954        52.7765     -0.9592
7090    0.0002         1.0000        0.9954        52.7767     -0.9572
7091    0.0002         1.0000        0.9954        52.7769     -0.9610
7092    0.0002         1.0000        0.9954        52.7770     -0.9598
7093    0.0002         1.0000        0.9954        52.7772     -0.9617
7094    0.0002         1.0000        0.9954        52.7773     -0.9620
7095    0.0002         1.0000        0.9954        52.7775     -0.9561
7096    0.0002         1.0000        0.9954        52.7775     -0.9605
7097    0.0002         1.0000        0.9954        52.7776     -0.9625
7098    0.0002         1.0000        0.9954        52.7778     -0.9616
7099    0.0002         1.0000        0.9954        52.7779     -0.9593
7100    0.0002         1.0000        0.9954        52.7780     -0.9607
7101    0.0002         1.0000        0.9954        52.7782     -0.9627
7102    0.0002         1.0000        0.9954        52.7783     -0.9598
7103    0.0002         1.0000        0.9954        52.7784     -0.9617
7104    0.0002         1.0000        0.9954        52.7785     -0.9599
7105    0.0002         1.0000        0.9954        52.7785     -0.9607
7106    0.0002         1.0000        0.9954        52.7786     -0.9584
7107    0.0002         1.0000        0.9954        52.7787     -0.9604
7108    0.0002         1.0000        0.9954        52.7788     -0.9583
7109    0.0002         1.0000        0.9954        52.7789     -0.9599
7110    0.0002         1.0000        0.9954        52.7789     -0.9625
Epoch    Loss         Train Acc     Test Acc       L2 Norm   Dropout Gap
7111    0.0002         1.0000        0.9954        52.7790     -0.9611
7112    0.0002
              Per-Epoch  Results
                       1.0000
                                 (page  159
                                     0.9954
                                             of 223)
                                                   52.7791     -0.9607
7113    0.0002         1.0000        0.9954        52.7792     -0.9595
7114    0.0002         1.0000        0.9954        52.7793     -0.9560
7115    0.0002         1.0000        0.9954        52.7793     -0.9610
7116    0.0002         1.0000        0.9954        52.7794     -0.9602
7117    0.0002         1.0000        0.9954        52.7795     -0.9605
7118    0.0002         1.0000        0.9954        52.7795     -0.9619
7119    0.0002         1.0000        0.9954        52.7795     -0.9563
7120    0.0002         1.0000        0.9954        52.7796     -0.9532
7121    0.0002         1.0000        0.9954        52.7797     -0.9592
7122    0.0002         1.0000        0.9954        52.7797     -0.9601
7123    0.0002         1.0000        0.9954        52.7798     -0.9596
7124    0.0002         1.0000        0.9954        52.7798     -0.9564
7125    0.0002         1.0000        0.9954        52.7798     -0.9611
7126    0.0002         1.0000        0.9954        52.7798     -0.9628
7127    0.0002         1.0000        0.9954        52.7798     -0.9576
7128    0.0002         1.0000        0.9954        52.7799     -0.9573
7129    0.0002         1.0000        0.9954        52.7799     -0.9587
7130    0.0002         1.0000        0.9954        52.7799     -0.9567
7131    0.0002         1.0000        0.9954        52.7799     -0.9555
7132    0.0002         1.0000        0.9954        52.7799     -0.9624
7133    0.0002         1.0000        0.9954        52.7799     -0.9583
7134    0.0002         1.0000        0.9954        52.7800     -0.9572
7135    0.0002         1.0000        0.9954        52.7799     -0.9664
7136    0.0002         1.0000        0.9954        52.7800     -0.9587
7137    0.0002         1.0000        0.9954        52.7799     -0.9593
7138    0.0002         1.0000        0.9954        52.7799     -0.9575
7139    0.0002         1.0000        0.9954        52.7799     -0.9587
7140    0.0002         1.0000        0.9954        52.7799     -0.9576
7141    0.0002         1.0000        0.9954        52.7799     -0.9567
7142    0.0002         1.0000        0.9954        52.7799     -0.9569
7143    0.0002         1.0000        0.9954        52.7799     -0.9581
7144    0.0002         1.0000        0.9954        52.7798     -0.9557
7145    0.0002         1.0000        0.9954        52.7798     -0.9576
7146    0.0002         1.0000        0.9954        52.7797     -0.9592
7147    0.0002         1.0000        0.9954        52.7797     -0.9587
7148    0.0002         1.0000        0.9954        52.7796     -0.9587
7149    0.0002         1.0000        0.9954        52.7796     -0.9575
7150    0.0002         1.0000        0.9954        52.7795     -0.9602
7151    0.0002         1.0000        0.9954        52.7794     -0.9569
7152    0.0002         1.0000        0.9954        52.7793     -0.9563
7153    0.0002         1.0000        0.9954        52.7792     -0.9587
7154    0.0002         1.0000        0.9954        52.7792     -0.9607
7155    0.0002         1.0000        0.9954        52.7791     -0.9607
Epoch    Loss         Train Acc     Test Acc       L2 Norm   Dropout Gap
7156    0.0002         1.0000        0.9954        52.7790     -0.9620
7157    0.0002
              Per-Epoch  Results
                       1.0000
                                 (page  160
                                     0.9954
                                             of 223)
                                                   52.7790     -0.9595
7158    0.0002         1.0000        0.9954        52.7789     -0.9570
7159    0.0002         1.0000        0.9954        52.7788     -0.9587
7160    0.0002         1.0000        0.9954        52.7787     -0.9617
7161    0.0002         1.0000        0.9954        52.7785     -0.9590
7162    0.0002         1.0000        0.9954        52.7784     -0.9587
7163    0.0002         1.0000        0.9954        52.7784     -0.9605
7164    0.0002         1.0000        0.9954        52.7783     -0.9616
7165    0.0002         1.0000        0.9954        52.7782     -0.9599
7166    0.0002         1.0000        0.9954        52.7781     -0.9573
7167    0.0002         1.0000        0.9954        52.7780     -0.9613
7168    0.0002         1.0000        0.9954        52.7778     -0.9620
7169    0.0002         1.0000        0.9954        52.7777     -0.9596
7170    0.0002         1.0000        0.9954        52.7775     -0.9590
7171    0.0002         1.0000        0.9954        52.7774     -0.9578
7172    0.0002         1.0000        0.9954        52.7773     -0.9605
7173    0.0002         1.0000        0.9954        52.7772     -0.9607
7174    0.0002         1.0000        0.9954        52.7771     -0.9561
7175    0.0002         1.0000        0.9954        52.7769     -0.9593
7176    0.0002         1.0000        0.9954        52.7768     -0.9598
7177    0.0002         1.0000        0.9954        52.7766     -0.9630
7178    0.0002         1.0000        0.9954        52.7764     -0.9605
7179    0.0002         1.0000        0.9954        52.7763     -0.9595
7180    0.0002         1.0000        0.9954        52.7762     -0.9575
7181    0.0002         1.0000        0.9954        52.7760     -0.9589
7182    0.0002         1.0000        0.9954        52.7759     -0.9602
7183    0.0002         1.0000        0.9954        52.7757     -0.9619
7184    0.0002         1.0000        0.9954        52.7756     -0.9557
7185    0.0002         1.0000        0.9954        52.7754     -0.9596
7186    0.0002         1.0000        0.9954        52.7752     -0.9604
7187    0.0002         1.0000        0.9954        52.7750     -0.9566
7188    0.0002         1.0000        0.9954        52.7748     -0.9651
7189    0.0002         1.0000        0.9954        52.7746     -0.9631
7190    0.0002         1.0000        0.9954        52.7744     -0.9601
7191    0.0002         1.0000        0.9954        52.7743     -0.9584
7192    0.0002         1.0000        0.9954        52.7741     -0.9590
7193    0.0002         1.0000        0.9954        52.7739     -0.9579
7194    0.0002         1.0000        0.9954        52.7736     -0.9619
7195    0.0002         1.0000        0.9954        52.7734     -0.9579
7196    0.0002         1.0000        0.9954        52.7732     -0.9620
7197    0.0002         1.0000        0.9954        52.7729     -0.9583
7198    0.0002         1.0000        0.9954        52.7727     -0.9614
7199    0.0002         1.0000        0.9954        52.7724     -0.9592
7200    0.0002         1.0000        0.9954        52.7722     -0.9563
Epoch    Loss         Train Acc     Test Acc       L2 Norm   Dropout Gap
7201    0.0002         1.0000        0.9954        52.7720     -0.9572
7202    0.0002
              Per-Epoch  Results
                       1.0000
                                 (page  161
                                     0.9954
                                             of 223)
                                                   52.7717     -0.9611
7203    0.0002         1.0000        0.9954        52.7715     -0.9604
7204    0.0002         1.0000        0.9954        52.7712     -0.9625
7205    0.0002         1.0000        0.9954        52.7710     -0.9573
7206    0.0002         1.0000        0.9954        52.7707     -0.9610
7207    0.0002         1.0000        0.9954        52.7704     -0.9622
7208    0.0002         1.0000        0.9954        52.7702     -0.9543
7209    0.0002         1.0000        0.9954        52.7700     -0.9607
7210    0.0002         1.0000        0.9954        52.7697     -0.9614
7211    0.0002         1.0000        0.9954        52.7695     -0.9613
7212    0.0002         1.0000        0.9954        52.7692     -0.9625
7213    0.0002         1.0000        0.9954        52.7689     -0.9602
7214    0.0002         1.0000        0.9954        52.7687     -0.9551
7215    0.0002         1.0000        0.9954        52.7684     -0.9595
7216    0.0002         1.0000        0.9954        52.7681     -0.9605
7217    0.0002         1.0000        0.9954        52.7678     -0.9617
7218    0.0002         1.0000        0.9954        52.7676     -0.9604
7219    0.0002         1.0000        0.9954        52.7673     -0.9624
7220    0.0002         1.0000        0.9954        52.7670     -0.9604
7221    0.0002         1.0000        0.9954        52.7666     -0.9581
7222    0.0002         1.0000        0.9954        52.7663     -0.9617
7223    0.0002         1.0000        0.9954        52.7660     -0.9604
7224    0.0002         1.0000        0.9954        52.7657     -0.9566
7225    0.0002         1.0000        0.9954        52.7654     -0.9610
7226    0.0002         1.0000        0.9954        52.7651     -0.9548
7227    0.0002         1.0000        0.9954        52.7648     -0.9613
7228    0.0002         1.0000        0.9954        52.7645     -0.9579
7229    0.0002         1.0000        0.9954        52.7641     -0.9614
7230    0.0002         1.0000        0.9954        52.7638     -0.9549
7231    0.0002         1.0000        0.9954        52.7635     -0.9602
7232    0.0002         1.0000        0.9954        52.7631     -0.9604
7233    0.0002         1.0000        0.9954        52.7628     -0.9558
7234    0.0002         1.0000        0.9954        52.7625     -0.9569
7235    0.0002         1.0000        0.9954        52.7622     -0.9581
7236    0.0002         1.0000        0.9954        52.7618     -0.9576
7237    0.0002         1.0000        0.9954        52.7615     -0.9627
7238    0.0002         1.0000        0.9954        52.7611     -0.9620
7239    0.0002         1.0000        0.9954        52.7608     -0.9625
7240    0.0002         1.0000        0.9954        52.7604     -0.9631
7241    0.0002         1.0000        0.9954        52.7601     -0.9634
7242    0.0002         1.0000        0.9954        52.7597     -0.9596
7243    0.0002         1.0000        0.9954        52.7594     -0.9595
7244    0.0002         1.0000        0.9954        52.7590     -0.9605
7245    0.0002         1.0000        0.9954        52.7586     -0.9625
Epoch    Loss         Train Acc     Test Acc       L2 Norm   Dropout Gap
7246    0.0002         1.0000        0.9954        52.7583     -0.9590
7247    0.0002
              Per-Epoch  Results
                       1.0000
                                 (page  162
                                     0.9954
                                             of 223)
                                                   52.7580     -0.9614
7248    0.0002         1.0000        0.9954        52.7576     -0.9596
7249    0.0002         1.0000        0.9954        52.7573     -0.9589
7250    0.0002         1.0000        0.9954        52.7570     -0.9593
7251    0.0002         1.0000        0.9954        52.7566     -0.9605
7252    0.0002         1.0000        0.9954        52.7562     -0.9563
7253    0.0002         1.0000        0.9954        52.7559     -0.9583
7254    0.0002         1.0000        0.9954        52.7555     -0.9646
7255    0.0002         1.0000        0.9954        52.7551     -0.9573
7256    0.0002         1.0000        0.9954        52.7547     -0.9605
7257    0.0002         1.0000        0.9954        52.7544     -0.9587
7258    0.0002         1.0000        0.9954        52.7540     -0.9592
7259    0.0002         1.0000        0.9954        52.7536     -0.9599
7260    0.0002         1.0000        0.9954        52.7532     -0.9586
7261    0.0002         1.0000        0.9954        52.7527     -0.9628
7262    0.0002         1.0000        0.9954        52.7523     -0.9590
7263    0.0002         1.0000        0.9954        52.7519     -0.9564
7264    0.0002         1.0000        0.9954        52.7514     -0.9593
7265    0.0002         1.0000        0.9954        52.7510     -0.9576
7266    0.0002         1.0000        0.9954        52.7505     -0.9573
7267    0.0002         1.0000        0.9954        52.7500     -0.9552
7268    0.0002         1.0000        0.9954        52.7495     -0.9616
7269    0.0002         1.0000        0.9954        52.7490     -0.9601
7270    0.0002         1.0000        0.9954        52.7485     -0.9608
7271    0.0002         1.0000        0.9954        52.7480     -0.9640
7272    0.0002         1.0000        0.9954        52.7475     -0.9619
7273    0.0002         1.0000        0.9954        52.7470     -0.9634
7274    0.0002         1.0000        0.9954        52.7465     -0.9595
7275    0.0002         1.0000        0.9954        52.7460     -0.9614
7276    0.0002         1.0000        0.9954        52.7455     -0.9604
7277    0.0002         1.0000        0.9954        52.7450     -0.9576
7278    0.0002         1.0000        0.9954        52.7444     -0.9589
7279    0.0002         1.0000        0.9954        52.7439     -0.9587
7280    0.0002         1.0000        0.9954        52.7434     -0.9576
7281    0.0002         1.0000        0.9954        52.7429     -0.9627
7282    0.0002         1.0000        0.9954        52.7423     -0.9578
7283    0.0002         1.0000        0.9954        52.7418     -0.9598
7284    0.0002         1.0000        0.9954        52.7413     -0.9586
7285    0.0002         1.0000        0.9954        52.7407     -0.9604
7286    0.0002         1.0000        0.9954        52.7402     -0.9610
7287    0.0002         1.0000        0.9954        52.7397     -0.9633
7288    0.0002         1.0000        0.9954        52.7391     -0.9613
7289    0.0002         1.0000        0.9954        52.7386     -0.9583
7290    0.0002         1.0000        0.9954        52.7381     -0.9617
Epoch    Loss         Train Acc     Test Acc       L2 Norm   Dropout Gap
7291    0.0002         1.0000        0.9954        52.7376     -0.9573
7292    0.0002
              Per-Epoch  Results
                       1.0000
                                 (page  163
                                     0.9954
                                             of 223)
                                                   52.7370     -0.9545
7293    0.0002         1.0000        0.9954        52.7365     -0.9596
7294    0.0002         1.0000        0.9954        52.7360     -0.9561
7295    0.0002         1.0000        0.9954        52.7355     -0.9581
7296    0.0002         1.0000        0.9954        52.7350     -0.9633
7297    0.0002         1.0000        0.9954        52.7345     -0.9596
7298    0.0002         1.0000        0.9954        52.7339     -0.9566
7299    0.0002         1.0000        0.9954        52.7333     -0.9578
7300    0.0002         1.0000        0.9954        52.7327     -0.9592
7301    0.0002         1.0000        0.9954        52.7322     -0.9564
7302    0.0002         1.0000        0.9954        52.7316     -0.9601
7303    0.0002         1.0000        0.9954        52.7311     -0.9598
7304    0.0002         1.0000        0.9954        52.7305     -0.9590
7305    0.0002         1.0000        0.9954        52.7300     -0.9581
7306    0.0002         1.0000        0.9954        52.7294     -0.9564
7307    0.0002         1.0000        0.9954        52.7289     -0.9655
7308    0.0002         1.0000        0.9954        52.7283     -0.9605
7309    0.0002         1.0000        0.9954        52.7278     -0.9595
7310    0.0002         1.0000        0.9954        52.7272     -0.9583
7311    0.0002         1.0000        0.9954        52.7267     -0.9601
7312    0.0002         1.0000        0.9954        52.7261     -0.9579
7313    0.0002         1.0000        0.9954        52.7256     -0.9620
7314    0.0002         1.0000        0.9954        52.7250     -0.9601
7315    0.0002         1.0000        0.9954        52.7244     -0.9634
7316    0.0002         1.0000        0.9954        52.7238     -0.9596
7317    0.0002         1.0000        0.9954        52.7232     -0.9578
7318    0.0002         1.0000        0.9954        52.7226     -0.9579
7319    0.0002         1.0000        0.9954        52.7221     -0.9593
7320    0.0002         1.0000        0.9954        52.7215     -0.9583
7321    0.0002         1.0000        0.9954        52.7210     -0.9596
7322    0.0002         1.0000        0.9954        52.7204     -0.9579
7323    0.0002         1.0000        0.9954        52.7198     -0.9622
7324    0.0002         1.0000        0.9954        52.7192     -0.9636
7325    0.0002         1.0000        0.9954        52.7186     -0.9561
7326    0.0002         1.0000        0.9954        52.7179     -0.9636
7327    0.0002         1.0000        0.9954        52.7173     -0.9607
7328    0.0002         1.0000        0.9954        52.7167     -0.9593
7329    0.0002         1.0000        0.9954        52.7161     -0.9579
7330    0.0002         1.0000        0.9956        52.7155     -0.9637
7331    0.0002         1.0000        0.9956        52.7149     -0.9561
7332    0.0002         1.0000        0.9956        52.7143     -0.9617
7333    0.0002         1.0000        0.9957        52.7137     -0.9592
7334    0.0002         1.0000        0.9957        52.7131     -0.9611
7335    0.0002         1.0000        0.9957        52.7125     -0.9611
Epoch    Loss         Train Acc     Test Acc       L2 Norm   Dropout Gap
7336    0.0002         1.0000        0.9957        52.7118     -0.9654
7337    0.0002
              Per-Epoch  Results
                       1.0000
                                 (page  164
                                     0.9957
                                             of 223)
                                                   52.7112     -0.9613
7338    0.0002         1.0000        0.9957        52.7105     -0.9572
7339    0.0002         1.0000        0.9957        52.7099     -0.9637
7340    0.0002         1.0000        0.9957        52.7092     -0.9610
7341    0.0002         1.0000        0.9957        52.7086     -0.9636
7342    0.0002         1.0000        0.9957        52.7079     -0.9593
7343    0.0002         1.0000        0.9957        52.7073     -0.9645
7344    0.0002         1.0000        0.9957        52.7067     -0.9564
7345    0.0002         1.0000        0.9957        52.7060     -0.9589
7346    0.0002         1.0000        0.9957        52.7053     -0.9625
7347    0.0002         1.0000        0.9957        52.7046     -0.9614
7348    0.0002         1.0000        0.9957        52.7040     -0.9610
7349    0.0002         1.0000        0.9957        52.7033     -0.9610
7350    0.0002         1.0000        0.9957        52.7026     -0.9590
7351    0.0002         1.0000        0.9957        52.7019     -0.9611
7352    0.0002         1.0000        0.9957        52.7012     -0.9567
7353    0.0002         1.0000        0.9957        52.7005     -0.9616
7354    0.0002         1.0000        0.9957        52.6999     -0.9610
7355    0.0002         1.0000        0.9957        52.6992     -0.9675
7356    0.0002         1.0000        0.9957        52.6985     -0.9564
7357    0.0002         1.0000        0.9957        52.6978     -0.9605
7358    0.0002         1.0000        0.9957        52.6971     -0.9610
7359    0.0002         1.0000        0.9957        52.6964     -0.9605
7360    0.0002         1.0000        0.9957        52.6957     -0.9611
7361    0.0002         1.0000        0.9957        52.6950     -0.9607
7362    0.0002         1.0000        0.9957        52.6943     -0.9617
7363    0.0002         1.0000        0.9957        52.6936     -0.9607
7364    0.0002         1.0000        0.9957        52.6929     -0.9576
7365    0.0002         1.0000        0.9957        52.6923     -0.9655
7366    0.0002         1.0000        0.9957        52.6916     -0.9616
7367    0.0002         1.0000        0.9957        52.6909     -0.9575
7368    0.0002         1.0000        0.9957        52.6902     -0.9589
7369    0.0002         1.0000        0.9957        52.6895     -0.9595
7370    0.0002         1.0000        0.9957        52.6888     -0.9561
7371    0.0002         1.0000        0.9957        52.6881     -0.9607
7372    0.0002         1.0000        0.9957        52.6874     -0.9611
7373    0.0002         1.0000        0.9957        52.6867     -0.9601
7374    0.0002         1.0000        0.9957        52.6860     -0.9599
7375    0.0002         1.0000        0.9957        52.6853     -0.9631
7376    0.0002         1.0000        0.9957        52.6846     -0.9610
7377    0.0002         1.0000        0.9957        52.6839     -0.9596
7378    0.0002         1.0000        0.9957        52.6832     -0.9645
7379    0.0002         1.0000        0.9957        52.6825     -0.9619
7380    0.0002         1.0000        0.9957        52.6817     -0.9595
Epoch    Loss         Train Acc     Test Acc       L2 Norm   Dropout Gap
7381    0.0002         1.0000        0.9957        52.6810     -0.9593
7382    0.0002
              Per-Epoch  Results
                       1.0000
                                 (page  165
                                     0.9957
                                             of 223)
                                                   52.6803     -0.9610
7383    0.0002         1.0000        0.9957        52.6797     -0.9595
7384    0.0002         1.0000        0.9957        52.6790     -0.9616
7385    0.0002         1.0000        0.9957        52.6783     -0.9584
7386    0.0002         1.0000        0.9957        52.6775     -0.9584
7387    0.0002         1.0000        0.9957        52.6768     -0.9596
7388    0.0002         1.0000        0.9957        52.6761     -0.9604
7389    0.0002         1.0000        0.9957        52.6753     -0.9599
7390    0.0002         1.0000        0.9957        52.6746     -0.9605
7391    0.0002         1.0000        0.9957        52.6739     -0.9630
7392    0.0002         1.0000        0.9957        52.6732     -0.9627
7393    0.0002         1.0000        0.9957        52.6724     -0.9579
7394    0.0002         1.0000        0.9957        52.6717     -0.9604
7395    0.0002         1.0000        0.9957        52.6709     -0.9604
7396    0.0002         1.0000        0.9957        52.6702     -0.9546
7397    0.0002         1.0000        0.9957        52.6694     -0.9616
7398    0.0002         1.0000        0.9957        52.6687     -0.9570
7399    0.0002         1.0000        0.9957        52.6679     -0.9611
7400    0.0002         1.0000        0.9957        52.6672     -0.9617
7401    0.0002         1.0000        0.9957        52.6665     -0.9567
7402    0.0002         1.0000        0.9957        52.6657     -0.9578
7403    0.0002         1.0000        0.9957        52.6650     -0.9569
7404    0.0002         1.0000        0.9957        52.6642     -0.9613
7405    0.0002         1.0000        0.9957        52.6634     -0.9614
7406    0.0002         1.0000        0.9957        52.6626     -0.9611
7407    0.0002         1.0000        0.9957        52.6619     -0.9602
7408    0.0002         1.0000        0.9957        52.6612     -0.9602
7409    0.0002         1.0000        0.9957        52.6604     -0.9605
7410    0.0002         1.0000        0.9957        52.6596     -0.9576
7411    0.0002         1.0000        0.9957        52.6589     -0.9624
7412    0.0002         1.0000        0.9957        52.6581     -0.9622
7413    0.0002         1.0000        0.9957        52.6573     -0.9637
7414    0.0002         1.0000        0.9957        52.6565     -0.9586
7415    0.0002         1.0000        0.9957        52.6557     -0.9576
7416    0.0002         1.0000        0.9957        52.6549     -0.9668
7417    0.0002         1.0000        0.9957        52.6542     -0.9598
7418    0.0002         1.0000        0.9957        52.6535     -0.9583
7419    0.0002         1.0000        0.9957        52.6527     -0.9619
7420    0.0002         1.0000        0.9957        52.6519     -0.9570
7421    0.0002         1.0000        0.9957        52.6511     -0.9636
7422    0.0002         1.0000        0.9957        52.6503     -0.9605
7423    0.0002         1.0000        0.9957        52.6496     -0.9604
7424    0.0002         1.0000        0.9957        52.6488     -0.9548
7425    0.0002         1.0000        0.9957        52.6480     -0.9578
Epoch    Loss         Train Acc     Test Acc       L2 Norm   Dropout Gap
7426    0.0002         1.0000        0.9957        52.6472     -0.9631
7427    0.0002
              Per-Epoch  Results
                       1.0000
                                 (page  166
                                     0.9957
                                             of 223)
                                                   52.6464     -0.9555
7428    0.0002         1.0000        0.9957        52.6456     -0.9605
7429    0.0002         1.0000        0.9957        52.6448     -0.9627
7430    0.0002         1.0000        0.9957        52.6440     -0.9564
7431    0.0002         1.0000        0.9957        52.6433     -0.9669
7432    0.0002         1.0000        0.9957        52.6425     -0.9627
7433    0.0002         1.0000        0.9957        52.6417     -0.9593
7434    0.0002         1.0000        0.9957        52.6409     -0.9605
7435    0.0002         1.0000        0.9957        52.6401     -0.9646
7436    0.0002         1.0000        0.9957        52.6393     -0.9604
7437    0.0002         1.0000        0.9957        52.6385     -0.9589
7438    0.0002         1.0000        0.9957        52.6376     -0.9592
7439    0.0002         1.0000        0.9957        52.6368     -0.9584
7440    0.0002         1.0000        0.9957        52.6360     -0.9633
7441    0.0002         1.0000        0.9957        52.6352     -0.9596
7442    0.0002         1.0000        0.9957        52.6343     -0.9608
7443    0.0002         1.0000        0.9957        52.6335     -0.9601
7444    0.0002         1.0000        0.9957        52.6326     -0.9599
7445    0.0002         1.0000        0.9957        52.6318     -0.9581
7446    0.0002         1.0000        0.9957        52.6310     -0.9576
7447    0.0002         1.0000        0.9957        52.6302     -0.9589
7448    0.0002         1.0000        0.9957        52.6294     -0.9583
7449    0.0002         1.0000        0.9957        52.6286     -0.9617
7450    0.0002         1.0000        0.9957        52.6277     -0.9561
7451    0.0002         1.0000        0.9957        52.6269     -0.9639
7452    0.0002         1.0000        0.9957        52.6260     -0.9589
7453    0.0002         1.0000        0.9957        52.6252     -0.9622
7454    0.0002         1.0000        0.9957        52.6244     -0.9624
7455    0.0002         1.0000        0.9957        52.6235     -0.9590
7456    0.0002         1.0000        0.9957        52.6227     -0.9575
7457    0.0002         1.0000        0.9957        52.6218     -0.9605
7458    0.0002         1.0000        0.9957        52.6210     -0.9554
7459    0.0002         1.0000        0.9957        52.6202     -0.9575
7460    0.0002         1.0000        0.9957        52.6193     -0.9637
7461    0.0002         1.0000        0.9957        52.6185     -0.9608
7462    0.0002         1.0000        0.9957        52.6176     -0.9634
7463    0.0002         1.0000        0.9957        52.6168     -0.9535
7464    0.0002         1.0000        0.9957        52.6159     -0.9630
7465    0.0002         1.0000        0.9957        52.6151     -0.9619
7466    0.0002         1.0000        0.9957        52.6142     -0.9663
7467    0.0002         1.0000        0.9957        52.6134     -0.9630
7468    0.0002         1.0000        0.9957        52.6125     -0.9636
7469    0.0002         1.0000        0.9957        52.6116     -0.9605
7470    0.0002         1.0000        0.9957        52.6107     -0.9548
Epoch    Loss         Train Acc     Test Acc       L2 Norm   Dropout Gap
7471    0.0002         1.0000        0.9957        52.6098     -0.9619
7472    0.0002
              Per-Epoch  Results
                       1.0000
                                 (page  167
                                     0.9957
                                             of 223)
                                                   52.6089     -0.9640
7473    0.0002         1.0000        0.9957        52.6080     -0.9548
7474    0.0002         1.0000        0.9957        52.6071     -0.9566
7475    0.0002         1.0000        0.9957        52.6062     -0.9601
7476    0.0002         1.0000        0.9957        52.6054     -0.9587
7477    0.0002         1.0000        0.9957        52.6045     -0.9569
7478    0.0002         1.0000        0.9957        52.6036     -0.9637
7479    0.0002         1.0000        0.9957        52.6027     -0.9587
7480    0.0002         1.0000        0.9957        52.6018     -0.9592
7481    0.0002         1.0000        0.9957        52.6009     -0.9622
7482    0.0002         1.0000        0.9957        52.6001     -0.9602
7483    0.0002         1.0000        0.9957        52.5992     -0.9593
7484    0.0002         1.0000        0.9957        52.5983     -0.9642
7485    0.0002         1.0000        0.9957        52.5974     -0.9620
7486    0.0002         1.0000        0.9957        52.5965     -0.9652
7487    0.0002         1.0000        0.9957        52.5956     -0.9601
7488    0.0002         1.0000        0.9957        52.5947     -0.9617
7489    0.0002         1.0000        0.9957        52.5938     -0.9587
7490    0.0002         1.0000        0.9957        52.5929     -0.9613
7491    0.0002         1.0000        0.9957        52.5920     -0.9605
7492    0.0002         1.0000        0.9957        52.5911     -0.9607
7493    0.0002         1.0000        0.9957        52.5902     -0.9617
7494    0.0002         1.0000        0.9957        52.5893     -0.9572
7495    0.0002         1.0000        0.9957        52.5884     -0.9601
7496    0.0002         1.0000        0.9957        52.5875     -0.9584
7497    0.0002         1.0000        0.9957        52.5866     -0.9625
7498    0.0002         1.0000        0.9957        52.5856     -0.9613
7499    0.0002         1.0000        0.9957        52.5847     -0.9611
7500    0.0002         1.0000        0.9957        52.5837     -0.9613
7501    0.0002         1.0000        0.9957        52.5827     -0.9587
7502    0.0002         1.0000        0.9957        52.5817     -0.9601
7503    0.0002         1.0000        0.9957        52.5808     -0.9551
7504    0.0002         1.0000        0.9957        52.5798     -0.9595
7505    0.0002         1.0000        0.9957        52.5789     -0.9628
7506    0.0002         1.0000        0.9957        52.5779     -0.9602
7507    0.0002         1.0000        0.9957        52.5769     -0.9620
7508    0.0002         1.0000        0.9957        52.5759     -0.9601
7509    0.0002         1.0000        0.9957        52.5749     -0.9636
7510    0.0002         1.0000        0.9957        52.5740     -0.9643
7511    0.0002         1.0000        0.9957        52.5730     -0.9573
7512    0.0002         1.0000        0.9957        52.5720     -0.9611
7513    0.0002         1.0000        0.9957        52.5711     -0.9607
7514    0.0002         1.0000        0.9957        52.5702     -0.9607
7515    0.0002         1.0000        0.9957        52.5692     -0.9599
Epoch    Loss         Train Acc     Test Acc       L2 Norm   Dropout Gap
7516    0.0002         1.0000        0.9957        52.5682     -0.9613
7517    0.0002
              Per-Epoch  Results
                       1.0000
                                 (page  168
                                     0.9957
                                             of 223)
                                                   52.5673     -0.9569
7518    0.0002         1.0000        0.9957        52.5663     -0.9637
7519    0.0002         1.0000        0.9957        52.5653     -0.9608
7520    0.0002         1.0000        0.9957        52.5643     -0.9658
7521    0.0002         1.0000        0.9957        52.5633     -0.9602
7522    0.0002         1.0000        0.9957        52.5624     -0.9586
7523    0.0002         1.0000        0.9957        52.5614     -0.9604
7524    0.0002         1.0000        0.9957        52.5604     -0.9560
7525    0.0002         1.0000        0.9957        52.5594     -0.9602
7526    0.0002         1.0000        0.9957        52.5585     -0.9633
7527    0.0002         1.0000        0.9957        52.5575     -0.9605
7528    0.0002         1.0000        0.9957        52.5565     -0.9596
7529    0.0002         1.0000        0.9957        52.5556     -0.9601
7530    0.0002         1.0000        0.9957        52.5546     -0.9614
7531    0.0002         1.0000        0.9957        52.5536     -0.9587
7532    0.0002         1.0000        0.9957        52.5527     -0.9583
7533    0.0002         1.0000        0.9957        52.5517     -0.9587
7534    0.0002         1.0000        0.9957        52.5507     -0.9616
7535    0.0002         1.0000        0.9957        52.5497     -0.9570
7536    0.0002         1.0000        0.9957        52.5488     -0.9617
7537    0.0002         1.0000        0.9957        52.5478     -0.9586
7538    0.0002         1.0000        0.9957        52.5468     -0.9605
7539    0.0002         1.0000        0.9957        52.5458     -0.9610
7540    0.0002         1.0000        0.9957        52.5448     -0.9572
7541    0.0002         1.0000        0.9957        52.5438     -0.9583
7542    0.0002         1.0000        0.9957        52.5428     -0.9587
7543    0.0002         1.0000        0.9957        52.5418     -0.9589
7544    0.0002         1.0000        0.9957        52.5408     -0.9593
7545    0.0002         1.0000        0.9957        52.5398     -0.9620
7546    0.0002         1.0000        0.9957        52.5388     -0.9595
7547    0.0002         1.0000        0.9957        52.5378     -0.9619
7548    0.0002         1.0000        0.9957        52.5368     -0.9567
7549    0.0002         1.0000        0.9957        52.5358     -0.9646
7550    0.0002         1.0000        0.9957        52.5349     -0.9616
7551    0.0002         1.0000        0.9957        52.5339     -0.9598
7552    0.0002         1.0000        0.9957        52.5329     -0.9607
7553    0.0002         1.0000        0.9957        52.5319     -0.9586
7554    0.0002         1.0000        0.9957        52.5309     -0.9637
7555    0.0002         1.0000        0.9957        52.5299     -0.9602
7556    0.0002         1.0000        0.9957        52.5289     -0.9633
7557    0.0002         1.0000        0.9957        52.5279     -0.9579
7558    0.0002         1.0000        0.9957        52.5269     -0.9584
7559    0.0002         1.0000        0.9957        52.5259     -0.9573
7560    0.0002         1.0000        0.9957        52.5249     -0.9593
Epoch    Loss         Train Acc     Test Acc       L2 Norm   Dropout Gap
7561    0.0002         1.0000        0.9957        52.5239     -0.9610
7562    0.0002
              Per-Epoch  Results
                       1.0000
                                 (page  169
                                     0.9957
                                             of 223)
                                                   52.5229     -0.9587
7563    0.0002         1.0000        0.9957        52.5219     -0.9633
7564    0.0002         1.0000        0.9957        52.5209     -0.9589
7565    0.0002         1.0000        0.9957        52.5199     -0.9613
7566    0.0002         1.0000        0.9957        52.5188     -0.9613
7567    0.0002         1.0000        0.9957        52.5178     -0.9581
7568    0.0002         1.0000        0.9957        52.5168     -0.9598
7569    0.0002         1.0000        0.9957        52.5158     -0.9617
7570    0.0002         1.0000        0.9957        52.5148     -0.9589
7571    0.0002         1.0000        0.9957        52.5137     -0.9660
7572    0.0002         1.0000        0.9957        52.5127     -0.9587
7573    0.0002         1.0000        0.9957        52.5117     -0.9599
7574    0.0002         1.0000        0.9957        52.5107     -0.9583
7575    0.0002         1.0000        0.9957        52.5097     -0.9657
7576    0.0002         1.0000        0.9957        52.5087     -0.9598
7577    0.0002         1.0000        0.9957        52.5076     -0.9616
7578    0.0002         1.0000        0.9957        52.5066     -0.9649
7579    0.0002         1.0000        0.9957        52.5056     -0.9592
7580    0.0002         1.0000        0.9957        52.5046     -0.9614
7581    0.0002         1.0000        0.9957        52.5036     -0.9570
7582    0.0002         1.0000        0.9957        52.5025     -0.9613
7583    0.0002         1.0000        0.9957        52.5015     -0.9581
7584    0.0002         1.0000        0.9957        52.5004     -0.9584
7585    0.0002         1.0000        0.9957        52.4993     -0.9616
7586    0.0002         1.0000        0.9957        52.4983     -0.9608
7587    0.0002         1.0000        0.9957        52.4972     -0.9613
7588    0.0002         1.0000        0.9957        52.4962     -0.9616
7589    0.0002         1.0000        0.9957        52.4952     -0.9575
7590    0.0002         1.0000        0.9957        52.4941     -0.9590
7591    0.0002         1.0000        0.9957        52.4931     -0.9599
7592    0.0002         1.0000        0.9957        52.4921     -0.9630
7593    0.0002         1.0000        0.9957        52.4910     -0.9590
7594    0.0002         1.0000        0.9957        52.4900     -0.9561
7595    0.0002         1.0000        0.9957        52.4889     -0.9587
7596    0.0002         1.0000        0.9957        52.4878     -0.9607
7597    0.0002         1.0000        0.9957        52.4867     -0.9614
7598    0.0002         1.0000        0.9957        52.4857     -0.9578
7599    0.0002         1.0000        0.9957        52.4846     -0.9627
7600    0.0002         1.0000        0.9957        52.4836     -0.9611
7601    0.0002         1.0000        0.9957        52.4825     -0.9602
7602    0.0002         1.0000        0.9957        52.4815     -0.9589
7603    0.0002         1.0000        0.9957        52.4804     -0.9611
7604    0.0002         1.0000        0.9957        52.4794     -0.9596
7605    0.0002         1.0000        0.9957        52.4783     -0.9548
Epoch    Loss         Train Acc     Test Acc       L2 Norm   Dropout Gap
7606    0.0002         1.0000        0.9957        52.4773     -0.9598
7607    0.0002
              Per-Epoch  Results
                       1.0000
                                 (page  170
                                     0.9957
                                             of 223)
                                                   52.4762     -0.9564
7608    0.0002         1.0000        0.9957        52.4751     -0.9617
7609    0.0002         1.0000        0.9957        52.4741     -0.9614
7610    0.0002         1.0000        0.9957        52.4730     -0.9599
7611    0.0002         1.0000        0.9957        52.4720     -0.9569
7612    0.0002         1.0000        0.9957        52.4709     -0.9593
7613    0.0002         1.0000        0.9957        52.4699     -0.9567
7614    0.0002         1.0000        0.9957        52.4688     -0.9567
7615    0.0002         1.0000        0.9957        52.4678     -0.9605
7616    0.0002         1.0000        0.9957        52.4667     -0.9561
7617    0.0002         1.0000        0.9957        52.4656     -0.9634
7618    0.0002         1.0000        0.9957        52.4645     -0.9595
7619    0.0002         1.0000        0.9957        52.4635     -0.9566
7620    0.0002         1.0000        0.9957        52.4624     -0.9622
7621    0.0002         1.0000        0.9957        52.4614     -0.9584
7622    0.0002         1.0000        0.9957        52.4603     -0.9625
7623    0.0002         1.0000        0.9957        52.4592     -0.9596
7624    0.0002         1.0000        0.9957        52.4581     -0.9617
7625    0.0002         1.0000        0.9957        52.4570     -0.9584
7626    0.0002         1.0000        0.9957        52.4559     -0.9628
7627    0.0002         1.0000        0.9957        52.4549     -0.9584
7628    0.0002         1.0000        0.9957        52.4538     -0.9592
7629    0.0002         1.0000        0.9957        52.4527     -0.9549
7630    0.0002         1.0000        0.9957        52.4516     -0.9589
7631    0.0002         1.0000        0.9957        52.4505     -0.9616
7632    0.0002         1.0000        0.9957        52.4494     -0.9610
7633    0.0002         1.0000        0.9957        52.4482     -0.9604
7634    0.0002         1.0000        0.9957        52.4472     -0.9614
7635    0.0002         1.0000        0.9957        52.4461     -0.9554
7636    0.0002         1.0000        0.9957        52.4450     -0.9566
7637    0.0002         1.0000        0.9957        52.4439     -0.9627
7638    0.0002         1.0000        0.9957        52.4427     -0.9622
7639    0.0002         1.0000        0.9957        52.4416     -0.9657
7640    0.0002         1.0000        0.9957        52.4404     -0.9579
7641    0.0002         1.0000        0.9957        52.4394     -0.9605
7642    0.0002         1.0000        0.9957        52.4382     -0.9584
7643    0.0002         1.0000        0.9957        52.4371     -0.9613
7644    0.0002         1.0000        0.9957        52.4360     -0.9636
7645    0.0002         1.0000        0.9957        52.4349     -0.9592
7646    0.0002         1.0000        0.9957        52.4338     -0.9604
7647    0.0002         1.0000        0.9957        52.4326     -0.9633
7648    0.0002         1.0000        0.9957        52.4315     -0.9579
7649    0.0002         1.0000        0.9957        52.4304     -0.9637
7650    0.0002         1.0000        0.9957        52.4293     -0.9599
Epoch    Loss         Train Acc     Test Acc       L2 Norm   Dropout Gap
7651    0.0002         1.0000        0.9957        52.4282     -0.9576
7652    0.0002
              Per-Epoch  Results
                       1.0000
                                 (page  171
                                     0.9961
                                             of 223)
                                                   52.4271     -0.9607
7653    0.0002         1.0000        0.9961        52.4260     -0.9619
7654    0.0002         1.0000        0.9961        52.4248     -0.9619
7655    0.0002         1.0000        0.9961        52.4237     -0.9617
7656    0.0002         1.0000        0.9961        52.4226     -0.9555
7657    0.0002         1.0000        0.9961        52.4215     -0.9593
7658    0.0002         1.0000        0.9961        52.4203     -0.9620
7659    0.0002         1.0000        0.9961        52.4192     -0.9617
7660    0.0002         1.0000        0.9961        52.4181     -0.9607
7661    0.0002         1.0000        0.9961        52.4170     -0.9581
7662    0.0002         1.0000        0.9961        52.4159     -0.9583
7663    0.0002         1.0000        0.9961        52.4147     -0.9627
7664    0.0002         1.0000        0.9961        52.4136     -0.9604
7665    0.0002         1.0000        0.9961        52.4124     -0.9599
7666    0.0002         1.0000        0.9961        52.4113     -0.9593
7667    0.0002         1.0000        0.9961        52.4102     -0.9620
7668    0.0002         1.0000        0.9961        52.4091     -0.9596
7669    0.0002         1.0000        0.9961        52.4079     -0.9643
7670    0.0002         1.0000        0.9961        52.4068     -0.9613
7671    0.0002         1.0000        0.9961        52.4056     -0.9622
7672    0.0002         1.0000        0.9961        52.4045     -0.9608
7673    0.0002         1.0000        0.9961        52.4034     -0.9575
7674    0.0002         1.0000        0.9961        52.4023     -0.9630
7675    0.0002         1.0000        0.9961        52.4011     -0.9649
7676    0.0002         1.0000        0.9961        52.4000     -0.9614
7677    0.0002         1.0000        0.9961        52.3988     -0.9573
7678    0.0002         1.0000        0.9961        52.3977     -0.9605
7679    0.0002         1.0000        0.9961        52.3965     -0.9620
7680    0.0002         1.0000        0.9961        52.3954     -0.9604
7681    0.0002         1.0000        0.9961        52.3942     -0.9602
7682    0.0002         1.0000        0.9961        52.3931     -0.9607
7683    0.0002         1.0000        0.9961        52.3919     -0.9583
7684    0.0002         1.0000        0.9961        52.3907     -0.9593
7685    0.0002         1.0000        0.9961        52.3896     -0.9592
7686    0.0002         1.0000        0.9961        52.3884     -0.9558
7687    0.0002         1.0000        0.9961        52.3872     -0.9601
7688    0.0002         1.0000        0.9961        52.3861     -0.9598
7689    0.0002         1.0000        0.9961        52.3849     -0.9631
7690    0.0002         1.0000        0.9961        52.3838     -0.9596
7691    0.0002         1.0000        0.9961        52.3826     -0.9642
7692    0.0002         1.0000        0.9961        52.3815     -0.9643
7693    0.0002         1.0000        0.9961        52.3803     -0.9625
7694    0.0002         1.0000        0.9961        52.3792     -0.9573
7695    0.0002         1.0000        0.9961        52.3780     -0.9614
Epoch    Loss         Train Acc     Test Acc       L2 Norm   Dropout Gap
7696    0.0002         1.0000        0.9961        52.3768     -0.9613
7697    0.0002
              Per-Epoch  Results
                       1.0000
                                 (page  172
                                     0.9961
                                             of 223)
                                                   52.3757     -0.9617
7698    0.0002         1.0000        0.9961        52.3745     -0.9567
7699    0.0002         1.0000        0.9961        52.3734     -0.9613
7700    0.0002         1.0000        0.9961        52.3722     -0.9608
7701    0.0002         1.0000        0.9961        52.3710     -0.9616
7702    0.0002         1.0000        0.9961        52.3698     -0.9633
7703    0.0002         1.0000        0.9961        52.3686     -0.9540
7704    0.0002         1.0000        0.9961        52.3674     -0.9610
7705    0.0002         1.0000        0.9961        52.3662     -0.9579
7706    0.0002         1.0000        0.9961        52.3651     -0.9607
7707    0.0002         1.0000        0.9961        52.3639     -0.9643
7708    0.0002         1.0000        0.9961        52.3627     -0.9630
7709    0.0002         1.0000        0.9961        52.3616     -0.9602
7710    0.0002         1.0000        0.9961        52.3604     -0.9584
7711    0.0002         1.0000        0.9961        52.3592     -0.9610
7712    0.0002         1.0000        0.9961        52.3580     -0.9630
7713    0.0002         1.0000        0.9961        52.3568     -0.9570
7714    0.0002         1.0000        0.9961        52.3556     -0.9610
7715    0.0002         1.0000        0.9961        52.3544     -0.9542
7716    0.0002         1.0000        0.9961        52.3532     -0.9616
7717    0.0002         1.0000        0.9961        52.3521     -0.9608
7718    0.0002         1.0000        0.9961        52.3509     -0.9613
7719    0.0002         1.0000        0.9961        52.3497     -0.9631
7720    0.0002         1.0000        0.9961        52.3485     -0.9620
7721    0.0002         1.0000        0.9961        52.3473     -0.9611
7722    0.0002         1.0000        0.9961        52.3461     -0.9584
7723    0.0002         1.0000        0.9961        52.3450     -0.9654
7724    0.0002         1.0000        0.9961        52.3438     -0.9596
7725    0.0002         1.0000        0.9961        52.3426     -0.9595
7726    0.0002         1.0000        0.9961        52.3414     -0.9605
7727    0.0002         1.0000        0.9961        52.3402     -0.9617
7728    0.0002         1.0000        0.9961        52.3389     -0.9620
7729    0.0002         1.0000        0.9961        52.3377     -0.9598
7730    0.0002         1.0000        0.9961        52.3365     -0.9602
7731    0.0002         1.0000        0.9961        52.3353     -0.9596
7732    0.0002         1.0000        0.9961        52.3342     -0.9628
7733    0.0002         1.0000        0.9961        52.3330     -0.9573
7734    0.0002         1.0000        0.9961        52.3318     -0.9570
7735    0.0002         1.0000        0.9961        52.3306     -0.9614
7736    0.0002         1.0000        0.9961        52.3294     -0.9624
7737    0.0002         1.0000        0.9961        52.3282     -0.9637
7738    0.0002         1.0000        0.9961        52.3270     -0.9616
7739    0.0002         1.0000        0.9961        52.3257     -0.9589
7740    0.0002         1.0000        0.9961        52.3245     -0.9596
Epoch    Loss         Train Acc     Test Acc       L2 Norm   Dropout Gap
7741    0.0002         1.0000        0.9961        52.3232     -0.9602
7742    0.0002
              Per-Epoch  Results
                       1.0000
                                 (page  173
                                     0.9961
                                             of 223)
                                                   52.3220     -0.9604
7743    0.0002         1.0000        0.9961        52.3207     -0.9624
7744    0.0002         1.0000        0.9961        52.3195     -0.9652
7745    0.0002         1.0000        0.9961        52.3183     -0.9628
7746    0.0002         1.0000        0.9961        52.3170     -0.9613
7747    0.0002         1.0000        0.9961        52.3158     -0.9592
7748    0.0002         1.0000        0.9961        52.3146     -0.9590
7749    0.0002         1.0000        0.9961        52.3133     -0.9625
7750    0.0002         1.0000        0.9961        52.3121     -0.9584
7751    0.0002         1.0000        0.9961        52.3109     -0.9598
7752    0.0002         1.0000        0.9961        52.3096     -0.9617
7753    0.0002         1.0000        0.9961        52.3084     -0.9622
7754    0.0002         1.0000        0.9961        52.3071     -0.9595
7755    0.0002         1.0000        0.9961        52.3058     -0.9613
7756    0.0002         1.0000        0.9961        52.3046     -0.9642
7757    0.0002         1.0000        0.9961        52.3034     -0.9581
7758    0.0002         1.0000        0.9961        52.3021     -0.9601
7759    0.0002         1.0000        0.9961        52.3009     -0.9648
7760    0.0002         1.0000        0.9961        52.2997     -0.9613
7761    0.0002         1.0000        0.9961        52.2984     -0.9537
7762    0.0002         1.0000        0.9961        52.2972     -0.9633
7763    0.0002         1.0000        0.9961        52.2959     -0.9611
7764    0.0002         1.0000        0.9961        52.2946     -0.9639
7765    0.0002         1.0000        0.9961        52.2934     -0.9575
7766    0.0002         1.0000        0.9961        52.2921     -0.9639
7767    0.0002         1.0000        0.9961        52.2908     -0.9624
7768    0.0002         1.0000        0.9961        52.2896     -0.9620
7769    0.0002         1.0000        0.9961        52.2883     -0.9616
7770    0.0002         1.0000        0.9961        52.2871     -0.9560
7771    0.0002         1.0000        0.9961        52.2858     -0.9628
7772    0.0002         1.0000        0.9961        52.2846     -0.9578
7773    0.0002         1.0000        0.9961        52.2833     -0.9601
7774    0.0002         1.0000        0.9961        52.2820     -0.9607
7775    0.0002         1.0000        0.9961        52.2807     -0.9595
7776    0.0002         1.0000        0.9961        52.2794     -0.9636
7777    0.0002         1.0000        0.9961        52.2782     -0.9567
7778    0.0002         1.0000        0.9961        52.2769     -0.9610
7779    0.0002         1.0000        0.9961        52.2756     -0.9646
7780    0.0002         1.0000        0.9961        52.2743     -0.9616
7781    0.0002         1.0000        0.9961        52.2731     -0.9617
7782    0.0002         1.0000        0.9961        52.2718     -0.9593
7783    0.0002         1.0000        0.9961        52.2705     -0.9586
7784    0.0002         1.0000        0.9961        52.2692     -0.9590
7785    0.0002         1.0000        0.9961        52.2679     -0.9613
Epoch    Loss         Train Acc     Test Acc       L2 Norm   Dropout Gap
7786    0.0002         1.0000        0.9961        52.2666     -0.9579
7787    0.0002
              Per-Epoch  Results
                       1.0000
                                 (page  174
                                     0.9961
                                             of 223)
                                                   52.2653     -0.9613
7788    0.0002         1.0000        0.9961        52.2640     -0.9660
7789    0.0002         1.0000        0.9961        52.2627     -0.9613
7790    0.0002         1.0000        0.9961        52.2614     -0.9628
7791    0.0002         1.0000        0.9961        52.2602     -0.9637
7792    0.0002         1.0000        0.9961        52.2589     -0.9592
7793    0.0002         1.0000        0.9961        52.2576     -0.9584
7794    0.0002         1.0000        0.9961        52.2563     -0.9617
7795    0.0002         1.0000        0.9961        52.2550     -0.9651
7796    0.0002         1.0000        0.9961        52.2537     -0.9604
7797    0.0002         1.0000        0.9961        52.2524     -0.9622
7798    0.0002         1.0000        0.9961        52.2511     -0.9608
7799    0.0002         1.0000        0.9961        52.2498     -0.9614
7800    0.0002         1.0000        0.9961        52.2485     -0.9581
7801    0.0002         1.0000        0.9961        52.2473     -0.9590
7802    0.0002         1.0000        0.9961        52.2460     -0.9607
7803    0.0002         1.0000        0.9961        52.2447     -0.9598
7804    0.0002         1.0000        0.9961        52.2434     -0.9576
7805    0.0002         1.0000        0.9961        52.2421     -0.9616
7806    0.0002         1.0000        0.9961        52.2408     -0.9593
7807    0.0002         1.0000        0.9961        52.2395     -0.9616
7808    0.0002         1.0000        0.9961        52.2381     -0.9602
7809    0.0002         1.0000        0.9961        52.2368     -0.9637
7810    0.0002         1.0000        0.9961        52.2355     -0.9614
7811    0.0002         1.0000        0.9961        52.2342     -0.9636
7812    0.0002         1.0000        0.9961        52.2328     -0.9587
7813    0.0002         1.0000        0.9961        52.2315     -0.9639
7814    0.0002         1.0000        0.9961        52.2302     -0.9619
7815    0.0002         1.0000        0.9961        52.2289     -0.9630
7816    0.0002         1.0000        0.9961        52.2276     -0.9633
7817    0.0002         1.0000        0.9961        52.2263     -0.9595
7818    0.0002         1.0000        0.9961        52.2250     -0.9637
7819    0.0002         1.0000        0.9961        52.2237     -0.9614
7820    0.0002         1.0000        0.9961        52.2224     -0.9601
7821    0.0002         1.0000        0.9961        52.2211     -0.9604
7822    0.0002         1.0000        0.9961        52.2197     -0.9627
7823    0.0002         1.0000        0.9961        52.2184     -0.9590
7824    0.0002         1.0000        0.9961        52.2171     -0.9604
7825    0.0002         1.0000        0.9961        52.2158     -0.9655
7826    0.0002         1.0000        0.9961        52.2144     -0.9608
7827    0.0002         1.0000        0.9961        52.2131     -0.9633
7828    0.0002         1.0000        0.9961        52.2118     -0.9605
7829    0.0002         1.0000        0.9961        52.2105     -0.9593
7830    0.0002         1.0000        0.9961        52.2092     -0.9602
Epoch    Loss         Train Acc     Test Acc       L2 Norm   Dropout Gap
7831    0.0002         1.0000        0.9961        52.2078     -0.9590
7832    0.0002
              Per-Epoch  Results
                       1.0000
                                 (page  175
                                     0.9961
                                             of 223)
                                                   52.2065     -0.9617
7833    0.0002         1.0000        0.9961        52.2052     -0.9576
7834    0.0002         1.0000        0.9961        52.2039     -0.9627
7835    0.0002         1.0000        0.9961        52.2025     -0.9570
7836    0.0002         1.0000        0.9961        52.2012     -0.9624
7837    0.0002         1.0000        0.9961        52.1999     -0.9589
7838    0.0002         1.0000        0.9961        52.1986     -0.9634
7839    0.0002         1.0000        0.9961        52.1972     -0.9628
7840    0.0002         1.0000        0.9961        52.1959     -0.9581
7841    0.0002         1.0000        0.9961        52.1946     -0.9643
7842    0.0002         1.0000        0.9961        52.1932     -0.9651
7843    0.0002         1.0000        0.9961        52.1919     -0.9645
7844    0.0002         1.0000        0.9961        52.1906     -0.9616
7845    0.0002         1.0000        0.9961        52.1892     -0.9584
7846    0.0002         1.0000        0.9961        52.1879     -0.9589
7847    0.0002         1.0000        0.9961        52.1865     -0.9611
7848    0.0002         1.0000        0.9961        52.1852     -0.9579
7849    0.0002         1.0000        0.9961        52.1838     -0.9602
7850    0.0002         1.0000        0.9961        52.1825     -0.9616
7851    0.0002         1.0000        0.9961        52.1811     -0.9607
7852    0.0002         1.0000        0.9961        52.1798     -0.9596
7853    0.0002         1.0000        0.9961        52.1784     -0.9624
7854    0.0002         1.0000        0.9961        52.1771     -0.9596
7855    0.0002         1.0000        0.9961        52.1757     -0.9617
7856    0.0002         1.0000        0.9961        52.1743     -0.9639
7857    0.0002         1.0000        0.9961        52.1730     -0.9619
7858    0.0002         1.0000        0.9961        52.1716     -0.9614
7859    0.0002         1.0000        0.9961        52.1703     -0.9567
7860    0.0002         1.0000        0.9961        52.1689     -0.9589
7861    0.0002         1.0000        0.9961        52.1675     -0.9624
7862    0.0002         1.0000        0.9961        52.1661     -0.9583
7863    0.0002         1.0000        0.9961        52.1648     -0.9587
7864    0.0002         1.0000        0.9961        52.1634     -0.9666
7865    0.0002         1.0000        0.9961        52.1621     -0.9583
7866    0.0002         1.0000        0.9961        52.1607     -0.9586
7867    0.0002         1.0000        0.9961        52.1593     -0.9610
7868    0.0002         1.0000        0.9961        52.1579     -0.9633
7869    0.0002         1.0000        0.9961        52.1565     -0.9584
7870    0.0002         1.0000        0.9961        52.1552     -0.9617
7871    0.0002         1.0000        0.9961        52.1538     -0.9608
7872    0.0002         1.0000        0.9961        52.1524     -0.9614
7873    0.0002         1.0000        0.9961        52.1510     -0.9643
7874    0.0002         1.0000        0.9961        52.1496     -0.9517
7875    0.0002         1.0000        0.9961        52.1482     -0.9610
Epoch    Loss         Train Acc     Test Acc       L2 Norm   Dropout Gap
7876    0.0002         1.0000        0.9961        52.1469     -0.9554
7877    0.0002
              Per-Epoch  Results
                       1.0000
                                 (page  176
                                     0.9961
                                             of 223)
                                                   52.1455     -0.9611
7878    0.0002         1.0000        0.9961        52.1441     -0.9620
7879    0.0002         1.0000        0.9961        52.1427     -0.9672
7880    0.0002         1.0000        0.9961        52.1413     -0.9584
7881    0.0002         1.0000        0.9961        52.1399     -0.9593
7882    0.0002         1.0000        0.9961        52.1385     -0.9630
7883    0.0002         1.0000        0.9961        52.1371     -0.9601
7884    0.0002         1.0000        0.9961        52.1357     -0.9624
7885    0.0002         1.0000        0.9961        52.1342     -0.9627
7886    0.0002         1.0000        0.9961        52.1328     -0.9593
7887    0.0002         1.0000        0.9961        52.1314     -0.9608
7888    0.0002         1.0000        0.9961        52.1300     -0.9616
7889    0.0002         1.0000        0.9961        52.1286     -0.9578
7890    0.0002         1.0000        0.9961        52.1272     -0.9566
7891    0.0002         1.0000        0.9961        52.1257     -0.9575
7892    0.0002         1.0000        0.9961        52.1243     -0.9605
7893    0.0002         1.0000        0.9961        52.1228     -0.9602
7894    0.0002         1.0000        0.9961        52.1213     -0.9569
7895    0.0002         1.0000        0.9961        52.1199     -0.9613
7896    0.0002         1.0000        0.9961        52.1185     -0.9593
7897    0.0002         1.0000        0.9961        52.1171     -0.9604
7898    0.0002         1.0000        0.9961        52.1156     -0.9564
7899    0.0002         1.0000        0.9961        52.1142     -0.9586
7900    0.0002         1.0000        0.9961        52.1128     -0.9584
7901    0.0002         1.0000        0.9961        52.1114     -0.9558
7902    0.0002         1.0000        0.9961        52.1099     -0.9630
7903    0.0002         1.0000        0.9961        52.1085     -0.9631
7904    0.0002         1.0000        0.9961        52.1070     -0.9601
7905    0.0002         1.0000        0.9961        52.1055     -0.9630
7906    0.0002         1.0000        0.9961        52.1041     -0.9633
7907    0.0002         1.0000        0.9961        52.1027     -0.9593
7908    0.0002         1.0000        0.9961        52.1013     -0.9608
7909    0.0002         1.0000        0.9961        52.0998     -0.9598
7910    0.0002         1.0000        0.9961        52.0984     -0.9573
7911    0.0002         1.0000        0.9961        52.0970     -0.9637
7912    0.0002         1.0000        0.9961        52.0955     -0.9613
7913    0.0002         1.0000        0.9961        52.0941     -0.9654
7914    0.0002         1.0000        0.9961        52.0926     -0.9599
7915    0.0002         1.0000        0.9961        52.0912     -0.9596
7916    0.0002         1.0000        0.9961        52.0897     -0.9570
7917    0.0002         1.0000        0.9961        52.0882     -0.9637
7918    0.0002         1.0000        0.9961        52.0868     -0.9557
7919    0.0002         1.0000        0.9961        52.0853     -0.9630
7920    0.0002         1.0000        0.9961        52.0839     -0.9631
Epoch    Loss         Train Acc     Test Acc       L2 Norm   Dropout Gap
7921    0.0002         1.0000        0.9961        52.0825     -0.9601
7922    0.0002
              Per-Epoch  Results
                       1.0000
                                 (page  177
                                     0.9961
                                             of 223)
                                                   52.0810     -0.9625
7923    0.0002         1.0000        0.9961        52.0796     -0.9633
7924    0.0002         1.0000        0.9961        52.0781     -0.9584
7925    0.0002         1.0000        0.9961        52.0766     -0.9616
7926    0.0002         1.0000        0.9961        52.0751     -0.9607
7927    0.0002         1.0000        0.9961        52.0737     -0.9605
7928    0.0002         1.0000        0.9961        52.0722     -0.9634
7929    0.0002         1.0000        0.9961        52.0708     -0.9595
7930    0.0002         1.0000        0.9961        52.0694     -0.9601
7931    0.0002         1.0000        0.9961        52.0679     -0.9645
7932    0.0002         1.0000        0.9961        52.0665     -0.9604
7933    0.0002         1.0000        0.9961        52.0651     -0.9616
7934    0.0002         1.0000        0.9961        52.0637     -0.9627
7935    0.0002         1.0000        0.9961        52.0622     -0.9660
7936    0.0002         1.0000        0.9961        52.0608     -0.9584
7937    0.0002         1.0000        0.9961        52.0593     -0.9570
7938    0.0002         1.0000        0.9961        52.0579     -0.9602
7939    0.0002         1.0000        0.9961        52.0564     -0.9608
7940    0.0002         1.0000        0.9961        52.0550     -0.9608
7941    0.0002         1.0000        0.9961        52.0536     -0.9602
7942    0.0002         1.0000        0.9961        52.0521     -0.9617
7943    0.0002         1.0000        0.9961        52.0507     -0.9563
7944    0.0002         1.0000        0.9961        52.0493     -0.9634
7945    0.0002         1.0000        0.9961        52.0478     -0.9581
7946    0.0002         1.0000        0.9961        52.0463     -0.9593
7947    0.0002         1.0000        0.9961        52.0449     -0.9655
7948    0.0002         1.0000        0.9961        52.0435     -0.9572
7949    0.0002         1.0000        0.9961        52.0420     -0.9614
7950    0.0002         1.0000        0.9961        52.0406     -0.9608
7951    0.0002         1.0000        0.9961        52.0392     -0.9608
7952    0.0002         1.0000        0.9961        52.0377     -0.9570
7953    0.0002         1.0000        0.9961        52.0363     -0.9581
7954    0.0002         1.0000        0.9961        52.0348     -0.9616
7955    0.0002         1.0000        0.9961        52.0334     -0.9604
7956    0.0002         1.0000        0.9961        52.0319     -0.9628
7957    0.0002         1.0000        0.9961        52.0305     -0.9569
7958    0.0002         1.0000        0.9961        52.0290     -0.9627
7959    0.0002         1.0000        0.9961        52.0276     -0.9654
7960    0.0002         1.0000        0.9961        52.0261     -0.9616
7961    0.0002         1.0000        0.9961        52.0247     -0.9584
7962    0.0002         1.0000        0.9961        52.0233     -0.9608
7963    0.0002         1.0000        0.9961        52.0219     -0.9576
7964    0.0002         1.0000        0.9961        52.0204     -0.9608
7965    0.0002         1.0000        0.9961        52.0189     -0.9549
Epoch    Loss         Train Acc     Test Acc       L2 Norm   Dropout Gap
7966    0.0002         1.0000        0.9961        52.0175     -0.9581
7967    0.0002
              Per-Epoch  Results
                       1.0000
                                 (page  178
                                     0.9961
                                             of 223)
                                                   52.0160     -0.9610
7968    0.0002         1.0000        0.9961        52.0146     -0.9595
7969    0.0002         1.0000        0.9961        52.0131     -0.9604
7970    0.0001         1.0000        0.9961        52.0116     -0.9586
7971    0.0001         1.0000        0.9961        52.0102     -0.9601
7972    0.0001         1.0000        0.9961        52.0087     -0.9605
7973    0.0001         1.0000        0.9961        52.0073     -0.9587
7974    0.0001         1.0000        0.9961        52.0058     -0.9608
7975    0.0001         1.0000        0.9961        52.0044     -0.9590
7976    0.0001         1.0000        0.9961        52.0029     -0.9620
7977    0.0001         1.0000        0.9961        52.0015     -0.9560
7978    0.0001         1.0000        0.9961        52.0000     -0.9561
7979    0.0001         1.0000        0.9961        51.9985     -0.9570
7980    0.0001         1.0000        0.9961        51.9970     -0.9563
7981    0.0001         1.0000        0.9961        51.9956     -0.9587
7982    0.0001         1.0000        0.9961        51.9941     -0.9634
7983    0.0001         1.0000        0.9961        51.9926     -0.9595
7984    0.0001         1.0000        0.9961        51.9912     -0.9554
7985    0.0001         1.0000        0.9961        51.9897     -0.9569
7986    0.0001         1.0000        0.9961        51.9883     -0.9590
7987    0.0001         1.0000        0.9961        51.9868     -0.9605
7988    0.0001         1.0000        0.9961        51.9854     -0.9631
7989    0.0001         1.0000        0.9961        51.9839     -0.9604
7990    0.0001         1.0000        0.9961        51.9824     -0.9602
7991    0.0001         1.0000        0.9961        51.9809     -0.9586
7992    0.0001         1.0000        0.9961        51.9795     -0.9617
7993    0.0001         1.0000        0.9961        51.9780     -0.9617
7994    0.0001         1.0000        0.9961        51.9765     -0.9595
7995    0.0001         1.0000        0.9961        51.9750     -0.9551
7996    0.0001         1.0000        0.9961        51.9736     -0.9564
7997    0.0001         1.0000        0.9961        51.9721     -0.9589
7998    0.0001         1.0000        0.9961        51.9706     -0.9575
7999    0.0001         1.0000        0.9961        51.9691     -0.9630
8000    0.0001         1.0000        0.9961        51.9677     -0.9596
8001    0.0001         1.0000        0.9961        51.9662     -0.9584
8002    0.0001         1.0000        0.9961        51.9647     -0.9625
8003    0.0001         1.0000        0.9961        51.9632     -0.9557
8004    0.0001         1.0000        0.9961        51.9617     -0.9584
8005    0.0001         1.0000        0.9961        51.9603     -0.9608
8006    0.0001         1.0000        0.9961        51.9589     -0.9566
8007    0.0001         1.0000        0.9961        51.9574     -0.9589
8008    0.0001         1.0000        0.9961        51.9559     -0.9589
8009    0.0001         1.0000        0.9961        51.9544     -0.9569
8010    0.0001         1.0000        0.9961        51.9530     -0.9601
Epoch    Loss         Train Acc     Test Acc       L2 Norm   Dropout Gap
8011    0.0001         1.0000        0.9961        51.9515     -0.9624
8012    0.0001
              Per-Epoch  Results
                       1.0000
                                 (page  179
                                     0.9961
                                             of 223)
                                                   51.9500     -0.9596
8013    0.0001         1.0000        0.9961        51.9485     -0.9627
8014    0.0001         1.0000        0.9961        51.9470     -0.9592
8015    0.0001         1.0000        0.9961        51.9456     -0.9605
8016    0.0001         1.0000        0.9961        51.9441     -0.9636
8017    0.0001         1.0000        0.9961        51.9426     -0.9596
8018    0.0001         1.0000        0.9961        51.9412     -0.9648
8019    0.0001         1.0000        0.9961        51.9397     -0.9589
8020    0.0001         1.0000        0.9961        51.9382     -0.9637
8021    0.0001         1.0000        0.9961        51.9367     -0.9592
8022    0.0001         1.0000        0.9961        51.9353     -0.9634
8023    0.0001         1.0000        0.9961        51.9338     -0.9649
8024    0.0001         1.0000        0.9961        51.9323     -0.9637
8025    0.0001         1.0000        0.9961        51.9308     -0.9614
8026    0.0001         1.0000        0.9961        51.9293     -0.9633
8027    0.0001         1.0000        0.9957        51.9278     -0.9617
8028    0.0001         1.0000        0.9957        51.9264     -0.9555
8029    0.0001         1.0000        0.9957        51.9249     -0.9595
8030    0.0001         1.0000        0.9957        51.9235     -0.9620
8031    0.0001         1.0000        0.9957        51.9220     -0.9575
8032    0.0001         1.0000        0.9957        51.9205     -0.9587
8033    0.0001         1.0000        0.9957        51.9191     -0.9579
8034    0.0001         1.0000        0.9957        51.9176     -0.9593
8035    0.0001         1.0000        0.9957        51.9161     -0.9631
8036    0.0001         1.0000        0.9957        51.9146     -0.9607
8037    0.0001         1.0000        0.9957        51.9131     -0.9607
8038    0.0001         1.0000        0.9957        51.9116     -0.9573
8039    0.0001         1.0000        0.9957        51.9101     -0.9613
8040    0.0001         1.0000        0.9957        51.9086     -0.9607
8041    0.0001         1.0000        0.9957        51.9072     -0.9607
8042    0.0001         1.0000        0.9957        51.9057     -0.9576
8043    0.0001         1.0000        0.9957        51.9042     -0.9602
8044    0.0001         1.0000        0.9957        51.9027     -0.9640
8045    0.0001         1.0000        0.9957        51.9012     -0.9596
8046    0.0001         1.0000        0.9957        51.8998     -0.9584
8047    0.0001         1.0000        0.9957        51.8983     -0.9622
8048    0.0001         1.0000        0.9957        51.8968     -0.9586
8049    0.0001         1.0000        0.9957        51.8953     -0.9648
8050    0.0001         1.0000        0.9957        51.8938     -0.9549
8051    0.0001         1.0000        0.9957        51.8924     -0.9607
8052    0.0001         1.0000        0.9957        51.8909     -0.9549
8053    0.0001         1.0000        0.9957        51.8894     -0.9633
8054    0.0001         1.0000        0.9957        51.8878     -0.9614
8055    0.0001         1.0000        0.9957        51.8864     -0.9604
Epoch    Loss         Train Acc     Test Acc       L2 Norm   Dropout Gap
8056    0.0001         1.0000        0.9957        51.8849     -0.9567
8057    0.0001
              Per-Epoch  Results
                       1.0000
                                 (page  180
                                     0.9957
                                             of 223)
                                                   51.8834     -0.9630
8058    0.0001         1.0000        0.9957        51.8819     -0.9581
8059    0.0001         1.0000        0.9957        51.8804     -0.9592
8060    0.0001         1.0000        0.9957        51.8789     -0.9613
8061    0.0001         1.0000        0.9957        51.8774     -0.9605
8062    0.0001         1.0000        0.9957        51.8759     -0.9581
8063    0.0001         1.0000        0.9957        51.8744     -0.9593
8064    0.0001         1.0000        0.9957        51.8729     -0.9610
8065    0.0001         1.0000        0.9957        51.8715     -0.9634
8066    0.0001         1.0000        0.9957        51.8700     -0.9586
8067    0.0001         1.0000        0.9957        51.8685     -0.9596
8068    0.0001         1.0000        0.9957        51.8670     -0.9648
8069    0.0001         1.0000        0.9957        51.8655     -0.9630
8070    0.0001         1.0000        0.9957        51.8640     -0.9601
8071    0.0001         1.0000        0.9957        51.8625     -0.9590
8072    0.0001         1.0000        0.9957        51.8610     -0.9554
8073    0.0001         1.0000        0.9957        51.8595     -0.9624
8074    0.0001         1.0000        0.9957        51.8579     -0.9570
8075    0.0001         1.0000        0.9957        51.8564     -0.9607
8076    0.0001         1.0000        0.9957        51.8549     -0.9617
8077    0.0001         1.0000        0.9957        51.8534     -0.9595
8078    0.0001         1.0000        0.9957        51.8519     -0.9598
8079    0.0001         1.0000        0.9957        51.8504     -0.9604
8080    0.0001         1.0000        0.9957        51.8489     -0.9616
8081    0.0001         1.0000        0.9957        51.8474     -0.9610
8082    0.0001         1.0000        0.9957        51.8459     -0.9602
8083    0.0001         1.0000        0.9957        51.8444     -0.9605
8084    0.0001         1.0000        0.9957        51.8429     -0.9592
8085    0.0001         1.0000        0.9957        51.8413     -0.9584
8086    0.0001         1.0000        0.9957        51.8398     -0.9607
8087    0.0001         1.0000        0.9957        51.8383     -0.9575
8088    0.0001         1.0000        0.9957        51.8367     -0.9608
8089    0.0001         1.0000        0.9957        51.8352     -0.9576
8090    0.0001         1.0000        0.9957        51.8337     -0.9642
8091    0.0001         1.0000        0.9957        51.8321     -0.9584
8092    0.0001         1.0000        0.9957        51.8307     -0.9643
8093    0.0001         1.0000        0.9957        51.8291     -0.9614
8094    0.0001         1.0000        0.9957        51.8276     -0.9649
8095    0.0001         1.0000        0.9957        51.8261     -0.9607
8096    0.0001         1.0000        0.9957        51.8246     -0.9557
8097    0.0001         1.0000        0.9957        51.8230     -0.9614
8098    0.0001         1.0000        0.9957        51.8215     -0.9624
8099    0.0001         1.0000        0.9957        51.8200     -0.9614
8100    0.0001         1.0000        0.9957        51.8185     -0.9601
Epoch    Loss         Train Acc     Test Acc       L2 Norm   Dropout Gap
8101    0.0001         1.0000        0.9957        51.8170     -0.9567
8102    0.0001
              Per-Epoch  Results
                       1.0000
                                 (page  181
                                     0.9957
                                             of 223)
                                                   51.8155     -0.9616
8103    0.0001         1.0000        0.9957        51.8139     -0.9630
8104    0.0001         1.0000        0.9957        51.8124     -0.9636
8105    0.0001         1.0000        0.9957        51.8108     -0.9617
8106    0.0001         1.0000        0.9957        51.8092     -0.9625
8107    0.0001         1.0000        0.9957        51.8077     -0.9652
8108    0.0001         1.0000        0.9957        51.8061     -0.9581
8109    0.0001         1.0000        0.9957        51.8046     -0.9572
8110    0.0001         1.0000        0.9957        51.8030     -0.9636
8111    0.0001         1.0000        0.9957        51.8015     -0.9566
8112    0.0001         1.0000        0.9957        51.8000     -0.9589
8113    0.0001         1.0000        0.9957        51.7985     -0.9611
8114    0.0001         1.0000        0.9957        51.7970     -0.9589
8115    0.0001         1.0000        0.9957        51.7954     -0.9605
8116    0.0001         1.0000        0.9957        51.7938     -0.9622
8117    0.0001         1.0000        0.9957        51.7923     -0.9590
8118    0.0001         1.0000        0.9957        51.7908     -0.9628
8119    0.0001         1.0000        0.9957        51.7892     -0.9630
8120    0.0001         1.0000        0.9957        51.7877     -0.9619
8121    0.0001         1.0000        0.9957        51.7861     -0.9633
8122    0.0001         1.0000        0.9957        51.7846     -0.9573
8123    0.0001         1.0000        0.9957        51.7831     -0.9620
8124    0.0001         1.0000        0.9957        51.7815     -0.9622
8125    0.0001         1.0000        0.9957        51.7800     -0.9579
8126    0.0001         1.0000        0.9957        51.7784     -0.9619
8127    0.0001         1.0000        0.9957        51.7769     -0.9639
8128    0.0001         1.0000        0.9957        51.7753     -0.9637
8129    0.0001         1.0000        0.9957        51.7737     -0.9605
8130    0.0001         1.0000        0.9957        51.7722     -0.9620
8131    0.0001         1.0000        0.9957        51.7706     -0.9598
8132    0.0001         1.0000        0.9957        51.7691     -0.9617
8133    0.0001         1.0000        0.9957        51.7675     -0.9611
8134    0.0001         1.0000        0.9957        51.7659     -0.9596
8135    0.0001         1.0000        0.9957        51.7644     -0.9607
8136    0.0001         1.0000        0.9957        51.7628     -0.9634
8137    0.0001         1.0000        0.9957        51.7613     -0.9595
8138    0.0001         1.0000        0.9957        51.7597     -0.9608
8139    0.0001         1.0000        0.9957        51.7582     -0.9633
8140    0.0001         1.0000        0.9957        51.7566     -0.9620
8141    0.0001         1.0000        0.9957        51.7551     -0.9583
8142    0.0001         1.0000        0.9957        51.7536     -0.9599
8143    0.0001         1.0000        0.9957        51.7520     -0.9586
8144    0.0001         1.0000        0.9957        51.7505     -0.9598
8145    0.0001         1.0000        0.9957        51.7490     -0.9614
Epoch    Loss         Train Acc     Test Acc       L2 Norm   Dropout Gap
8146    0.0001         1.0000        0.9957        51.7474     -0.9613
8147    0.0001
              Per-Epoch  Results
                       1.0000
                                 (page  182
                                     0.9957
                                             of 223)
                                                   51.7459     -0.9605
8148    0.0001         1.0000        0.9957        51.7443     -0.9610
8149    0.0001         1.0000        0.9957        51.7428     -0.9605
8150    0.0001         1.0000        0.9957        51.7412     -0.9619
8151    0.0001         1.0000        0.9957        51.7396     -0.9627
8152    0.0001         1.0000        0.9957        51.7381     -0.9602
8153    0.0001         1.0000        0.9957        51.7366     -0.9628
8154    0.0001         1.0000        0.9957        51.7350     -0.9610
8155    0.0001         1.0000        0.9957        51.7335     -0.9660
8156    0.0001         1.0000        0.9957        51.7320     -0.9627
8157    0.0001         1.0000        0.9957        51.7305     -0.9584
8158    0.0001         1.0000        0.9957        51.7289     -0.9595
8159    0.0001         1.0000        0.9957        51.7273     -0.9617
8160    0.0001         1.0000        0.9957        51.7258     -0.9620
8161    0.0001         1.0000        0.9957        51.7242     -0.9610
8162    0.0001         1.0000        0.9957        51.7227     -0.9595
8163    0.0001         1.0000        0.9957        51.7212     -0.9567
8164    0.0001         1.0000        0.9957        51.7196     -0.9586
8165    0.0001         1.0000        0.9957        51.7181     -0.9620
8166    0.0001         1.0000        0.9957        51.7166     -0.9661
8167    0.0001         1.0000        0.9957        51.7150     -0.9611
8168    0.0001         1.0000        0.9957        51.7134     -0.9627
8169    0.0001         1.0000        0.9957        51.7119     -0.9645
8170    0.0001         1.0000        0.9957        51.7104     -0.9622
8171    0.0001         1.0000        0.9957        51.7089     -0.9566
8172    0.0001         1.0000        0.9957        51.7074     -0.9613
8173    0.0001         1.0000        0.9957        51.7059     -0.9599
8174    0.0001         1.0000        0.9957        51.7045     -0.9617
8175    0.0001         1.0000        0.9957        51.7030     -0.9613
8176    0.0001         1.0000        0.9957        51.7015     -0.9604
8177    0.0001         1.0000        0.9957        51.7000     -0.9663
8178    0.0001         1.0000        0.9957        51.6985     -0.9608
8179    0.0001         1.0000        0.9957        51.6970     -0.9572
8180    0.0001         1.0000        0.9957        51.6956     -0.9608
8181    0.0001         1.0000        0.9957        51.6941     -0.9555
8182    0.0001         1.0000        0.9957        51.6926     -0.9581
8183    0.0001         1.0000        0.9957        51.6911     -0.9627
8184    0.0001         1.0000        0.9957        51.6896     -0.9584
8185    0.0001         1.0000        0.9957        51.6881     -0.9581
8186    0.0001         1.0000        0.9957        51.6866     -0.9645
8187    0.0001         1.0000        0.9957        51.6851     -0.9535
8188    0.0001         1.0000        0.9957        51.6835     -0.9613
8189    0.0001         1.0000        0.9957        51.6820     -0.9607
8190    0.0001         1.0000        0.9957        51.6804     -0.9607
Epoch    Loss         Train Acc     Test Acc       L2 Norm   Dropout Gap
8191    0.0001         1.0000        0.9957        51.6789     -0.9619
8192    0.0001
              Per-Epoch  Results
                       1.0000
                                 (page  183
                                     0.9957
                                             of 223)
                                                   51.6774     -0.9605
8193    0.0001         1.0000        0.9957        51.6758     -0.9613
8194    0.0001         1.0000        0.9957        51.6743     -0.9604
8195    0.0001         1.0000        0.9957        51.6727     -0.9636
8196    0.0001         1.0000        0.9957        51.6712     -0.9616
8197    0.0001         1.0000        0.9957        51.6697     -0.9564
8198    0.0001         1.0000        0.9957        51.6681     -0.9601
8199    0.0001         1.0000        0.9957        51.6665     -0.9596
8200    0.0001         1.0000        0.9957        51.6649     -0.9631
8201    0.0001         1.0000        0.9957        51.6634     -0.9607
8202    0.0001         1.0000        0.9957        51.6618     -0.9599
8203    0.0001         1.0000        0.9957        51.6602     -0.9555
8204    0.0001         1.0000        0.9957        51.6587     -0.9555
8205    0.0001         1.0000        0.9957        51.6571     -0.9599
8206    0.0001         1.0000        0.9957        51.6556     -0.9583
8207    0.0001         1.0000        0.9957        51.6541     -0.9617
8208    0.0001         1.0000        0.9957        51.6525     -0.9601
8209    0.0001         1.0000        0.9957        51.6510     -0.9608
8210    0.0001         1.0000        0.9957        51.6495     -0.9602
8211    0.0001         1.0000        0.9957        51.6480     -0.9599
8212    0.0001         1.0000        0.9957        51.6465     -0.9575
8213    0.0001         1.0000        0.9957        51.6449     -0.9608
8214    0.0001         1.0000        0.9957        51.6434     -0.9616
8215    0.0001         1.0000        0.9957        51.6418     -0.9619
8216    0.0001         1.0000        0.9957        51.6403     -0.9570
8217    0.0001         1.0000        0.9957        51.6388     -0.9581
8218    0.0001         1.0000        0.9957        51.6373     -0.9584
8219    0.0001         1.0000        0.9957        51.6357     -0.9598
8220    0.0001         1.0000        0.9957        51.6342     -0.9611
8221    0.0001         1.0000        0.9957        51.6327     -0.9576
8222    0.0001         1.0000        0.9957        51.6312     -0.9605
8223    0.0001         1.0000        0.9957        51.6297     -0.9599
8224    0.0001         1.0000        0.9957        51.6281     -0.9563
8225    0.0001         1.0000        0.9957        51.6266     -0.9573
8226    0.0001         1.0000        0.9957        51.6251     -0.9595
8227    0.0001         1.0000        0.9957        51.6236     -0.9584
8228    0.0001         1.0000        0.9957        51.6220     -0.9627
8229    0.0001         1.0000        0.9957        51.6205     -0.9624
8230    0.0001         1.0000        0.9957        51.6190     -0.9614
8231    0.0001         1.0000        0.9957        51.6175     -0.9593
8232    0.0001         1.0000        0.9957        51.6159     -0.9607
8233    0.0001         1.0000        0.9957        51.6144     -0.9630
8234    0.0001         1.0000        0.9957        51.6129     -0.9573
8235    0.0001         1.0000        0.9957        51.6113     -0.9564
Epoch    Loss         Train Acc     Test Acc       L2 Norm   Dropout Gap
8236    0.0001         1.0000        0.9957        51.6098     -0.9595
8237    0.0001
              Per-Epoch  Results
                       1.0000
                                 (page  184
                                     0.9957
                                             of 223)
                                                   51.6083     -0.9599
8238    0.0001         1.0000        0.9961        51.6068     -0.9645
8239    0.0001         1.0000        0.9961        51.6053     -0.9595
8240    0.0001         1.0000        0.9961        51.6038     -0.9608
8241    0.0001         1.0000        0.9961        51.6023     -0.9599
8242    0.0001         1.0000        0.9961        51.6008     -0.9611
8243    0.0001         1.0000        0.9961        51.5993     -0.9602
8244    0.0001         1.0000        0.9961        51.5977     -0.9558
8245    0.0001         1.0000        0.9961        51.5962     -0.9605
8246    0.0001         1.0000        0.9961        51.5947     -0.9581
8247    0.0001         1.0000        0.9961        51.5931     -0.9601
8248    0.0001         1.0000        0.9961        51.5916     -0.9628
8249    0.0001         1.0000        0.9961        51.5901     -0.9619
8250    0.0001         1.0000        0.9961        51.5886     -0.9651
8251    0.0001         1.0000        0.9961        51.5871     -0.9570
8252    0.0001         1.0000        0.9961        51.5856     -0.9633
8253    0.0001         1.0000        0.9961        51.5841     -0.9604
8254    0.0001         1.0000        0.9961        51.5825     -0.9614
8255    0.0001         1.0000        0.9961        51.5811     -0.9631
8256    0.0001         1.0000        0.9961        51.5795     -0.9590
8257    0.0001         1.0000        0.9961        51.5780     -0.9598
8258    0.0001         1.0000        0.9961        51.5765     -0.9616
8259    0.0001         1.0000        0.9961        51.5750     -0.9643
8260    0.0001         1.0000        0.9961        51.5736     -0.9637
8261    0.0001         1.0000        0.9961        51.5721     -0.9625
8262    0.0001         1.0000        0.9961        51.5707     -0.9611
8263    0.0001         1.0000        0.9961        51.5692     -0.9628
8264    0.0001         1.0000        0.9961        51.5677     -0.9590
8265    0.0001         1.0000        0.9961        51.5663     -0.9613
8266    0.0001         1.0000        0.9961        51.5648     -0.9604
8267    0.0001         1.0000        0.9961        51.5633     -0.9616
8268    0.0001         1.0000        0.9961        51.5618     -0.9636
8269    0.0001         1.0000        0.9961        51.5602     -0.9630
8270    0.0001         1.0000        0.9961        51.5587     -0.9587
8271    0.0001         1.0000        0.9961        51.5572     -0.9634
8272    0.0001         1.0000        0.9961        51.5556     -0.9627
8273    0.0001         1.0000        0.9961        51.5541     -0.9542
8274    0.0001         1.0000        0.9961        51.5526     -0.9596
8275    0.0001         1.0000        0.9961        51.5511     -0.9627
8276    0.0001         1.0000        0.9961        51.5496     -0.9619
8277    0.0001         1.0000        0.9961        51.5480     -0.9620
8278    0.0001         1.0000        0.9961        51.5465     -0.9610
8279    0.0001         1.0000        0.9961        51.5450     -0.9569
8280    0.0001         1.0000        0.9961        51.5434     -0.9627
Epoch    Loss         Train Acc     Test Acc       L2 Norm   Dropout Gap
8281    0.0001         1.0000        0.9961        51.5419     -0.9590
8282    0.0001
              Per-Epoch  Results
                       1.0000
                                 (page  185
                                     0.9961
                                             of 223)
                                                   51.5404     -0.9631
8283    0.0001         1.0000        0.9961        51.5388     -0.9613
8284    0.0001         1.0000        0.9961        51.5373     -0.9593
8285    0.0001         1.0000        0.9961        51.5358     -0.9610
8286    0.0001         1.0000        0.9961        51.5343     -0.9616
8287    0.0001         1.0000        0.9961        51.5327     -0.9628
8288    0.0001         1.0000        0.9961        51.5312     -0.9631
8289    0.0001         1.0000        0.9961        51.5297     -0.9578
8290    0.0001         1.0000        0.9961        51.5282     -0.9601
8291    0.0001         1.0000        0.9961        51.5267     -0.9614
8292    0.0001         1.0000        0.9961        51.5251     -0.9589
8293    0.0001         1.0000        0.9961        51.5236     -0.9637
8294    0.0001         1.0000        0.9961        51.5222     -0.9614
8295    0.0001         1.0000        0.9961        51.5207     -0.9567
8296    0.0001         1.0000        0.9961        51.5192     -0.9663
8297    0.0001         1.0000        0.9961        51.5177     -0.9587
8298    0.0001         1.0000        0.9961        51.5162     -0.9614
8299    0.0001         1.0000        0.9961        51.5147     -0.9613
8300    0.0001         1.0000        0.9961        51.5132     -0.9624
8301    0.0001         1.0000        0.9961        51.5117     -0.9592
8302    0.0001         1.0000        0.9961        51.5102     -0.9601
8303    0.0001         1.0000        0.9961        51.5088     -0.9608
8304    0.0001         1.0000        0.9961        51.5073     -0.9575
8305    0.0001         1.0000        0.9961        51.5058     -0.9627
8306    0.0001         1.0000        0.9961        51.5044     -0.9586
8307    0.0001         1.0000        0.9961        51.5029     -0.9620
8308    0.0001         1.0000        0.9961        51.5014     -0.9628
8309    0.0001         1.0000        0.9961        51.4999     -0.9578
8310    0.0001         1.0000        0.9961        51.4984     -0.9575
8311    0.0001         1.0000        0.9961        51.4969     -0.9561
8312    0.0001         1.0000        0.9961        51.4954     -0.9601
8313    0.0001         1.0000        0.9961        51.4939     -0.9637
8314    0.0001         1.0000        0.9961        51.4924     -0.9576
8315    0.0001         1.0000        0.9961        51.4909     -0.9619
8316    0.0001         1.0000        0.9961        51.4894     -0.9586
8317    0.0001         1.0000        0.9961        51.4879     -0.9578
8318    0.0001         1.0000        0.9961        51.4863     -0.9576
8319    0.0001         1.0000        0.9961        51.4848     -0.9648
8320    0.0001         1.0000        0.9961        51.4833     -0.9602
8321    0.0001         1.0000        0.9961        51.4818     -0.9610
8322    0.0001         1.0000        0.9961        51.4803     -0.9572
8323    0.0001         1.0000        0.9961        51.4787     -0.9587
8324    0.0001         1.0000        0.9961        51.4772     -0.9567
8325    0.0001         1.0000        0.9961        51.4757     -0.9637
Epoch    Loss         Train Acc     Test Acc       L2 Norm   Dropout Gap
8326    0.0001         1.0000        0.9961        51.4742     -0.9595
8327    0.0001
              Per-Epoch  Results
                       1.0000
                                 (page  186
                                     0.9961
                                             of 223)
                                                   51.4727     -0.9599
8328    0.0001         1.0000        0.9961        51.4711     -0.9602
8329    0.0001         1.0000        0.9961        51.4696     -0.9637
8330    0.0001         1.0000        0.9961        51.4681     -0.9608
8331    0.0001         1.0000        0.9961        51.4666     -0.9607
8332    0.0001         1.0000        0.9961        51.4650     -0.9586
8333    0.0001         1.0000        0.9961        51.4636     -0.9651
8334    0.0001         1.0000        0.9961        51.4621     -0.9634
8335    0.0001         1.0000        0.9961        51.4606     -0.9593
8336    0.0001         1.0000        0.9961        51.4591     -0.9599
8337    0.0001         1.0000        0.9961        51.4576     -0.9596
8338    0.0001         1.0000        0.9961        51.4561     -0.9602
8339    0.0001         1.0000        0.9961        51.4546     -0.9599
8340    0.0001         1.0000        0.9961        51.4530     -0.9643
8341    0.0001         1.0000        0.9961        51.4515     -0.9608
8342    0.0001         1.0000        0.9961        51.4501     -0.9616
8343    0.0001         1.0000        0.9961        51.4486     -0.9593
8344    0.0001         1.0000        0.9961        51.4471     -0.9599
8345    0.0001         1.0000        0.9961        51.4457     -0.9642
8346    0.0001         1.0000        0.9961        51.4442     -0.9604
8347    0.0001         1.0000        0.9961        51.4427     -0.9607
8348    0.0001         1.0000        0.9961        51.4412     -0.9604
8349    0.0001         1.0000        0.9961        51.4397     -0.9645
8350    0.0001         1.0000        0.9961        51.4382     -0.9593
8351    0.0001         1.0000        0.9961        51.4367     -0.9601
8352    0.0001         1.0000        0.9961        51.4352     -0.9617
8353    0.0001         1.0000        0.9961        51.4337     -0.9630
8354    0.0001         1.0000        0.9961        51.4322     -0.9617
8355    0.0001         1.0000        0.9961        51.4307     -0.9605
8356    0.0001         1.0000        0.9961        51.4292     -0.9598
8357    0.0001         1.0000        0.9961        51.4277     -0.9543
8358    0.0001         1.0000        0.9961        51.4262     -0.9573
8359    0.0001         1.0000        0.9961        51.4247     -0.9611
8360    0.0001         1.0000        0.9961        51.4232     -0.9617
8361    0.0001         1.0000        0.9961        51.4218     -0.9581
8362    0.0001         1.0000        0.9961        51.4203     -0.9610
8363    0.0001         1.0000        0.9961        51.4188     -0.9583
8364    0.0001         1.0000        0.9961        51.4173     -0.9611
8365    0.0001         1.0000        0.9961        51.4158     -0.9614
8366    0.0001         1.0000        0.9961        51.4143     -0.9624
8367    0.0001         1.0000        0.9961        51.4128     -0.9627
8368    0.0001         1.0000        0.9961        51.4113     -0.9620
8369    0.0001         1.0000        0.9961        51.4098     -0.9614
8370    0.0001         1.0000        0.9961        51.4083     -0.9628
Epoch    Loss         Train Acc     Test Acc       L2 Norm   Dropout Gap
8371    0.0001         1.0000        0.9961        51.4068     -0.9605
8372    0.0001
              Per-Epoch  Results
                       1.0000
                                 (page  187
                                     0.9961
                                             of 223)
                                                   51.4053     -0.9595
8373    0.0001         1.0000        0.9961        51.4039     -0.9628
8374    0.0001         1.0000        0.9961        51.4024     -0.9587
8375    0.0001         1.0000        0.9961        51.4009     -0.9613
8376    0.0001         1.0000        0.9961        51.3994     -0.9616
8377    0.0001         1.0000        0.9961        51.3979     -0.9572
8378    0.0001         1.0000        0.9961        51.3964     -0.9625
8379    0.0001         1.0000        0.9961        51.3949     -0.9596
8380    0.0001         1.0000        0.9961        51.3934     -0.9634
8381    0.0001         1.0000        0.9961        51.3919     -0.9549
8382    0.0001         1.0000        0.9961        51.3904     -0.9576
8383    0.0001         1.0000        0.9961        51.3890     -0.9648
8384    0.0001         1.0000        0.9961        51.3875     -0.9613
8385    0.0001         1.0000        0.9961        51.3860     -0.9587
8386    0.0001         1.0000        0.9961        51.3845     -0.9598
8387    0.0001         1.0000        0.9961        51.3830     -0.9628
8388    0.0001         1.0000        0.9961        51.3815     -0.9605
8389    0.0001         1.0000        0.9961        51.3800     -0.9628
8390    0.0001         1.0000        0.9961        51.3785     -0.9625
8391    0.0001         1.0000        0.9961        51.3770     -0.9557
8392    0.0001         1.0000        0.9961        51.3755     -0.9569
8393    0.0001         1.0000        0.9961        51.3740     -0.9570
8394    0.0001         1.0000        0.9961        51.3725     -0.9604
8395    0.0001         1.0000        0.9961        51.3710     -0.9634
8396    0.0001         1.0000        0.9961        51.3695     -0.9633
8397    0.0001         1.0000        0.9961        51.3680     -0.9610
8398    0.0001         1.0000        0.9961        51.3665     -0.9592
8399    0.0001         1.0000        0.9961        51.3650     -0.9607
8400    0.0001         1.0000        0.9961        51.3635     -0.9555
8401    0.0001         1.0000        0.9959        51.3619     -0.9624
8402    0.0001         1.0000        0.9961        51.3604     -0.9558
8403    0.0001         1.0000        0.9961        51.3589     -0.9610
8404    0.0001         1.0000        0.9961        51.3574     -0.9578
8405    0.0001         1.0000        0.9959        51.3559     -0.9613
8406    0.0001         1.0000        0.9959        51.3544     -0.9607
8407    0.0001         1.0000        0.9959        51.3529     -0.9625
8408    0.0001         1.0000        0.9959        51.3514     -0.9602
8409    0.0001         1.0000        0.9959        51.3499     -0.9622
8410    0.0001         1.0000        0.9957        51.3484     -0.9595
8411    0.0001         1.0000        0.9957        51.3469     -0.9579
8412    0.0001         1.0000        0.9957        51.3454     -0.9634
8413    0.0001         1.0000        0.9957        51.3439     -0.9576
8414    0.0001         1.0000        0.9957        51.3423     -0.9607
8415    0.0001         1.0000        0.9957        51.3408     -0.9617
Epoch    Loss         Train Acc     Test Acc       L2 Norm   Dropout Gap
8416    0.0001         1.0000        0.9957        51.3393     -0.9573
8417    0.0001
              Per-Epoch  Results
                       1.0000
                                 (page  188
                                     0.9957
                                             of 223)
                                                   51.3378     -0.9614
8418    0.0001         1.0000        0.9957        51.3363     -0.9633
8419    0.0001         1.0000        0.9957        51.3348     -0.9610
8420    0.0001         1.0000        0.9957        51.3333     -0.9628
8421    0.0001         1.0000        0.9957        51.3318     -0.9605
8422    0.0001         1.0000        0.9957        51.3303     -0.9598
8423    0.0001         1.0000        0.9957        51.3288     -0.9587
8424    0.0001         1.0000        0.9957        51.3273     -0.9589
8425    0.0001         1.0000        0.9957        51.3258     -0.9631
8426    0.0001         1.0000        0.9957        51.3243     -0.9613
8427    0.0001         1.0000        0.9957        51.3228     -0.9590
8428    0.0001         1.0000        0.9957        51.3213     -0.9605
8429    0.0001         1.0000        0.9957        51.3198     -0.9596
8430    0.0001         1.0000        0.9957        51.3183     -0.9642
8431    0.0001         1.0000        0.9957        51.3168     -0.9608
8432    0.0001         1.0000        0.9957        51.3152     -0.9599
8433    0.0001         1.0000        0.9957        51.3137     -0.9595
8434    0.0001         1.0000        0.9957        51.3122     -0.9590
8435    0.0001         1.0000        0.9957        51.3107     -0.9608
8436    0.0001         1.0000        0.9957        51.3091     -0.9604
8437    0.0001         1.0000        0.9957        51.3076     -0.9639
8438    0.0001         1.0000        0.9957        51.3061     -0.9599
8439    0.0001         1.0000        0.9957        51.3045     -0.9617
8440    0.0001         1.0000        0.9957        51.3030     -0.9583
8441    0.0001         1.0000        0.9957        51.3015     -0.9570
8442    0.0001         1.0000        0.9957        51.3000     -0.9614
8443    0.0001         1.0000        0.9957        51.2985     -0.9563
8444    0.0001         1.0000        0.9957        51.2970     -0.9601
8445    0.0001         1.0000        0.9957        51.2955     -0.9572
8446    0.0001         1.0000        0.9957        51.2940     -0.9586
8447    0.0001         1.0000        0.9957        51.2924     -0.9613
8448    0.0001         1.0000        0.9957        51.2909     -0.9561
8449    0.0001         1.0000        0.9957        51.2894     -0.9593
8450    0.0001         1.0000        0.9957        51.2879     -0.9611
8451    0.0001         1.0000        0.9957        51.2864     -0.9592
8452    0.0001         1.0000        0.9957        51.2849     -0.9586
8453    0.0001         1.0000        0.9957        51.2834     -0.9575
8454    0.0001         1.0000        0.9957        51.2819     -0.9610
8455    0.0001         1.0000        0.9957        51.2803     -0.9613
8456    0.0001         1.0000        0.9957        51.2788     -0.9605
8457    0.0001         1.0000        0.9957        51.2773     -0.9583
8458    0.0001         1.0000        0.9957        51.2758     -0.9587
8459    0.0001         1.0000        0.9957        51.2743     -0.9564
8460    0.0001         1.0000        0.9957        51.2728     -0.9589
Epoch    Loss         Train Acc     Test Acc       L2 Norm   Dropout Gap
8461    0.0001         1.0000        0.9957        51.2713     -0.9598
8462    0.0001
              Per-Epoch  Results
                       1.0000
                                 (page  189
                                     0.9957
                                             of 223)
                                                   51.2697     -0.9589
8463    0.0001         1.0000        0.9957        51.2682     -0.9630
8464    0.0001         1.0000        0.9957        51.2667     -0.9599
8465    0.0001         1.0000        0.9957        51.2652     -0.9595
8466    0.0001         1.0000        0.9957        51.2637     -0.9586
8467    0.0001         1.0000        0.9957        51.2621     -0.9598
8468    0.0001         1.0000        0.9957        51.2607     -0.9572
8469    0.0001         1.0000        0.9957        51.2592     -0.9557
8470    0.0001         1.0000        0.9957        51.2577     -0.9570
8471    0.0001         1.0000        0.9957        51.2562     -0.9578
8472    0.0001         1.0000        0.9957        51.2547     -0.9619
8473    0.0001         1.0000        0.9957        51.2532     -0.9657
8474    0.0001         1.0000        0.9957        51.2517     -0.9554
8475    0.0001         1.0000        0.9957        51.2502     -0.9576
8476    0.0001         1.0000        0.9957        51.2487     -0.9614
8477    0.0001         1.0000        0.9957        51.2471     -0.9636
8478    0.0001         1.0000        0.9957        51.2456     -0.9586
8479    0.0001         1.0000        0.9957        51.2441     -0.9598
8480    0.0001         1.0000        0.9957        51.2426     -0.9595
8481    0.0001         1.0000        0.9957        51.2411     -0.9570
8482    0.0001         1.0000        0.9957        51.2395     -0.9630
8483    0.0001         1.0000        0.9957        51.2381     -0.9589
8484    0.0001         1.0000        0.9957        51.2366     -0.9604
8485    0.0001         1.0000        0.9957        51.2351     -0.9608
8486    0.0001         1.0000        0.9959        51.2336     -0.9584
8487    0.0001         1.0000        0.9959        51.2320     -0.9573
8488    0.0001         1.0000        0.9959        51.2305     -0.9598
8489    0.0001         1.0000        0.9959        51.2290     -0.9631
8490    0.0001         1.0000        0.9961        51.2274     -0.9619
8491    0.0001         1.0000        0.9961        51.2259     -0.9587
8492    0.0001         1.0000        0.9961        51.2243     -0.9604
8493    0.0001         1.0000        0.9961        51.2228     -0.9628
8494    0.0001         1.0000        0.9961        51.2213     -0.9628
8495    0.0001         1.0000        0.9961        51.2197     -0.9613
8496    0.0001         1.0000        0.9961        51.2182     -0.9572
8497    0.0001         1.0000        0.9961        51.2167     -0.9605
8498    0.0001         1.0000        0.9961        51.2151     -0.9604
8499    0.0001         1.0000        0.9961        51.2136     -0.9592
8500    0.0001         1.0000        0.9961        51.2121     -0.9581
8501    0.0001         1.0000        0.9961        51.2105     -0.9581
8502    0.0001         1.0000        0.9961        51.2090     -0.9622
8503    0.0001         1.0000        0.9961        51.2074     -0.9640
8504    0.0001         1.0000        0.9961        51.2059     -0.9627
8505    0.0001         1.0000        0.9961        51.2043     -0.9627
Epoch    Loss         Train Acc     Test Acc       L2 Norm   Dropout Gap
8506    0.0001         1.0000        0.9961        51.2028     -0.9593
8507    0.0001
              Per-Epoch  Results
                       1.0000
                                 (page  190
                                     0.9961
                                             of 223)
                                                   51.2012     -0.9598
8508    0.0001         1.0000        0.9961        51.1997     -0.9583
8509    0.0001         1.0000        0.9961        51.1981     -0.9575
8510    0.0001         1.0000        0.9961        51.1966     -0.9584
8511    0.0001         1.0000        0.9961        51.1950     -0.9608
8512    0.0001         1.0000        0.9961        51.1935     -0.9608
8513    0.0001         1.0000        0.9961        51.1919     -0.9657
8514    0.0001         1.0000        0.9961        51.1903     -0.9619
8515    0.0001         1.0000        0.9961        51.1888     -0.9619
8516    0.0001         1.0000        0.9961        51.1872     -0.9575
8517    0.0001         1.0000        0.9961        51.1856     -0.9637
8518    0.0001         1.0000        0.9961        51.1841     -0.9587
8519    0.0001         1.0000        0.9961        51.1825     -0.9575
8520    0.0001         1.0000        0.9961        51.1809     -0.9655
8521    0.0001         1.0000        0.9961        51.1793     -0.9631
8522    0.0001         1.0000        0.9961        51.1778     -0.9584
8523    0.0001         1.0000        0.9961        51.1762     -0.9619
8524    0.0001         1.0000        0.9961        51.1746     -0.9595
8525    0.0001         1.0000        0.9961        51.1730     -0.9619
8526    0.0001         1.0000        0.9961        51.1714     -0.9617
8527    0.0001         1.0000        0.9961        51.1699     -0.9652
8528    0.0001         1.0000        0.9961        51.1683     -0.9661
8529    0.0001         1.0000        0.9961        51.1667     -0.9620
8530    0.0001         1.0000        0.9961        51.1652     -0.9593
8531    0.0001         1.0000        0.9961        51.1636     -0.9617
8532    0.0001         1.0000        0.9961        51.1621     -0.9613
8533    0.0001         1.0000        0.9961        51.1605     -0.9596
8534    0.0001         1.0000        0.9961        51.1589     -0.9593
8535    0.0001         1.0000        0.9961        51.1573     -0.9598
8536    0.0001         1.0000        0.9961        51.1557     -0.9624
8537    0.0001         1.0000        0.9961        51.1542     -0.9587
8538    0.0001         1.0000        0.9961        51.1525     -0.9613
8539    0.0001         1.0000        0.9961        51.1510     -0.9608
8540    0.0001         1.0000        0.9961        51.1494     -0.9593
8541    0.0001         1.0000        0.9961        51.1478     -0.9608
8542    0.0001         1.0000        0.9961        51.1462     -0.9560
8543    0.0001         1.0000        0.9961        51.1446     -0.9611
8544    0.0001         1.0000        0.9961        51.1430     -0.9614
8545    0.0001         1.0000        0.9961        51.1414     -0.9601
8546    0.0001         1.0000        0.9961        51.1398     -0.9613
8547    0.0001         1.0000        0.9961        51.1382     -0.9630
8548    0.0001         1.0000        0.9961        51.1366     -0.9608
8549    0.0001         1.0000        0.9961        51.1350     -0.9616
8550    0.0001         1.0000        0.9961        51.1334     -0.9555
Epoch    Loss         Train Acc     Test Acc       L2 Norm   Dropout Gap
8551    0.0001         1.0000        0.9961        51.1318     -0.9578
8552    0.0001
              Per-Epoch  Results
                       1.0000
                                 (page  191
                                     0.9961
                                             of 223)
                                                   51.1302     -0.9602
8553    0.0001         1.0000        0.9961        51.1286     -0.9642
8554    0.0001         1.0000        0.9961        51.1270     -0.9627
8555    0.0001         1.0000        0.9961        51.1255     -0.9584
8556    0.0001         1.0000        0.9961        51.1239     -0.9584
8557    0.0001         1.0000        0.9961        51.1224     -0.9614
8558    0.0001         1.0000        0.9961        51.1208     -0.9628
8559    0.0001         1.0000        0.9961        51.1192     -0.9598
8560    0.0001         1.0000        0.9961        51.1177     -0.9605
8561    0.0001         1.0000        0.9961        51.1161     -0.9602
8562    0.0001         1.0000        0.9961        51.1145     -0.9610
8563    0.0001         1.0000        0.9961        51.1129     -0.9666
8564    0.0001         1.0000        0.9961        51.1114     -0.9575
8565    0.0001         1.0000        0.9961        51.1098     -0.9613
8566    0.0001         1.0000        0.9961        51.1082     -0.9614
8567    0.0001         1.0000        0.9961        51.1066     -0.9563
8568    0.0001         1.0000        0.9961        51.1050     -0.9592
8569    0.0001         1.0000        0.9961        51.1035     -0.9605
8570    0.0001         1.0000        0.9961        51.1019     -0.9599
8571    0.0001         1.0000        0.9961        51.1003     -0.9602
8572    0.0001         1.0000        0.9961        51.0987     -0.9634
8573    0.0001         1.0000        0.9961        51.0972     -0.9622
8574    0.0001         1.0000        0.9961        51.0956     -0.9633
8575    0.0001         1.0000        0.9961        51.0941     -0.9619
8576    0.0001         1.0000        0.9961        51.0925     -0.9649
8577    0.0001         1.0000        0.9961        51.0910     -0.9599
8578    0.0001         1.0000        0.9961        51.0895     -0.9605
8579    0.0001         1.0000        0.9961        51.0879     -0.9602
8580    0.0001         1.0000        0.9961        51.0864     -0.9608
8581    0.0001         1.0000        0.9961        51.0848     -0.9593
8582    0.0001         1.0000        0.9961        51.0833     -0.9584
8583    0.0001         1.0000        0.9961        51.0818     -0.9610
8584    0.0001         1.0000        0.9961        51.0802     -0.9636
8585    0.0001         1.0000        0.9961        51.0787     -0.9569
8586    0.0001         1.0000        0.9961        51.0771     -0.9617
8587    0.0001         1.0000        0.9961        51.0756     -0.9648
8588    0.0001         1.0000        0.9961        51.0741     -0.9625
8589    0.0001         1.0000        0.9961        51.0726     -0.9590
8590    0.0001         1.0000        0.9961        51.0711     -0.9619
8591    0.0001         1.0000        0.9961        51.0696     -0.9607
8592    0.0001         1.0000        0.9961        51.0681     -0.9586
8593    0.0001         1.0000        0.9961        51.0666     -0.9601
8594    0.0001         1.0000        0.9961        51.0651     -0.9583
8595    0.0001         1.0000        0.9961        51.0636     -0.9602
Epoch    Loss         Train Acc     Test Acc       L2 Norm   Dropout Gap
8596    0.0001         1.0000        0.9961        51.0620     -0.9625
8597    0.0001
              Per-Epoch  Results
                       1.0000
                                 (page  192
                                     0.9961
                                             of 223)
                                                   51.0605     -0.9590
8598    0.0001         1.0000        0.9961        51.0590     -0.9627
8599    0.0001         1.0000        0.9961        51.0574     -0.9581
8600    0.0001         1.0000        0.9961        51.0559     -0.9576
8601    0.0001         1.0000        0.9961        51.0543     -0.9581
8602    0.0001         1.0000        0.9961        51.0528     -0.9614
8603    0.0001         1.0000        0.9961        51.0512     -0.9605
8604    0.0001         1.0000        0.9961        51.0496     -0.9628
8605    0.0001         1.0000        0.9961        51.0481     -0.9608
8606    0.0001         1.0000        0.9961        51.0465     -0.9554
8607    0.0001         1.0000        0.9961        51.0450     -0.9598
8608    0.0001         1.0000        0.9961        51.0435     -0.9596
8609    0.0001         1.0000        0.9961        51.0419     -0.9602
8610    0.0001         1.0000        0.9961        51.0404     -0.9586
8611    0.0001         1.0000        0.9961        51.0388     -0.9583
8612    0.0001         1.0000        0.9961        51.0372     -0.9645
8613    0.0001         1.0000        0.9961        51.0356     -0.9581
8614    0.0001         1.0000        0.9961        51.0340     -0.9570
8615    0.0001         1.0000        0.9961        51.0325     -0.9599
8616    0.0001         1.0000        0.9961        51.0309     -0.9583
8617    0.0001         1.0000        0.9961        51.0294     -0.9657
8618    0.0001         1.0000        0.9961        51.0278     -0.9584
8619    0.0001         1.0000        0.9961        51.0263     -0.9634
8620    0.0001         1.0000        0.9961        51.0248     -0.9625
8621    0.0001         1.0000        0.9961        51.0232     -0.9596
8622    0.0001         1.0000        0.9961        51.0216     -0.9607
8623    0.0001         1.0000        0.9961        51.0201     -0.9599
8624    0.0001         1.0000        0.9961        51.0185     -0.9583
8625    0.0001         1.0000        0.9961        51.0169     -0.9596
8626    0.0001         1.0000        0.9961        51.0154     -0.9631
8627    0.0001         1.0000        0.9961        51.0138     -0.9631
8628    0.0001         1.0000        0.9961        51.0122     -0.9596
8629    0.0001         1.0000        0.9961        51.0107     -0.9610
8630    0.0001         1.0000        0.9961        51.0091     -0.9624
8631    0.0001         1.0000        0.9961        51.0075     -0.9595
8632    0.0001         1.0000        0.9961        51.0060     -0.9611
8633    0.0001         1.0000        0.9961        51.0044     -0.9578
8634    0.0001         1.0000        0.9961        51.0029     -0.9613
8635    0.0001         1.0000        0.9961        51.0013     -0.9608
8636    0.0001         1.0000        0.9961        50.9998     -0.9583
8637    0.0001         1.0000        0.9961        50.9982     -0.9607
8638    0.0001         1.0000        0.9961        50.9967     -0.9578
8639    0.0001         1.0000        0.9961        50.9951     -0.9604
8640    0.0001         1.0000        0.9961        50.9936     -0.9614
Epoch    Loss         Train Acc     Test Acc       L2 Norm   Dropout Gap
8641    0.0001         1.0000        0.9961        50.9920     -0.9584
8642    0.0001
              Per-Epoch  Results
                       1.0000
                                 (page  193
                                     0.9961
                                             of 223)
                                                   50.9905     -0.9613
8643    0.0001         1.0000        0.9961        50.9889     -0.9596
8644    0.0001         1.0000        0.9961        50.9874     -0.9634
8645    0.0001         1.0000        0.9961        50.9859     -0.9569
8646    0.0001         1.0000        0.9961        50.9843     -0.9625
8647    0.0001         1.0000        0.9961        50.9828     -0.9583
8648    0.0001         1.0000        0.9961        50.9812     -0.9602
8649    0.0001         1.0000        0.9961        50.9797     -0.9605
8650    0.0001         1.0000        0.9961        50.9781     -0.9611
8651    0.0001         1.0000        0.9961        50.9766     -0.9589
8652    0.0001         1.0000        0.9961        50.9750     -0.9560
8653    0.0001         1.0000        0.9961        50.9734     -0.9596
8654    0.0001         1.0000        0.9961        50.9719     -0.9607
8655    0.0001         1.0000        0.9961        50.9703     -0.9619
8656    0.0001         1.0000        0.9961        50.9688     -0.9596
8657    0.0001         1.0000        0.9961        50.9672     -0.9596
8658    0.0001         1.0000        0.9961        50.9656     -0.9595
8659    0.0001         1.0000        0.9961        50.9641     -0.9624
8660    0.0001         1.0000        0.9961        50.9625     -0.9625
8661    0.0001         1.0000        0.9961        50.9610     -0.9622
8662    0.0001         1.0000        0.9961        50.9594     -0.9636
8663    0.0001         1.0000        0.9961        50.9579     -0.9575
8664    0.0001         1.0000        0.9961        50.9563     -0.9589
8665    0.0001         1.0000        0.9961        50.9547     -0.9637
8666    0.0001         1.0000        0.9961        50.9532     -0.9596
8667    0.0001         1.0000        0.9961        50.9516     -0.9619
8668    0.0001         1.0000        0.9961        50.9500     -0.9589
8669    0.0001         1.0000        0.9961        50.9485     -0.9605
8670    0.0001         1.0000        0.9961        50.9469     -0.9619
8671    0.0001         1.0000        0.9961        50.9453     -0.9592
8672    0.0001         1.0000        0.9961        50.9438     -0.9617
8673    0.0001         1.0000        0.9961        50.9422     -0.9587
8674    0.0001         1.0000        0.9961        50.9406     -0.9625
8675    0.0001         1.0000        0.9961        50.9391     -0.9610
8676    0.0001         1.0000        0.9961        50.9375     -0.9593
8677    0.0001         1.0000        0.9961        50.9360     -0.9587
8678    0.0001         1.0000        0.9961        50.9344     -0.9610
8679    0.0001         1.0000        0.9961        50.9329     -0.9602
8680    0.0001         1.0000        0.9961        50.9313     -0.9584
8681    0.0001         1.0000        0.9961        50.9297     -0.9572
8682    0.0001         1.0000        0.9961        50.9281     -0.9576
8683    0.0001         1.0000        0.9961        50.9266     -0.9593
8684    0.0001         1.0000        0.9961        50.9250     -0.9610
8685    0.0001         1.0000        0.9961        50.9234     -0.9605
Epoch    Loss         Train Acc     Test Acc       L2 Norm   Dropout Gap
8686    0.0001         1.0000        0.9961        50.9219     -0.9604
8687    0.0001
              Per-Epoch  Results
                       1.0000
                                 (page  194
                                     0.9961
                                             of 223)
                                                   50.9203     -0.9558
8688    0.0001         1.0000        0.9962        50.9188     -0.9619
8689    0.0001         1.0000        0.9962        50.9172     -0.9598
8690    0.0001         1.0000        0.9962        50.9156     -0.9636
8691    0.0001         1.0000        0.9964        50.9141     -0.9608
8692    0.0001         1.0000        0.9967        50.9125     -0.9608
8693    0.0001         1.0000        0.9967        50.9109     -0.9611
8694    0.0001         1.0000        0.9967        50.9093     -0.9583
8695    0.0001         1.0000        0.9967        50.9078     -0.9627
8696    0.0001         1.0000        0.9967        50.9062     -0.9595
8697    0.0001         1.0000        0.9967        50.9046     -0.9633
8698    0.0001         1.0000        0.9967        50.9031     -0.9630
8699    0.0001         1.0000        0.9967        50.9015     -0.9631
8700    0.0001         1.0000        0.9967        50.8999     -0.9595
8701    0.0001         1.0000        0.9967        50.8984     -0.9602
8702    0.0001         1.0000        0.9967        50.8968     -0.9643
8703    0.0001         1.0000        0.9967        50.8952     -0.9610
8704    0.0001         1.0000        0.9967        50.8937     -0.9575
8705    0.0001         1.0000        0.9967        50.8921     -0.9604
8706    0.0001         1.0000        0.9967        50.8905     -0.9619
8707    0.0001         1.0000        0.9967        50.8889     -0.9617
8708    0.0001         1.0000        0.9967        50.8873     -0.9652
8709    0.0001         1.0000        0.9967        50.8857     -0.9586
8710    0.0001         1.0000        0.9967        50.8841     -0.9631
8711    0.0001         1.0000        0.9967        50.8825     -0.9587
8712    0.0001         1.0000        0.9967        50.8809     -0.9616
8713    0.0001         1.0000        0.9967        50.8793     -0.9610
8714    0.0001         1.0000        0.9967        50.8777     -0.9611
8715    0.0001         1.0000        0.9967        50.8761     -0.9617
8716    0.0001         1.0000        0.9967        50.8745     -0.9646
8717    0.0001         1.0000        0.9967        50.8729     -0.9558
8718    0.0001         1.0000        0.9967        50.8714     -0.9657
8719    0.0001         1.0000        0.9967        50.8698     -0.9602
8720    0.0001         1.0000        0.9967        50.8682     -0.9554
8721    0.0001         1.0000        0.9967        50.8666     -0.9596
8722    0.0001         1.0000        0.9967        50.8650     -0.9610
8723    0.0001         1.0000        0.9967        50.8635     -0.9583
8724    0.0001         1.0000        0.9967        50.8619     -0.9579
8725    0.0001         1.0000        0.9967        50.8602     -0.9590
8726    0.0001         1.0000        0.9967        50.8587     -0.9608
8727    0.0001         1.0000        0.9967        50.8571     -0.9640
8728    0.0001         1.0000        0.9967        50.8555     -0.9624
8729    0.0001         1.0000        0.9967        50.8539     -0.9628
8730    0.0001         1.0000        0.9967        50.8523     -0.9652
Epoch    Loss         Train Acc     Test Acc       L2 Norm   Dropout Gap
8731    0.0001         1.0000        0.9967        50.8507     -0.9598
8732    0.0001
              Per-Epoch  Results
                       1.0000
                                 (page  195
                                     0.9967
                                             of 223)
                                                   50.8491     -0.9611
8733    0.0001         1.0000        0.9967        50.8475     -0.9596
8734    0.0001         1.0000        0.9967        50.8459     -0.9572
8735    0.0001         1.0000        0.9967        50.8443     -0.9602
8736    0.0001         1.0000        0.9967        50.8427     -0.9617
8737    0.0001         1.0000        0.9967        50.8411     -0.9593
8738    0.0001         1.0000        0.9967        50.8396     -0.9634
8739    0.0001         1.0000        0.9967        50.8379     -0.9593
8740    0.0001         1.0000        0.9967        50.8364     -0.9595
8741    0.0001         1.0000        0.9967        50.8348     -0.9605
8742    0.0001         1.0000        0.9967        50.8332     -0.9613
8743    0.0001         1.0000        0.9967        50.8317     -0.9616
8744    0.0001         1.0000        0.9967        50.8301     -0.9608
8745    0.0001         1.0000        0.9967        50.8285     -0.9584
8746    0.0001         1.0000        0.9967        50.8269     -0.9625
8747    0.0001         1.0000        0.9967        50.8253     -0.9619
8748    0.0001         1.0000        0.9967        50.8237     -0.9652
8749    0.0001         1.0000        0.9967        50.8221     -0.9610
8750    0.0001         1.0000        0.9967        50.8206     -0.9581
8751    0.0001         1.0000        0.9967        50.8190     -0.9570
8752    0.0001         1.0000        0.9967        50.8174     -0.9642
8753    0.0001         1.0000        0.9967        50.8158     -0.9605
8754    0.0001         1.0000        0.9967        50.8142     -0.9586
8755    0.0001         1.0000        0.9967        50.8126     -0.9575
8756    0.0001         1.0000        0.9967        50.8111     -0.9605
8757    0.0001         1.0000        0.9967        50.8095     -0.9637
8758    0.0001         1.0000        0.9967        50.8079     -0.9652
8759    0.0001         1.0000        0.9967        50.8064     -0.9613
8760    0.0001         1.0000        0.9967        50.8048     -0.9608
8761    0.0001         1.0000        0.9967        50.8033     -0.9542
8762    0.0001         1.0000        0.9967        50.8017     -0.9581
8763    0.0001         1.0000        0.9967        50.8001     -0.9593
8764    0.0001         1.0000        0.9967        50.7986     -0.9619
8765    0.0001         1.0000        0.9967        50.7970     -0.9633
8766    0.0001         1.0000        0.9967        50.7955     -0.9596
8767    0.0001         1.0000        0.9967        50.7939     -0.9590
8768    0.0001         1.0000        0.9967        50.7924     -0.9593
8769    0.0001         1.0000        0.9967        50.7908     -0.9592
8770    0.0001         1.0000        0.9967        50.7893     -0.9633
8771    0.0001         1.0000        0.9967        50.7877     -0.9557
8772    0.0001         1.0000        0.9967        50.7861     -0.9616
8773    0.0001         1.0000        0.9967        50.7845     -0.9608
8774    0.0001         1.0000        0.9967        50.7830     -0.9639
8775    0.0001         1.0000        0.9967        50.7814     -0.9642
Epoch    Loss         Train Acc     Test Acc       L2 Norm   Dropout Gap
8776    0.0001         1.0000        0.9967        50.7798     -0.9627
8777    0.0001
              Per-Epoch  Results
                       1.0000
                                 (page  196
                                     0.9967
                                             of 223)
                                                   50.7783     -0.9636
8778    0.0001         1.0000        0.9967        50.7767     -0.9604
8779    0.0001         1.0000        0.9967        50.7751     -0.9631
8780    0.0001         1.0000        0.9967        50.7735     -0.9614
8781    0.0001         1.0000        0.9967        50.7719     -0.9617
8782    0.0001         1.0000        0.9967        50.7704     -0.9616
8783    0.0001         1.0000        0.9967        50.7688     -0.9601
8784    0.0001         1.0000        0.9967        50.7672     -0.9583
8785    0.0001         1.0000        0.9967        50.7656     -0.9593
8786    0.0001         1.0000        0.9967        50.7641     -0.9605
8787    0.0001         1.0000        0.9967        50.7625     -0.9608
8788    0.0001         1.0000        0.9967        50.7609     -0.9633
8789    0.0001         1.0000        0.9967        50.7593     -0.9608
8790    0.0001         1.0000        0.9967        50.7577     -0.9628
8791    0.0001         1.0000        0.9967        50.7562     -0.9601
8792    0.0001         1.0000        0.9967        50.7546     -0.9595
8793    0.0001         1.0000        0.9967        50.7530     -0.9616
8794    0.0001         1.0000        0.9967        50.7514     -0.9613
8795    0.0001         1.0000        0.9967        50.7499     -0.9633
8796    0.0001         1.0000        0.9967        50.7483     -0.9625
8797    0.0001         1.0000        0.9967        50.7467     -0.9598
8798    0.0001         1.0000        0.9967        50.7452     -0.9625
8799    0.0001         1.0000        0.9967        50.7436     -0.9633
8800    0.0001         1.0000        0.9967        50.7420     -0.9639
8801    0.0001         1.0000        0.9967        50.7405     -0.9605
8802    0.0001         1.0000        0.9967        50.7389     -0.9601
8803    0.0001         1.0000        0.9967        50.7373     -0.9607
8804    0.0001         1.0000        0.9967        50.7357     -0.9604
8805    0.0001         1.0000        0.9967        50.7342     -0.9622
8806    0.0001         1.0000        0.9967        50.7326     -0.9631
8807    0.0001         1.0000        0.9967        50.7310     -0.9628
8808    0.0001         1.0000        0.9967        50.7295     -0.9627
8809    0.0001         1.0000        0.9967        50.7279     -0.9631
8810    0.0001         1.0000        0.9967        50.7263     -0.9572
8811    0.0001         1.0000        0.9967        50.7247     -0.9579
8812    0.0001         1.0000        0.9967        50.7232     -0.9551
8813    0.0001         1.0000        0.9967        50.7216     -0.9601
8814    0.0001         1.0000        0.9967        50.7201     -0.9583
8815    0.0001         1.0000        0.9967        50.7185     -0.9601
8816    0.0001         1.0000        0.9967        50.7170     -0.9619
8817    0.0001         1.0000        0.9967        50.7154     -0.9620
8818    0.0001         1.0000        0.9967        50.7138     -0.9614
8819    0.0001         1.0000        0.9967        50.7122     -0.9634
8820    0.0001         1.0000        0.9967        50.7106     -0.9607
Epoch    Loss         Train Acc     Test Acc       L2 Norm   Dropout Gap
8821    0.0001         1.0000        0.9967        50.7091     -0.9605
8822    0.0001
              Per-Epoch  Results
                       1.0000
                                 (page  197
                                     0.9967
                                             of 223)
                                                   50.7075     -0.9595
8823    0.0001         1.0000        0.9967        50.7059     -0.9570
8824    0.0001         1.0000        0.9967        50.7043     -0.9630
8825    0.0001         1.0000        0.9967        50.7027     -0.9610
8826    0.0001         1.0000        0.9967        50.7011     -0.9616
8827    0.0001         1.0000        0.9967        50.6996     -0.9576
8828    0.0001         1.0000        0.9967        50.6980     -0.9595
8829    0.0001         1.0000        0.9967        50.6965     -0.9576
8830    0.0001         1.0000        0.9967        50.6949     -0.9598
8831    0.0001         1.0000        0.9967        50.6933     -0.9587
8832    0.0001         1.0000        0.9967        50.6917     -0.9583
8833    0.0001         1.0000        0.9967        50.6902     -0.9645
8834    0.0001         1.0000        0.9967        50.6886     -0.9640
8835    0.0001         1.0000        0.9967        50.6871     -0.9589
8836    0.0001         1.0000        0.9967        50.6855     -0.9604
8837    0.0001         1.0000        0.9967        50.6840     -0.9636
8838    0.0001         1.0000        0.9967        50.6824     -0.9610
8839    0.0001         1.0000        0.9967        50.6809     -0.9599
8840    0.0001         1.0000        0.9967        50.6793     -0.9610
8841    0.0001         1.0000        0.9967        50.6777     -0.9614
8842    0.0001         1.0000        0.9967        50.6762     -0.9639
8843    0.0001         1.0000        0.9967        50.6746     -0.9610
8844    0.0001         1.0000        0.9967        50.6730     -0.9614
8845    0.0001         1.0000        0.9967        50.6714     -0.9598
8846    0.0001         1.0000        0.9967        50.6699     -0.9620
8847    0.0001         1.0000        0.9967        50.6683     -0.9617
8848    0.0001         1.0000        0.9967        50.6667     -0.9584
8849    0.0001         1.0000        0.9967        50.6651     -0.9640
8850    0.0001         1.0000        0.9967        50.6636     -0.9589
8851    0.0001         1.0000        0.9967        50.6620     -0.9628
8852    0.0001         1.0000        0.9967        50.6605     -0.9583
8853    0.0001         1.0000        0.9967        50.6589     -0.9576
8854    0.0001         1.0000        0.9967        50.6574     -0.9564
8855    0.0001         1.0000        0.9967        50.6558     -0.9567
8856    0.0001         1.0000        0.9967        50.6543     -0.9586
8857    0.0001         1.0000        0.9967        50.6527     -0.9601
8858    0.0001         1.0000        0.9967        50.6512     -0.9616
8859    0.0001         1.0000        0.9967        50.6496     -0.9579
8860    0.0001         1.0000        0.9967        50.6480     -0.9634
8861    0.0001         1.0000        0.9967        50.6465     -0.9601
8862    0.0001         1.0000        0.9967        50.6449     -0.9599
8863    0.0001         1.0000        0.9967        50.6434     -0.9587
8864    0.0001         1.0000        0.9967        50.6418     -0.9664
8865    0.0001         1.0000        0.9967        50.6402     -0.9619
Epoch    Loss         Train Acc     Test Acc       L2 Norm   Dropout Gap
8866    0.0001         1.0000        0.9967        50.6387     -0.9605
8867    0.0001
              Per-Epoch  Results
                       1.0000
                                 (page  198
                                     0.9967
                                             of 223)
                                                   50.6371     -0.9610
8868    0.0001         1.0000        0.9967        50.6355     -0.9614
8869    0.0001         1.0000        0.9967        50.6340     -0.9592
8870    0.0001         1.0000        0.9967        50.6324     -0.9620
8871    0.0001         1.0000        0.9967        50.6308     -0.9640
8872    0.0001         1.0000        0.9967        50.6293     -0.9608
8873    0.0001         1.0000        0.9967        50.6277     -0.9625
8874    0.0001         1.0000        0.9967        50.6261     -0.9605
8875    0.0001         1.0000        0.9967        50.6246     -0.9579
8876    0.0001         1.0000        0.9967        50.6230     -0.9599
8877    0.0001         1.0000        0.9967        50.6215     -0.9614
8878    0.0001         1.0000        0.9967        50.6199     -0.9593
8879    0.0001         1.0000        0.9967        50.6184     -0.9608
8880    0.0001         1.0000        0.9967        50.6168     -0.9592
8881    0.0001         1.0000        0.9967        50.6153     -0.9573
8882    0.0001         1.0000        0.9967        50.6137     -0.9572
8883    0.0001         1.0000        0.9967        50.6121     -0.9617
8884    0.0001         1.0000        0.9967        50.6106     -0.9601
8885    0.0001         1.0000        0.9967        50.6090     -0.9611
8886    0.0001         1.0000        0.9967        50.6074     -0.9590
8887    0.0001         1.0000        0.9967        50.6059     -0.9605
8888    0.0001         1.0000        0.9967        50.6043     -0.9586
8889    0.0001         1.0000        0.9967        50.6028     -0.9578
8890    0.0001         1.0000        0.9967        50.6013     -0.9640
8891    0.0001         1.0000        0.9967        50.5997     -0.9628
8892    0.0001         1.0000        0.9967        50.5981     -0.9636
8893    0.0001         1.0000        0.9967        50.5966     -0.9599
8894    0.0001         1.0000        0.9967        50.5950     -0.9608
8895    0.0001         1.0000        0.9967        50.5935     -0.9633
8896    0.0001         1.0000        0.9967        50.5919     -0.9633
8897    0.0001         1.0000        0.9967        50.5903     -0.9599
8898    0.0001         1.0000        0.9967        50.5888     -0.9625
8899    0.0001         1.0000        0.9967        50.5872     -0.9613
8900    0.0001         1.0000        0.9967        50.5856     -0.9614
8901    0.0001         1.0000        0.9967        50.5841     -0.9572
8902    0.0001         1.0000        0.9967        50.5825     -0.9620
8903    0.0001         1.0000        0.9967        50.5810     -0.9654
8904    0.0001         1.0000        0.9967        50.5794     -0.9590
8905    0.0001         1.0000        0.9967        50.5779     -0.9657
8906    0.0001         1.0000        0.9967        50.5763     -0.9602
8907    0.0001         1.0000        0.9967        50.5748     -0.9605
8908    0.0001         1.0000        0.9967        50.5732     -0.9643
8909    0.0001         1.0000        0.9967        50.5716     -0.9589
8910    0.0001         1.0000        0.9967        50.5701     -0.9584
Epoch    Loss         Train Acc     Test Acc       L2 Norm   Dropout Gap
8911    0.0001         1.0000        0.9967        50.5685     -0.9607
8912    0.0001
              Per-Epoch  Results
                       1.0000
                                 (page  199
                                     0.9967
                                             of 223)
                                                   50.5669     -0.9555
8913    0.0001         1.0000        0.9967        50.5654     -0.9601
8914    0.0001         1.0000        0.9967        50.5638     -0.9593
8915    0.0001         1.0000        0.9967        50.5623     -0.9624
8916    0.0001         1.0000        0.9967        50.5607     -0.9602
8917    0.0001         1.0000        0.9967        50.5592     -0.9610
8918    0.0001         1.0000        0.9967        50.5576     -0.9645
8919    0.0001         1.0000        0.9967        50.5560     -0.9624
8920    0.0001         1.0000        0.9967        50.5544     -0.9622
8921    0.0001         1.0000        0.9967        50.5529     -0.9566
8922    0.0001         1.0000        0.9967        50.5513     -0.9633
8923    0.0001         1.0000        0.9967        50.5497     -0.9593
8924    0.0001         1.0000        0.9967        50.5482     -0.9634
8925    0.0001         1.0000        0.9967        50.5466     -0.9640
8926    0.0001         1.0000        0.9967        50.5450     -0.9619
8927    0.0001         1.0000        0.9967        50.5435     -0.9634
8928    0.0001         1.0000        0.9967        50.5419     -0.9631
8929    0.0001         1.0000        0.9967        50.5403     -0.9617
8930    0.0001         1.0000        0.9967        50.5387     -0.9636
8931    0.0001         1.0000        0.9967        50.5371     -0.9630
8932    0.0001         1.0000        0.9967        50.5356     -0.9620
8933    0.0001         1.0000        0.9967        50.5340     -0.9601
8934    0.0001         1.0000        0.9967        50.5324     -0.9587
8935    0.0001         1.0000        0.9967        50.5309     -0.9584
8936    0.0001         1.0000        0.9967        50.5293     -0.9608
8937    0.0001         1.0000        0.9967        50.5277     -0.9624
8938    0.0001         1.0000        0.9967        50.5262     -0.9636
8939    0.0001         1.0000        0.9967        50.5246     -0.9627
8940    0.0001         1.0000        0.9967        50.5230     -0.9604
8941    0.0001         1.0000        0.9967        50.5214     -0.9599
8942    0.0001         1.0000        0.9967        50.5198     -0.9617
8943    0.0001         1.0000        0.9967        50.5183     -0.9590
8944    0.0001         1.0000        0.9967        50.5167     -0.9576
8945    0.0001         1.0000        0.9967        50.5151     -0.9581
8946    0.0001         1.0000        0.9967        50.5136     -0.9578
8947    0.0001         1.0000        0.9967        50.5120     -0.9593
8948    0.0001         1.0000        0.9967        50.5104     -0.9608
8949    0.0001         1.0000        0.9967        50.5089     -0.9620
8950    0.0001         1.0000        0.9967        50.5073     -0.9605
8951    0.0001         1.0000        0.9967        50.5058     -0.9607
8952    0.0001         1.0000        0.9967        50.5043     -0.9636
8953    0.0001         1.0000        0.9967        50.5027     -0.9625
8954    0.0001         1.0000        0.9967        50.5011     -0.9570
8955    0.0001         1.0000        0.9967        50.4995     -0.9578
Epoch    Loss         Train Acc     Test Acc       L2 Norm   Dropout Gap
8956    0.0001         1.0000        0.9967        50.4980     -0.9610
8957    0.0001
              Per-Epoch  Results
                       1.0000
                                 (page  200
                                     0.9967
                                             of 223)
                                                   50.4964     -0.9602
8958    0.0001         1.0000        0.9967        50.4948     -0.9614
8959    0.0001         1.0000        0.9967        50.4932     -0.9624
8960    0.0001         1.0000        0.9967        50.4916     -0.9633
8961    0.0001         1.0000        0.9967        50.4900     -0.9575
8962    0.0001         1.0000        0.9967        50.4885     -0.9598
8963    0.0001         1.0000        0.9967        50.4869     -0.9642
8964    0.0001         1.0000        0.9967        50.4854     -0.9622
8965    0.0001         1.0000        0.9967        50.4838     -0.9578
8966    0.0001         1.0000        0.9967        50.4823     -0.9573
8967    0.0001         1.0000        0.9967        50.4807     -0.9607
8968    0.0001         1.0000        0.9967        50.4791     -0.9601
8969    0.0001         1.0000        0.9967        50.4776     -0.9607
8970    0.0001         1.0000        0.9967        50.4760     -0.9622
8971    0.0001         1.0000        0.9967        50.4744     -0.9627
8972    0.0001         1.0000        0.9967        50.4728     -0.9634
8973    0.0001         1.0000        0.9967        50.4712     -0.9620
8974    0.0001         1.0000        0.9967        50.4697     -0.9619
8975    0.0001         1.0000        0.9967        50.4681     -0.9573
8976    0.0001         1.0000        0.9967        50.4665     -0.9625
8977    0.0001         1.0000        0.9967        50.4649     -0.9579
8978    0.0001         1.0000        0.9967        50.4633     -0.9605
8979    0.0001         1.0000        0.9967        50.4618     -0.9572
8980    0.0001         1.0000        0.9967        50.4602     -0.9573
8981    0.0001         1.0000        0.9967        50.4587     -0.9573
8982    0.0001         1.0000        0.9967        50.4571     -0.9660
8983    0.0001         1.0000        0.9967        50.4555     -0.9642
8984    0.0001         1.0000        0.9967        50.4540     -0.9642
8985    0.0001         1.0000        0.9967        50.4524     -0.9602
8986    0.0001         1.0000        0.9967        50.4508     -0.9639
8987    0.0001         1.0000        0.9967        50.4492     -0.9581
8988    0.0001         1.0000        0.9967        50.4477     -0.9572
8989    0.0001         1.0000        0.9967        50.4461     -0.9607
8990    0.0001         1.0000        0.9967        50.4445     -0.9627
8991    0.0001         1.0000        0.9967        50.4429     -0.9593
8992    0.0001         1.0000        0.9967        50.4414     -0.9624
8993    0.0001         1.0000        0.9967        50.4398     -0.9616
8994    0.0001         1.0000        0.9967        50.4383     -0.9598
8995    0.0001         1.0000        0.9967        50.4367     -0.9578
8996    0.0001         1.0000        0.9967        50.4351     -0.9608
8997    0.0001         1.0000        0.9967        50.4336     -0.9601
8998    0.0001         1.0000        0.9967        50.4320     -0.9625
8999    0.0001         1.0000        0.9967        50.4304     -0.9592
9000    0.0001         1.0000        0.9967        50.4288     -0.9602
Epoch    Loss         Train Acc     Test Acc       L2 Norm   Dropout Gap
9001    0.0001         1.0000        0.9967        50.4272     -0.9640
9002    0.0001
              Per-Epoch  Results
                       1.0000
                                 (page  201
                                     0.9967
                                             of 223)
                                                   50.4256     -0.9630
9003    0.0001         1.0000        0.9967        50.4241     -0.9578
9004    0.0001         1.0000        0.9967        50.4225     -0.9617
9005    0.0001         1.0000        0.9967        50.4209     -0.9637
9006    0.0001         1.0000        0.9967        50.4194     -0.9596
9007    0.0001         1.0000        0.9967        50.4178     -0.9586
9008    0.0001         1.0000        0.9967        50.4162     -0.9584
9009    0.0001         1.0000        0.9967        50.4146     -0.9605
9010    0.0001         1.0000        0.9967        50.4131     -0.9625
9011    0.0001         1.0000        0.9967        50.4115     -0.9624
9012    0.0001         1.0000        0.9967        50.4099     -0.9611
9013    0.0001         1.0000        0.9967        50.4083     -0.9593
9014    0.0001         1.0000        0.9967        50.4067     -0.9617
9015    0.0001         1.0000        0.9967        50.4051     -0.9651
9016    0.0001         1.0000        0.9967        50.4035     -0.9575
9017    0.0001         1.0000        0.9967        50.4020     -0.9575
9018    0.0001         1.0000        0.9967        50.4004     -0.9598
9019    0.0001         1.0000        0.9967        50.3988     -0.9630
9020    0.0001         1.0000        0.9967        50.3972     -0.9604
9021    0.0001         1.0000        0.9967        50.3956     -0.9578
9022    0.0001         1.0000        0.9967        50.3940     -0.9614
9023    0.0001         1.0000        0.9967        50.3925     -0.9593
9024    0.0001         1.0000        0.9967        50.3909     -0.9596
9025    0.0001         1.0000        0.9967        50.3893     -0.9640
9026    0.0001         1.0000        0.9967        50.3877     -0.9595
9027    0.0001         1.0000        0.9967        50.3861     -0.9625
9028    0.0001         1.0000        0.9967        50.3845     -0.9599
9029    0.0001         1.0000        0.9967        50.3829     -0.9619
9030    0.0001         1.0000        0.9967        50.3813     -0.9587
9031    0.0001         1.0000        0.9967        50.3798     -0.9611
9032    0.0001         1.0000        0.9967        50.3782     -0.9595
9033    0.0001         1.0000        0.9967        50.3766     -0.9596
9034    0.0001         1.0000        0.9967        50.3751     -0.9608
9035    0.0001         1.0000        0.9967        50.3735     -0.9593
9036    0.0001         1.0000        0.9967        50.3719     -0.9619
9037    0.0001         1.0000        0.9967        50.3703     -0.9614
9038    0.0001         1.0000        0.9967        50.3687     -0.9610
9039    0.0001         1.0000        0.9967        50.3671     -0.9586
9040    0.0001         1.0000        0.9967        50.3656     -0.9633
9041    0.0001         1.0000        0.9967        50.3640     -0.9560
9042    0.0001         1.0000        0.9967        50.3624     -0.9589
9043    0.0001         1.0000        0.9967        50.3608     -0.9611
9044    0.0001         1.0000        0.9967        50.3592     -0.9645
9045    0.0001         1.0000        0.9967        50.3576     -0.9645
Epoch    Loss         Train Acc     Test Acc       L2 Norm   Dropout Gap
9046    0.0001         1.0000        0.9967        50.3561     -0.9586
9047    0.0001
              Per-Epoch  Results
                       1.0000
                                 (page  202
                                     0.9967
                                             of 223)
                                                   50.3545     -0.9605
9048    0.0001         1.0000        0.9967        50.3529     -0.9560
9049    0.0001         1.0000        0.9967        50.3513     -0.9648
9050    0.0001         1.0000        0.9967        50.3497     -0.9581
9051    0.0001         1.0000        0.9967        50.3482     -0.9617
9052    0.0001         1.0000        0.9967        50.3466     -0.9625
9053    0.0001         1.0000        0.9967        50.3450     -0.9627
9054    0.0001         1.0000        0.9967        50.3434     -0.9595
9055    0.0001         1.0000        0.9967        50.3418     -0.9602
9056    0.0001         1.0000        0.9967        50.3403     -0.9664
9057    0.0001         1.0000        0.9967        50.3387     -0.9596
9058    0.0001         1.0000        0.9967        50.3371     -0.9586
9059    0.0001         1.0000        0.9967        50.3356     -0.9566
9060    0.0001         1.0000        0.9967        50.3340     -0.9640
9061    0.0001         1.0000        0.9967        50.3324     -0.9589
9062    0.0001         1.0000        0.9967        50.3308     -0.9572
9063    0.0001         1.0000        0.9967        50.3292     -0.9611
9064    0.0001         1.0000        0.9967        50.3276     -0.9628
9065    0.0001         1.0000        0.9967        50.3260     -0.9560
9066    0.0001         1.0000        0.9967        50.3244     -0.9634
9067    0.0001         1.0000        0.9967        50.3229     -0.9617
9068    0.0001         1.0000        0.9967        50.3213     -0.9586
9069    0.0001         1.0000        0.9967        50.3197     -0.9601
9070    0.0001         1.0000        0.9967        50.3181     -0.9569
9071    0.0001         1.0000        0.9967        50.3165     -0.9586
9072    0.0001         1.0000        0.9967        50.3150     -0.9614
9073    0.0001         1.0000        0.9967        50.3134     -0.9607
9074    0.0001         1.0000        0.9967        50.3118     -0.9614
9075    0.0001         1.0000        0.9967        50.3102     -0.9607
9076    0.0001         1.0000        0.9967        50.3086     -0.9592
9077    0.0001         1.0000        0.9967        50.3070     -0.9608
9078    0.0001         1.0000        0.9967        50.3054     -0.9601
9079    0.0001         1.0000        0.9967        50.3038     -0.9567
9080    0.0001         1.0000        0.9967        50.3022     -0.9616
9081    0.0001         1.0000        0.9967        50.3006     -0.9604
9082    0.0001         1.0000        0.9967        50.2990     -0.9590
9083    0.0001         1.0000        0.9967        50.2974     -0.9599
9084    0.0001         1.0000        0.9967        50.2959     -0.9655
9085    0.0001         1.0000        0.9967        50.2943     -0.9619
9086    0.0001         1.0000        0.9967        50.2926     -0.9590
9087    0.0001         1.0000        0.9967        50.2911     -0.9595
9088    0.0001         1.0000        0.9967        50.2895     -0.9570
9089    0.0001         1.0000        0.9967        50.2879     -0.9640
9090    0.0001         1.0000        0.9967        50.2863     -0.9613
Epoch    Loss         Train Acc     Test Acc       L2 Norm   Dropout Gap
9091    0.0001         1.0000        0.9967        50.2847     -0.9601
9092    0.0001
              Per-Epoch  Results
                       1.0000
                                 (page  203
                                     0.9967
                                             of 223)
                                                   50.2831     -0.9595
9093    0.0001         1.0000        0.9967        50.2815     -0.9607
9094    0.0001         1.0000        0.9967        50.2799     -0.9586
9095    0.0001         1.0000        0.9967        50.2783     -0.9633
9096    0.0001         1.0000        0.9967        50.2768     -0.9620
9097    0.0001         1.0000        0.9967        50.2752     -0.9601
9098    0.0001         1.0000        0.9967        50.2736     -0.9640
9099    0.0001         1.0000        0.9967        50.2720     -0.9569
9100    0.0001         1.0000        0.9967        50.2704     -0.9558
9101    0.0001         1.0000        0.9967        50.2688     -0.9608
9102    0.0001         1.0000        0.9967        50.2673     -0.9646
9103    0.0001         1.0000        0.9967        50.2657     -0.9607
9104    0.0001         1.0000        0.9967        50.2641     -0.9628
9105    0.0001         1.0000        0.9967        50.2625     -0.9642
9106    0.0001         1.0000        0.9967        50.2609     -0.9625
9107    0.0001         1.0000        0.9967        50.2593     -0.9611
9108    0.0001         1.0000        0.9967        50.2577     -0.9619
9109    0.0001         1.0000        0.9967        50.2561     -0.9620
9110    0.0001         1.0000        0.9967        50.2545     -0.9617
9111    0.0001         1.0000        0.9967        50.2529     -0.9604
9112    0.0001         1.0000        0.9967        50.2513     -0.9614
9113    0.0001         1.0000        0.9967        50.2498     -0.9658
9114    0.0001         1.0000        0.9967        50.2482     -0.9645
9115    0.0001         1.0000        0.9967        50.2466     -0.9589
9116    0.0001         1.0000        0.9967        50.2451     -0.9593
9117    0.0001         1.0000        0.9967        50.2435     -0.9614
9118    0.0001         1.0000        0.9967        50.2419     -0.9592
9119    0.0001         1.0000        0.9967        50.2403     -0.9557
9120    0.0001         1.0000        0.9967        50.2386     -0.9610
9121    0.0001         1.0000        0.9967        50.2370     -0.9610
9122    0.0001         1.0000        0.9967        50.2354     -0.9633
9123    0.0001         1.0000        0.9967        50.2338     -0.9576
9124    0.0001         1.0000        0.9967        50.2322     -0.9613
9125    0.0001         1.0000        0.9967        50.2307     -0.9563
9126    0.0001         1.0000        0.9967        50.2291     -0.9601
9127    0.0001         1.0000        0.9967        50.2275     -0.9593
9128    0.0001         1.0000        0.9967        50.2259     -0.9598
9129    0.0001         1.0000        0.9967        50.2243     -0.9655
9130    0.0001         1.0000        0.9967        50.2227     -0.9658
9131    0.0001         1.0000        0.9967        50.2211     -0.9643
9132    0.0001         1.0000        0.9967        50.2195     -0.9630
9133    0.0001         1.0000        0.9967        50.2179     -0.9607
9134    0.0001         1.0000        0.9967        50.2163     -0.9614
9135    0.0001         1.0000        0.9967        50.2148     -0.9622
Epoch    Loss         Train Acc     Test Acc       L2 Norm   Dropout Gap
9136    0.0001         1.0000        0.9967        50.2132     -0.9607
9137    0.0001
              Per-Epoch  Results
                       1.0000
                                 (page  204
                                     0.9967
                                             of 223)
                                                   50.2116     -0.9619
9138    0.0001         1.0000        0.9967        50.2100     -0.9586
9139    0.0001         1.0000        0.9967        50.2084     -0.9639
9140    0.0001         1.0000        0.9967        50.2068     -0.9573
9141    0.0001         1.0000        0.9967        50.2052     -0.9636
9142    0.0001         1.0000        0.9967        50.2036     -0.9607
9143    0.0001         1.0000        0.9967        50.2020     -0.9617
9144    0.0001         1.0000        0.9967        50.2004     -0.9575
9145    0.0001         1.0000        0.9967        50.1988     -0.9601
9146    0.0001         1.0000        0.9967        50.1972     -0.9605
9147    0.0001         1.0000        0.9967        50.1956     -0.9610
9148    0.0001         1.0000        0.9967        50.1940     -0.9628
9149    0.0001         1.0000        0.9967        50.1924     -0.9578
9150    0.0001         1.0000        0.9967        50.1908     -0.9610
9151    0.0001         1.0000        0.9967        50.1892     -0.9557
9152    0.0001         1.0000        0.9967        50.1876     -0.9587
9153    0.0001         1.0000        0.9967        50.1860     -0.9604
9154    0.0001         1.0000        0.9967        50.1844     -0.9614
9155    0.0001         1.0000        0.9967        50.1828     -0.9593
9156    0.0001         1.0000        0.9967        50.1812     -0.9554
9157    0.0001         1.0000        0.9967        50.1796     -0.9596
9158    0.0001         1.0000        0.9967        50.1780     -0.9593
9159    0.0001         1.0000        0.9967        50.1764     -0.9586
9160    0.0001         1.0000        0.9967        50.1748     -0.9595
9161    0.0001         1.0000        0.9967        50.1732     -0.9640
9162    0.0001         1.0000        0.9967        50.1716     -0.9610
9163    0.0001         1.0000        0.9967        50.1700     -0.9605
9164    0.0001         1.0000        0.9967        50.1684     -0.9599
9165    0.0001         1.0000        0.9967        50.1668     -0.9628
9166    0.0001         1.0000        0.9967        50.1652     -0.9640
9167    0.0001         1.0000        0.9967        50.1636     -0.9630
9168    0.0001         1.0000        0.9967        50.1620     -0.9557
9169    0.0001         1.0000        0.9967        50.1604     -0.9567
9170    0.0001         1.0000        0.9967        50.1588     -0.9601
9171    0.0001         1.0000        0.9967        50.1572     -0.9613
9172    0.0001         1.0000        0.9967        50.1556     -0.9619
9173    0.0001         1.0000        0.9967        50.1540     -0.9617
9174    0.0001         1.0000        0.9967        50.1524     -0.9581
9175    0.0001         1.0000        0.9967        50.1508     -0.9596
9176    0.0001         1.0000        0.9967        50.1492     -0.9611
9177    0.0001         1.0000        0.9967        50.1476     -0.9624
9178    0.0001         1.0000        0.9967        50.1460     -0.9611
9179    0.0001         1.0000        0.9967        50.1444     -0.9596
9180    0.0001         1.0000        0.9967        50.1428     -0.9601
Epoch    Loss         Train Acc     Test Acc       L2 Norm   Dropout Gap
9181    0.0001         1.0000        0.9967        50.1412     -0.9622
9182    0.0001
              Per-Epoch  Results
                       1.0000
                                 (page  205
                                     0.9967
                                             of 223)
                                                   50.1396     -0.9596
9183    0.0001         1.0000        0.9967        50.1380     -0.9590
9184    0.0001         1.0000        0.9967        50.1364     -0.9598
9185    0.0001         1.0000        0.9967        50.1348     -0.9634
9186    0.0001         1.0000        0.9967        50.1332     -0.9593
9187    0.0001         1.0000        0.9967        50.1316     -0.9601
9188    0.0001         1.0000        0.9967        50.1300     -0.9630
9189    0.0001         1.0000        0.9967        50.1284     -0.9599
9190    0.0001         1.0000        0.9967        50.1268     -0.9586
9191    0.0001         1.0000        0.9967        50.1252     -0.9624
9192    0.0001         1.0000        0.9967        50.1236     -0.9576
9193    0.0001         1.0000        0.9967        50.1220     -0.9617
9194    0.0001         1.0000        0.9967        50.1204     -0.9595
9195    0.0001         1.0000        0.9967        50.1188     -0.9624
9196    0.0001         1.0000        0.9967        50.1172     -0.9616
9197    0.0001         1.0000        0.9967        50.1156     -0.9579
9198    0.0001         1.0000        0.9967        50.1140     -0.9598
9199    0.0001         1.0000        0.9967        50.1124     -0.9627
9200    0.0001         1.0000        0.9967        50.1108     -0.9613
9201    0.0001         1.0000        0.9967        50.1092     -0.9614
9202    0.0001         1.0000        0.9967        50.1076     -0.9601
9203    0.0001         1.0000        0.9967        50.1060     -0.9633
9204    0.0001         1.0000        0.9967        50.1044     -0.9622
9205    0.0001         1.0000        0.9967        50.1028     -0.9572
9206    0.0001         1.0000        0.9967        50.1012     -0.9611
9207    0.0001         1.0000        0.9967        50.0996     -0.9624
9208    0.0001         1.0000        0.9967        50.0980     -0.9589
9209    0.0001         1.0000        0.9967        50.0964     -0.9578
9210    0.0001         1.0000        0.9967        50.0948     -0.9639
9211    0.0001         1.0000        0.9967        50.0932     -0.9578
9212    0.0001         1.0000        0.9967        50.0916     -0.9608
9213    0.0001         1.0000        0.9967        50.0900     -0.9581
9214    0.0001         1.0000        0.9967        50.0884     -0.9592
9215    0.0001         1.0000        0.9967        50.0868     -0.9560
9216    0.0001         1.0000        0.9967        50.0852     -0.9611
9217    0.0001         1.0000        0.9967        50.0836     -0.9614
9218    0.0001         1.0000        0.9967        50.0820     -0.9624
9219    0.0001         1.0000        0.9967        50.0804     -0.9607
9220    0.0001         1.0000        0.9967        50.0787     -0.9598
9221    0.0001         1.0000        0.9967        50.0771     -0.9569
9222    0.0001         1.0000        0.9967        50.0756     -0.9610
9223    0.0001         1.0000        0.9967        50.0740     -0.9598
9224    0.0001         1.0000        0.9967        50.0723     -0.9566
9225    0.0001         1.0000        0.9967        50.0707     -0.9572
Epoch    Loss         Train Acc     Test Acc       L2 Norm   Dropout Gap
9226    0.0001         1.0000        0.9967        50.0691     -0.9604
9227    0.0001
              Per-Epoch  Results
                       1.0000
                                 (page  206
                                     0.9967
                                             of 223)
                                                   50.0676     -0.9624
9228    0.0001         1.0000        0.9967        50.0660     -0.9628
9229    0.0001         1.0000        0.9967        50.0644     -0.9613
9230    0.0001         1.0000        0.9967        50.0628     -0.9630
9231    0.0001         1.0000        0.9967        50.0612     -0.9628
9232    0.0001         1.0000        0.9967        50.0596     -0.9625
9233    0.0001         1.0000        0.9967        50.0580     -0.9607
9234    0.0001         1.0000        0.9967        50.0564     -0.9593
9235    0.0001         1.0000        0.9967        50.0548     -0.9607
9236    0.0001         1.0000        0.9967        50.0532     -0.9605
9237    0.0001         1.0000        0.9967        50.0516     -0.9634
9238    0.0001         1.0000        0.9967        50.0499     -0.9611
9239    0.0001         1.0000        0.9967        50.0483     -0.9617
9240    0.0001         1.0000        0.9967        50.0467     -0.9584
9241    0.0001         1.0000        0.9967        50.0451     -0.9633
9242    0.0001         1.0000        0.9967        50.0435     -0.9622
9243    0.0001         1.0000        0.9967        50.0419     -0.9601
9244    0.0001         1.0000        0.9967        50.0403     -0.9579
9245    0.0001         1.0000        0.9967        50.0387     -0.9586
9246    0.0001         1.0000        0.9967        50.0371     -0.9624
9247    0.0001         1.0000        0.9967        50.0355     -0.9593
9248    0.0001         1.0000        0.9967        50.0339     -0.9614
9249    0.0001         1.0000        0.9967        50.0323     -0.9636
9250    0.0001         1.0000        0.9967        50.0307     -0.9552
9251    0.0001         1.0000        0.9967        50.0291     -0.9589
9252    0.0001         1.0000        0.9967        50.0275     -0.9636
9253    0.0001         1.0000        0.9967        50.0259     -0.9607
9254    0.0001         1.0000        0.9967        50.0243     -0.9551
9255    0.0001         1.0000        0.9967        50.0227     -0.9598
9256    0.0001         1.0000        0.9967        50.0211     -0.9611
9257    0.0001         1.0000        0.9967        50.0195     -0.9605
9258    0.0001         1.0000        0.9967        50.0179     -0.9608
9259    0.0001         1.0000        0.9967        50.0162     -0.9602
9260    0.0001         1.0000        0.9967        50.0146     -0.9636
9261    0.0001         1.0000        0.9967        50.0130     -0.9628
9262    0.0001         1.0000        0.9967        50.0114     -0.9620
9263    0.0001         1.0000        0.9967        50.0098     -0.9584
9264    0.0001         1.0000        0.9967        50.0082     -0.9590
9265    0.0001         1.0000        0.9967        50.0066     -0.9619
9266    0.0001         1.0000        0.9967        50.0050     -0.9586
9267    0.0001         1.0000        0.9967        50.0034     -0.9598
9268    0.0001         1.0000        0.9967        50.0018     -0.9595
9269    0.0001         1.0000        0.9967        50.0002     -0.9595
9270    0.0001         1.0000        0.9967        49.9985     -0.9640
Epoch    Loss         Train Acc     Test Acc       L2 Norm   Dropout Gap
9271    0.0001         1.0000        0.9967        49.9969     -0.9611
9272    0.0001
              Per-Epoch  Results
                       1.0000
                                 (page  207
                                     0.9967
                                             of 223)
                                                   49.9953     -0.9614
9273    0.0001         1.0000        0.9967        49.9937     -0.9608
9274    0.0001         1.0000        0.9967        49.9921     -0.9561
9275    0.0001         1.0000        0.9967        49.9905     -0.9590
9276    0.0001         1.0000        0.9967        49.9889     -0.9592
9277    0.0001         1.0000        0.9967        49.9873     -0.9625
9278    0.0001         1.0000        0.9967        49.9856     -0.9605
9279    0.0001         1.0000        0.9967        49.9840     -0.9586
9280    0.0001         1.0000        0.9967        49.9824     -0.9599
9281    0.0001         1.0000        0.9967        49.9808     -0.9578
9282    0.0001         1.0000        0.9967        49.9792     -0.9578
9283    0.0001         1.0000        0.9967        49.9776     -0.9628
9284    0.0001         1.0000        0.9967        49.9760     -0.9617
9285    0.0001         1.0000        0.9967        49.9744     -0.9611
9286    0.0001         1.0000        0.9967        49.9728     -0.9633
9287    0.0001         1.0000        0.9967        49.9712     -0.9595
9288    0.0001         1.0000        0.9967        49.9696     -0.9620
9289    0.0001         1.0000        0.9967        49.9679     -0.9596
9290    0.0001         1.0000        0.9967        49.9663     -0.9583
9291    0.0001         1.0000        0.9967        49.9647     -0.9535
9292    0.0001         1.0000        0.9967        49.9631     -0.9566
9293    0.0001         1.0000        0.9967        49.9615     -0.9646
9294    0.0001         1.0000        0.9967        49.9599     -0.9584
9295    0.0001         1.0000        0.9967        49.9583     -0.9617
9296    0.0001         1.0000        0.9967        49.9567     -0.9633
9297    0.0001         1.0000        0.9967        49.9550     -0.9631
9298    0.0001         1.0000        0.9967        49.9534     -0.9614
9299    0.0001         1.0000        0.9967        49.9518     -0.9584
9300    0.0001         1.0000        0.9967        49.9501     -0.9587
9301    0.0001         1.0000        0.9967        49.9485     -0.9551
9302    0.0001         1.0000        0.9967        49.9469     -0.9567
9303    0.0001         1.0000        0.9967        49.9453     -0.9595
9304    0.0001         1.0000        0.9967        49.9437     -0.9642
9305    0.0001         1.0000        0.9967        49.9421     -0.9622
9306    0.0001         1.0000        0.9967        49.9404     -0.9617
9307    0.0001         1.0000        0.9967        49.9388     -0.9622
9308    0.0001         1.0000        0.9967        49.9372     -0.9558
9309    0.0001         1.0000        0.9967        49.9356     -0.9630
9310    0.0001         1.0000        0.9967        49.9340     -0.9614
9311    0.0001         1.0000        0.9967        49.9323     -0.9634
9312    0.0001         1.0000        0.9967        49.9307     -0.9578
9313    0.0001         1.0000        0.9967        49.9291     -0.9586
9314    0.0001         1.0000        0.9967        49.9274     -0.9595
9315    0.0001         1.0000        0.9967        49.9258     -0.9601
Epoch    Loss         Train Acc     Test Acc       L2 Norm   Dropout Gap
9316    0.0001         1.0000        0.9967        49.9242     -0.9642
9317    0.0001
              Per-Epoch  Results
                       1.0000
                                 (page  208
                                     0.9967
                                             of 223)
                                                   49.9225     -0.9584
9318    0.0001         1.0000        0.9967        49.9209     -0.9564
9319    0.0001         1.0000        0.9967        49.9192     -0.9627
9320    0.0001         1.0000        0.9967        49.9176     -0.9581
9321    0.0001         1.0000        0.9967        49.9160     -0.9563
9322    0.0001         1.0000        0.9967        49.9143     -0.9592
9323    0.0001         1.0000        0.9967        49.9127     -0.9593
9324    0.0001         1.0000        0.9967        49.9111     -0.9624
9325    0.0001         1.0000        0.9967        49.9094     -0.9590
9326    0.0001         1.0000        0.9967        49.9078     -0.9613
9327    0.0001         1.0000        0.9967        49.9061     -0.9595
9328    0.0001         1.0000        0.9967        49.9045     -0.9643
9329    0.0001         1.0000        0.9967        49.9029     -0.9570
9330    0.0001         1.0000        0.9967        49.9012     -0.9599
9331    0.0001         1.0000        0.9967        49.8995     -0.9598
9332    0.0001         1.0000        0.9967        49.8979     -0.9616
9333    0.0001         1.0000        0.9967        49.8962     -0.9583
9334    0.0001         1.0000        0.9967        49.8946     -0.9576
9335    0.0001         1.0000        0.9967        49.8930     -0.9605
9336    0.0001         1.0000        0.9967        49.8914     -0.9620
9337    0.0001         1.0000        0.9967        49.8898     -0.9624
9338    0.0001         1.0000        0.9967        49.8881     -0.9601
9339    0.0001         1.0000        0.9967        49.8865     -0.9634
9340    0.0001         1.0000        0.9967        49.8849     -0.9598
9341    0.0001         1.0000        0.9967        49.8832     -0.9643
9342    0.0001         1.0000        0.9967        49.8816     -0.9596
9343    0.0001         1.0000        0.9965        49.8799     -0.9578
9344    0.0001         1.0000        0.9964        49.8783     -0.9593
9345    0.0001         1.0000        0.9964        49.8767     -0.9584
9346    0.0001         1.0000        0.9964        49.8750     -0.9587
9347    0.0001         1.0000        0.9964        49.8734     -0.9579
9348    0.0001         1.0000        0.9964        49.8718     -0.9590
9349    0.0001         1.0000        0.9964        49.8701     -0.9639
9350    0.0001         1.0000        0.9964        49.8685     -0.9586
9351    0.0001         1.0000        0.9964        49.8669     -0.9627
9352    0.0001         1.0000        0.9964        49.8652     -0.9624
9353    0.0001         1.0000        0.9964        49.8636     -0.9607
9354    0.0001         1.0000        0.9964        49.8620     -0.9579
9355    0.0001         1.0000        0.9964        49.8603     -0.9620
9356    0.0001         1.0000        0.9964        49.8587     -0.9613
9357    0.0001         1.0000        0.9964        49.8571     -0.9616
9358    0.0001         1.0000        0.9964        49.8555     -0.9593
9359    0.0001         1.0000        0.9964        49.8539     -0.9622
9360    0.0001         1.0000        0.9964        49.8523     -0.9613
Epoch    Loss         Train Acc     Test Acc       L2 Norm   Dropout Gap
9361    0.0001         1.0000        0.9964        49.8507     -0.9566
9362    0.0001
              Per-Epoch  Results
                       1.0000
                                 (page  209
                                     0.9964
                                             of 223)
                                                   49.8490     -0.9579
9363    0.0001         1.0000        0.9964        49.8474     -0.9579
9364    0.0001         1.0000        0.9964        49.8458     -0.9570
9365    0.0001         1.0000        0.9964        49.8442     -0.9611
9366    0.0001         1.0000        0.9964        49.8426     -0.9587
9367    0.0001         1.0000        0.9964        49.8410     -0.9567
9368    0.0001         1.0000        0.9964        49.8393     -0.9617
9369    0.0001         1.0000        0.9964        49.8377     -0.9602
9370    0.0001         1.0000        0.9964        49.8361     -0.9576
9371    0.0001         1.0000        0.9965        49.8345     -0.9620
9372    0.0001         1.0000        0.9965        49.8329     -0.9602
9373    0.0001         1.0000        0.9965        49.8313     -0.9628
9374    0.0001         1.0000        0.9965        49.8297     -0.9605
9375    0.0001         1.0000        0.9965        49.8280     -0.9613
9376    0.0001         1.0000        0.9965        49.8264     -0.9575
9377    0.0001         1.0000        0.9965        49.8248     -0.9619
9378    0.0001         1.0000        0.9965        49.8231     -0.9587
9379    0.0001         1.0000        0.9965        49.8215     -0.9613
9380    0.0001         1.0000        0.9965        49.8198     -0.9611
9381    0.0001         1.0000        0.9965        49.8182     -0.9608
9382    0.0001         1.0000        0.9965        49.8166     -0.9584
9383    0.0001         1.0000        0.9965        49.8149     -0.9589
9384    0.0001         1.0000        0.9965        49.8133     -0.9579
9385    0.0001         1.0000        0.9965        49.8116     -0.9599
9386    0.0001         1.0000        0.9965        49.8100     -0.9607
9387    0.0001         1.0000        0.9965        49.8084     -0.9625
9388    0.0001         1.0000        0.9965        49.8067     -0.9611
9389    0.0001         1.0000        0.9965        49.8051     -0.9572
9390    0.0001         1.0000        0.9965        49.8035     -0.9589
9391    0.0001         1.0000        0.9965        49.8019     -0.9575
9392    0.0001         1.0000        0.9965        49.8002     -0.9557
9393    0.0001         1.0000        0.9965        49.7986     -0.9617
9394    0.0001         1.0000        0.9965        49.7969     -0.9581
9395    0.0001         1.0000        0.9965        49.7953     -0.9587
9396    0.0001         1.0000        0.9965        49.7937     -0.9608
9397    0.0001         1.0000        0.9965        49.7921     -0.9584
9398    0.0001         1.0000        0.9965        49.7904     -0.9619
9399    0.0001         1.0000        0.9965        49.7888     -0.9648
9400    0.0001         1.0000        0.9965        49.7872     -0.9608
9401    0.0001         1.0000        0.9965        49.7855     -0.9614
9402    0.0001         1.0000        0.9965        49.7839     -0.9643
9403    0.0001         1.0000        0.9965        49.7823     -0.9566
9404    0.0001         1.0000        0.9965        49.7807     -0.9592
9405    0.0001         1.0000        0.9965        49.7791     -0.9598
Epoch    Loss         Train Acc     Test Acc       L2 Norm   Dropout Gap
9406    0.0001         1.0000        0.9965        49.7774     -0.9575
9407    0.0001
              Per-Epoch  Results
                       1.0000
                                 (page  210
                                     0.9965
                                             of 223)
                                                   49.7758     -0.9627
9408    0.0001         1.0000        0.9965        49.7742     -0.9630
9409    0.0001         1.0000        0.9965        49.7725     -0.9613
9410    0.0001         1.0000        0.9965        49.7709     -0.9564
9411    0.0001         1.0000        0.9965        49.7693     -0.9552
9412    0.0001         1.0000        0.9965        49.7677     -0.9620
9413    0.0001         1.0000        0.9965        49.7660     -0.9546
9414    0.0001         1.0000        0.9965        49.7644     -0.9613
9415    0.0001         1.0000        0.9965        49.7628     -0.9602
9416    0.0001         1.0000        0.9965        49.7612     -0.9648
9417    0.0001         1.0000        0.9965        49.7596     -0.9628
9418    0.0001         1.0000        0.9965        49.7580     -0.9593
9419    0.0001         1.0000        0.9965        49.7564     -0.9610
9420    0.0001         1.0000        0.9965        49.7548     -0.9614
9421    0.0001         1.0000        0.9965        49.7531     -0.9586
9422    0.0001         1.0000        0.9965        49.7515     -0.9658
9423    0.0001         1.0000        0.9965        49.7499     -0.9604
9424    0.0001         1.0000        0.9965        49.7483     -0.9604
9425    0.0001         1.0000        0.9965        49.7467     -0.9595
9426    0.0001         1.0000        0.9965        49.7451     -0.9648
9427    0.0001         1.0000        0.9965        49.7435     -0.9628
9428    0.0001         1.0000        0.9965        49.7419     -0.9593
9429    0.0001         1.0000        0.9965        49.7402     -0.9608
9430    0.0001         1.0000        0.9965        49.7386     -0.9643
9431    0.0001         1.0000        0.9965        49.7370     -0.9563
9432    0.0001         1.0000        0.9965        49.7354     -0.9617
9433    0.0001         1.0000        0.9965        49.7338     -0.9598
9434    0.0001         1.0000        0.9965        49.7322     -0.9604
9435    0.0001         1.0000        0.9965        49.7306     -0.9631
9436    0.0001         1.0000        0.9965        49.7289     -0.9589
9437    0.0001         1.0000        0.9965        49.7273     -0.9564
9438    0.0001         1.0000        0.9965        49.7257     -0.9616
9439    0.0001         1.0000        0.9965        49.7241     -0.9567
9440    0.0001         1.0000        0.9965        49.7225     -0.9589
9441    0.0001         1.0000        0.9965        49.7209     -0.9548
9442    0.0001         1.0000        0.9965        49.7193     -0.9566
9443    0.0001         1.0000        0.9965        49.7177     -0.9605
9444    0.0001         1.0000        0.9965        49.7161     -0.9616
9445    0.0001         1.0000        0.9965        49.7145     -0.9599
9446    0.0001         1.0000        0.9965        49.7129     -0.9563
9447    0.0001         1.0000        0.9965        49.7113     -0.9592
9448    0.0001         1.0000        0.9965        49.7097     -0.9607
9449    0.0001         1.0000        0.9965        49.7081     -0.9590
9450    0.0001         1.0000        0.9965        49.7065     -0.9586
Epoch    Loss         Train Acc     Test Acc       L2 Norm   Dropout Gap
9451    0.0001         1.0000        0.9965        49.7049     -0.9640
9452    0.0001
              Per-Epoch  Results
                       1.0000
                                 (page  211
                                     0.9965
                                             of 223)
                                                   49.7033     -0.9624
9453    0.0001         1.0000        0.9965        49.7017     -0.9601
9454    0.0001         1.0000        0.9965        49.7001     -0.9595
9455    0.0001         1.0000        0.9965        49.6985     -0.9631
9456    0.0001         1.0000        0.9965        49.6969     -0.9596
9457    0.0001         1.0000        0.9965        49.6953     -0.9576
9458    0.0001         1.0000        0.9965        49.6937     -0.9596
9459    0.0001         1.0000        0.9965        49.6921     -0.9636
9460    0.0001         1.0000        0.9965        49.6905     -0.9636
9461    0.0001         1.0000        0.9965        49.6889     -0.9639
9462    0.0001         1.0000        0.9965        49.6873     -0.9583
9463    0.0001         1.0000        0.9965        49.6857     -0.9601
9464    0.0001         1.0000        0.9965        49.6841     -0.9620
9465    0.0001         1.0000        0.9965        49.6825     -0.9579
9466    0.0001         1.0000        0.9965        49.6809     -0.9572
9467    0.0001         1.0000        0.9965        49.6793     -0.9599
9468    0.0001         1.0000        0.9965        49.6777     -0.9584
9469    0.0001         1.0000        0.9965        49.6761     -0.9611
9470    0.0001         1.0000        0.9965        49.6745     -0.9590
9471    0.0001         1.0000        0.9965        49.6729     -0.9583
9472    0.0001         1.0000        0.9965        49.6713     -0.9601
9473    0.0001         1.0000        0.9965        49.6697     -0.9558
9474    0.0001         1.0000        0.9965        49.6681     -0.9630
9475    0.0001         1.0000        0.9965        49.6665     -0.9558
9476    0.0001         1.0000        0.9965        49.6649     -0.9560
9477    0.0001         1.0000        0.9965        49.6633     -0.9604
9478    0.0001         1.0000        0.9965        49.6617     -0.9636
9479    0.0001         1.0000        0.9965        49.6601     -0.9590
9480    0.0001         1.0000        0.9965        49.6585     -0.9583
9481    0.0001         1.0000        0.9965        49.6569     -0.9584
9482    0.0001         1.0000        0.9965        49.6553     -0.9622
9483    0.0001         1.0000        0.9965        49.6537     -0.9605
9484    0.0001         1.0000        0.9965        49.6521     -0.9579
9485    0.0001         1.0000        0.9965        49.6505     -0.9633
9486    0.0001         1.0000        0.9965        49.6489     -0.9589
9487    0.0001         1.0000        0.9965        49.6473     -0.9587
9488    0.0001         1.0000        0.9965        49.6456     -0.9611
9489    0.0001         1.0000        0.9965        49.6440     -0.9587
9490    0.0001         1.0000        0.9965        49.6425     -0.9639
9491    0.0001         1.0000        0.9965        49.6409     -0.9639
9492    0.0001         1.0000        0.9965        49.6393     -0.9628
9493    0.0001         1.0000        0.9965        49.6377     -0.9590
9494    0.0001         1.0000        0.9965        49.6361     -0.9614
9495    0.0001         1.0000        0.9965        49.6345     -0.9622
Epoch    Loss         Train Acc     Test Acc       L2 Norm   Dropout Gap
9496    0.0001         1.0000        0.9965        49.6329     -0.9637
9497    0.0001
              Per-Epoch  Results
                       1.0000
                                 (page  212
                                     0.9965
                                             of 223)
                                                   49.6313     -0.9529
9498    0.0001         1.0000        0.9965        49.6297     -0.9598
9499    0.0001         1.0000        0.9965        49.6280     -0.9605
9500    0.0001         1.0000        0.9965        49.6264     -0.9592
9501    0.0001         1.0000        0.9965        49.6249     -0.9583
9502    0.0001         1.0000        0.9965        49.6233     -0.9579
9503    0.0001         1.0000        0.9965        49.6217     -0.9579
9504    0.0001         1.0000        0.9965        49.6201     -0.9607
9505    0.0001         1.0000        0.9965        49.6185     -0.9578
9506    0.0001         1.0000        0.9965        49.6169     -0.9605
9507    0.0001         1.0000        0.9965        49.6153     -0.9584
9508    0.0001         1.0000        0.9965        49.6138     -0.9593
9509    0.0001         1.0000        0.9965        49.6122     -0.9586
9510    0.0001         1.0000        0.9965        49.6106     -0.9602
9511    0.0001         1.0000        0.9965        49.6090     -0.9630
9512    0.0001         1.0000        0.9965        49.6074     -0.9639
9513    0.0001         1.0000        0.9965        49.6058     -0.9624
9514    0.0001         1.0000        0.9965        49.6042     -0.9592
9515    0.0001         1.0000        0.9965        49.6026     -0.9602
9516    0.0001         1.0000        0.9965        49.6010     -0.9587
9517    0.0001         1.0000        0.9965        49.5994     -0.9611
9518    0.0001         1.0000        0.9965        49.5978     -0.9611
9519    0.0001         1.0000        0.9965        49.5962     -0.9592
9520    0.0001         1.0000        0.9965        49.5946     -0.9579
9521    0.0001         1.0000        0.9965        49.5930     -0.9608
9522    0.0001         1.0000        0.9965        49.5914     -0.9581
9523    0.0001         1.0000        0.9965        49.5898     -0.9642
9524    0.0001         1.0000        0.9965        49.5882     -0.9616
9525    0.0001         1.0000        0.9965        49.5866     -0.9601
9526    0.0001         1.0000        0.9965        49.5850     -0.9598
9527    0.0001         1.0000        0.9965        49.5834     -0.9560
9528    0.0001         1.0000        0.9965        49.5818     -0.9599
9529    0.0001         1.0000        0.9965        49.5802     -0.9602
9530    0.0001         1.0000        0.9965        49.5786     -0.9567
9531    0.0001         1.0000        0.9965        49.5770     -0.9604
9532    0.0001         1.0000        0.9965        49.5754     -0.9587
9533    0.0001         1.0000        0.9965        49.5738     -0.9614
9534    0.0001         1.0000        0.9965        49.5722     -0.9639
9535    0.0001         1.0000        0.9965        49.5705     -0.9567
9536    0.0001         1.0000        0.9965        49.5689     -0.9587
9537    0.0001         1.0000        0.9965        49.5673     -0.9613
9538    0.0001         1.0000        0.9965        49.5657     -0.9579
9539    0.0001         1.0000        0.9965        49.5640     -0.9619
9540    0.0001         1.0000        0.9965        49.5624     -0.9587
Epoch    Loss         Train Acc     Test Acc       L2 Norm   Dropout Gap
9541    0.0001         1.0000        0.9965        49.5608     -0.9587
9542    0.0001
              Per-Epoch  Results
                       1.0000
                                 (page  213
                                     0.9965
                                             of 223)
                                                   49.5592     -0.9601
9543    0.0001         1.0000        0.9965        49.5576     -0.9587
9544    0.0001         1.0000        0.9965        49.5560     -0.9589
9545    0.0001         1.0000        0.9965        49.5544     -0.9619
9546    0.0001         1.0000        0.9965        49.5528     -0.9601
9547    0.0001         1.0000        0.9965        49.5512     -0.9593
9548    0.0001         1.0000        0.9965        49.5496     -0.9599
9549    0.0001         1.0000        0.9965        49.5480     -0.9576
9550    0.0001         1.0000        0.9965        49.5463     -0.9583
9551    0.0001         1.0000        0.9965        49.5447     -0.9590
9552    0.0001         1.0000        0.9965        49.5431     -0.9584
9553    0.0001         1.0000        0.9965        49.5415     -0.9614
9554    0.0001         1.0000        0.9965        49.5399     -0.9566
9555    0.0001         1.0000        0.9965        49.5383     -0.9605
9556    0.0001         1.0000        0.9965        49.5367     -0.9561
9557    0.0001         1.0000        0.9965        49.5350     -0.9661
9558    0.0001         1.0000        0.9965        49.5335     -0.9605
9559    0.0001         1.0000        0.9965        49.5318     -0.9570
9560    0.0001         1.0000        0.9965        49.5302     -0.9651
9561    0.0001         1.0000        0.9965        49.5286     -0.9602
9562    0.0001         1.0000        0.9965        49.5270     -0.9598
9563    0.0001         1.0000        0.9965        49.5254     -0.9590
9564    0.0001         1.0000        0.9965        49.5238     -0.9584
9565    0.0001         1.0000        0.9965        49.5222     -0.9620
9566    0.0001         1.0000        0.9965        49.5206     -0.9595
9567    0.0001         1.0000        0.9965        49.5190     -0.9619
9568    0.0001         1.0000        0.9965        49.5175     -0.9617
9569    0.0001         1.0000        0.9965        49.5159     -0.9567
9570    0.0001         1.0000        0.9965        49.5143     -0.9610
9571    0.0001         1.0000        0.9965        49.5127     -0.9596
9572    0.0001         1.0000        0.9965        49.5111     -0.9592
9573    0.0001         1.0000        0.9965        49.5095     -0.9605
9574    0.0001         1.0000        0.9965        49.5079     -0.9627
9575    0.0001         1.0000        0.9965        49.5063     -0.9613
9576    0.0001         1.0000        0.9965        49.5047     -0.9575
9577    0.0001         1.0000        0.9965        49.5031     -0.9616
9578    0.0001         1.0000        0.9965        49.5015     -0.9578
9579    0.0001         1.0000        0.9965        49.4999     -0.9607
9580    0.0001         1.0000        0.9965        49.4983     -0.9613
9581    0.0001         1.0000        0.9965        49.4967     -0.9636
9582    0.0001         1.0000        0.9965        49.4951     -0.9596
9583    0.0001         1.0000        0.9965        49.4936     -0.9561
9584    0.0001         1.0000        0.9965        49.4920     -0.9587
9585    0.0001         1.0000        0.9965        49.4904     -0.9551
Epoch    Loss         Train Acc     Test Acc       L2 Norm   Dropout Gap
9586    0.0001         1.0000        0.9965        49.4888     -0.9601
9587    0.0001
              Per-Epoch  Results
                       1.0000
                                 (page  214
                                     0.9965
                                             of 223)
                                                   49.4872     -0.9605
9588    0.0001         1.0000        0.9965        49.4856     -0.9643
9589    0.0001         1.0000        0.9965        49.4840     -0.9614
9590    0.0001         1.0000        0.9965        49.4825     -0.9620
9591    0.0001         1.0000        0.9965        49.4809     -0.9567
9592    0.0001         1.0000        0.9965        49.4793     -0.9620
9593    0.0001         1.0000        0.9965        49.4777     -0.9598
9594    0.0001         1.0000        0.9965        49.4761     -0.9586
9595    0.0001         1.0000        0.9965        49.4745     -0.9593
9596    0.0001         1.0000        0.9965        49.4729     -0.9587
9597    0.0001         1.0000        0.9965        49.4714     -0.9643
9598    0.0001         1.0000        0.9965        49.4698     -0.9566
9599    0.0001         1.0000        0.9965        49.4682     -0.9613
9600    0.0001         1.0000        0.9965        49.4666     -0.9596
9601    0.0001         1.0000        0.9965        49.4650     -0.9593
9602    0.0001         1.0000        0.9965        49.4634     -0.9602
9603    0.0001         1.0000        0.9965        49.4619     -0.9622
9604    0.0001         1.0000        0.9965        49.4603     -0.9576
9605    0.0001         1.0000        0.9965        49.4587     -0.9593
9606    0.0001         1.0000        0.9965        49.4571     -0.9608
9607    0.0001         1.0000        0.9965        49.4556     -0.9602
9608    0.0001         1.0000        0.9965        49.4540     -0.9583
9609    0.0001         1.0000        0.9965        49.4524     -0.9604
9610    0.0001         1.0000        0.9965        49.4508     -0.9619
9611    0.0001         1.0000        0.9965        49.4492     -0.9620
9612    0.0001         1.0000        0.9965        49.4476     -0.9601
9613    0.0001         1.0000        0.9965        49.4461     -0.9595
9614    0.0001         1.0000        0.9965        49.4445     -0.9583
9615    0.0001         1.0000        0.9965        49.4429     -0.9572
9616    0.0001         1.0000        0.9965        49.4413     -0.9593
9617    0.0001         1.0000        0.9965        49.4397     -0.9586
9618    0.0001         1.0000        0.9965        49.4381     -0.9636
9619    0.0001         1.0000        0.9965        49.4366     -0.9573
9620    0.0001         1.0000        0.9965        49.4350     -0.9589
9621    0.0001         1.0000        0.9965        49.4334     -0.9548
9622    0.0001         1.0000        0.9965        49.4318     -0.9625
9623    0.0001         1.0000        0.9965        49.4303     -0.9569
9624    0.0001         1.0000        0.9965        49.4287     -0.9579
9625    0.0001         1.0000        0.9965        49.4271     -0.9607
9626    0.0001         1.0000        0.9965        49.4255     -0.9589
9627    0.0001         1.0000        0.9965        49.4240     -0.9593
9628    0.0001         1.0000        0.9965        49.4224     -0.9648
9629    0.0001         1.0000        0.9965        49.4208     -0.9625
9630    0.0001         1.0000        0.9965        49.4192     -0.9592
Epoch    Loss         Train Acc     Test Acc       L2 Norm   Dropout Gap
9631    0.0001         1.0000        0.9965        49.4177     -0.9589
9632    0.0001
              Per-Epoch  Results
                       1.0000
                                 (page  215
                                     0.9965
                                             of 223)
                                                   49.4161     -0.9555
9633    0.0001         1.0000        0.9965        49.4145     -0.9558
9634    0.0001         1.0000        0.9965        49.4130     -0.9579
9635    0.0001         1.0000        0.9965        49.4114     -0.9583
9636    0.0001         1.0000        0.9965        49.4098     -0.9598
9637    0.0001         1.0000        0.9965        49.4082     -0.9542
9638    0.0001         1.0000        0.9965        49.4067     -0.9599
9639    0.0001         1.0000        0.9965        49.4051     -0.9587
9640    0.0001         1.0000        0.9965        49.4035     -0.9599
9641    0.0001         1.0000        0.9965        49.4019     -0.9620
9642    0.0001         1.0000        0.9965        49.4003     -0.9624
9643    0.0001         1.0000        0.9965        49.3988     -0.9567
9644    0.0001         1.0000        0.9965        49.3972     -0.9620
9645    0.0001         1.0000        0.9965        49.3956     -0.9602
9646    0.0001         1.0000        0.9965        49.3940     -0.9605
9647    0.0001         1.0000        0.9965        49.3924     -0.9633
9648    0.0001         1.0000        0.9965        49.3908     -0.9570
9649    0.0001         1.0000        0.9965        49.3892     -0.9578
9650    0.0001         1.0000        0.9965        49.3877     -0.9586
9651    0.0001         1.0000        0.9965        49.3861     -0.9611
9652    0.0001         1.0000        0.9965        49.3845     -0.9573
9653    0.0001         1.0000        0.9965        49.3829     -0.9575
9654    0.0001         1.0000        0.9965        49.3813     -0.9598
9655    0.0001         1.0000        0.9965        49.3797     -0.9564
9656    0.0001         1.0000        0.9965        49.3781     -0.9604
9657    0.0001         1.0000        0.9965        49.3765     -0.9604
9658    0.0001         1.0000        0.9965        49.3749     -0.9611
9659    0.0001         1.0000        0.9965        49.3733     -0.9567
9660    0.0001         1.0000        0.9965        49.3717     -0.9607
9661    0.0001         1.0000        0.9965        49.3701     -0.9611
9662    0.0001         1.0000        0.9965        49.3685     -0.9631
9663    0.0001         1.0000        0.9965        49.3669     -0.9616
9664    0.0001         1.0000        0.9965        49.3653     -0.9596
9665    0.0001         1.0000        0.9965        49.3637     -0.9617
9666    0.0001         1.0000        0.9965        49.3620     -0.9602
9667    0.0001         1.0000        0.9965        49.3604     -0.9573
9668    0.0001         1.0000        0.9965        49.3588     -0.9590
9669    0.0001         1.0000        0.9965        49.3572     -0.9601
9670    0.0001         1.0000        0.9965        49.3556     -0.9614
9671    0.0001         1.0000        0.9965        49.3540     -0.9671
9672    0.0001         1.0000        0.9965        49.3524     -0.9614
9673    0.0001         1.0000        0.9965        49.3508     -0.9620
9674    0.0001         1.0000        0.9965        49.3492     -0.9598
9675    0.0001         1.0000        0.9965        49.3476     -0.9617
Epoch    Loss         Train Acc     Test Acc       L2 Norm   Dropout Gap
9676    0.0001         1.0000        0.9965        49.3460     -0.9601
9677    0.0001
              Per-Epoch  Results
                       1.0000
                                 (page  216
                                     0.9965
                                             of 223)
                                                   49.3444     -0.9634
9678    0.0001         1.0000        0.9965        49.3428     -0.9605
9679    0.0001         1.0000        0.9965        49.3412     -0.9598
9680    0.0001         1.0000        0.9965        49.3396     -0.9637
9681    0.0001         1.0000        0.9965        49.3380     -0.9572
9682    0.0001         1.0000        0.9965        49.3364     -0.9619
9683    0.0001         1.0000        0.9965        49.3348     -0.9633
9684    0.0001         1.0000        0.9965        49.3332     -0.9661
9685    0.0001         1.0000        0.9965        49.3316     -0.9583
9686    0.0001         1.0000        0.9965        49.3300     -0.9598
9687    0.0001         1.0000        0.9965        49.3284     -0.9590
9688    0.0001         1.0000        0.9965        49.3268     -0.9627
9689    0.0001         1.0000        0.9965        49.3253     -0.9573
9690    0.0001         1.0000        0.9965        49.3237     -0.9599
9691    0.0001         1.0000        0.9965        49.3221     -0.9596
9692    0.0001         1.0000        0.9965        49.3205     -0.9628
9693    0.0001         1.0000        0.9965        49.3189     -0.9639
9694    0.0001         1.0000        0.9965        49.3173     -0.9599
9695    0.0001         1.0000        0.9965        49.3157     -0.9619
9696    0.0001         1.0000        0.9965        49.3142     -0.9581
9697    0.0001         1.0000        0.9965        49.3126     -0.9595
9698    0.0001         1.0000        0.9965        49.3110     -0.9639
9699    0.0001         1.0000        0.9965        49.3094     -0.9602
9700    0.0001         1.0000        0.9965        49.3078     -0.9620
9701    0.0001         1.0000        0.9965        49.3062     -0.9617
9702    0.0001         1.0000        0.9965        49.3046     -0.9589
9703    0.0001         1.0000        0.9965        49.3030     -0.9581
9704    0.0001         1.0000        0.9965        49.3014     -0.9598
9705    0.0001         1.0000        0.9965        49.2998     -0.9586
9706    0.0001         1.0000        0.9965        49.2982     -0.9596
9707    0.0001         1.0000        0.9965        49.2966     -0.9557
9708    0.0001         1.0000        0.9965        49.2950     -0.9587
9709    0.0001         1.0000        0.9965        49.2934     -0.9587
9710    0.0001         1.0000        0.9965        49.2919     -0.9587
9711    0.0001         1.0000        0.9965        49.2903     -0.9601
9712    0.0001         1.0000        0.9965        49.2887     -0.9611
9713    0.0001         1.0000        0.9965        49.2871     -0.9614
9714    0.0001         1.0000        0.9965        49.2856     -0.9602
9715    0.0001         1.0000        0.9965        49.2840     -0.9601
9716    0.0001         1.0000        0.9965        49.2824     -0.9620
9717    0.0001         1.0000        0.9965        49.2808     -0.9586
9718    0.0001         1.0000        0.9965        49.2792     -0.9613
9719    0.0001         1.0000        0.9965        49.2776     -0.9608
9720    0.0001         1.0000        0.9965        49.2761     -0.9587
Epoch    Loss         Train Acc     Test Acc       L2 Norm   Dropout Gap
9721    0.0001         1.0000        0.9965        49.2745     -0.9560
9722    0.0001
              Per-Epoch  Results
                       1.0000
                                 (page  217
                                     0.9965
                                             of 223)
                                                   49.2729     -0.9576
9723    0.0001         1.0000        0.9965        49.2713     -0.9595
9724    0.0001         1.0000        0.9965        49.2697     -0.9604
9725    0.0001         1.0000        0.9965        49.2681     -0.9599
9726    0.0001         1.0000        0.9965        49.2664     -0.9633
9727    0.0001         1.0000        0.9965        49.2649     -0.9593
9728    0.0001         1.0000        0.9965        49.2632     -0.9633
9729    0.0001         1.0000        0.9968        49.2616     -0.9566
9730    0.0001         1.0000        0.9968        49.2600     -0.9564
9731    0.0001         1.0000        0.9968        49.2584     -0.9610
9732    0.0001         1.0000        0.9968        49.2568     -0.9622
9733    0.0001         1.0000        0.9968        49.2552     -0.9605
9734    0.0001         1.0000        0.9968        49.2536     -0.9583
9735    0.0001         1.0000        0.9968        49.2520     -0.9551
9736    0.0001         1.0000        0.9968        49.2503     -0.9613
9737    0.0001         1.0000        0.9968        49.2487     -0.9599
9738    0.0001         1.0000        0.9968        49.2471     -0.9631
9739    0.0001         1.0000        0.9968        49.2454     -0.9601
9740    0.0001         1.0000        0.9968        49.2438     -0.9575
9741    0.0001         1.0000        0.9968        49.2422     -0.9627
9742    0.0001         1.0000        0.9968        49.2405     -0.9604
9743    0.0001         1.0000        0.9968        49.2389     -0.9570
9744    0.0001         1.0000        0.9968        49.2373     -0.9636
9745    0.0001         1.0000        0.9968        49.2356     -0.9613
9746    0.0001         1.0000        0.9968        49.2340     -0.9581
9747    0.0001         1.0000        0.9968        49.2323     -0.9572
9748    0.0001         1.0000        0.9968        49.2307     -0.9622
9749    0.0001         1.0000        0.9968        49.2290     -0.9584
9750    0.0001         1.0000        0.9968        49.2274     -0.9627
9751    0.0001         1.0000        0.9968        49.2258     -0.9625
9752    0.0001         1.0000        0.9968        49.2241     -0.9575
9753    0.0001         1.0000        0.9968        49.2225     -0.9581
9754    0.0001         1.0000        0.9968        49.2209     -0.9578
9755    0.0001         1.0000        0.9968        49.2192     -0.9636
9756    0.0001         1.0000        0.9968        49.2176     -0.9602
9757    0.0001         1.0000        0.9968        49.2159     -0.9586
9758    0.0001         1.0000        0.9968        49.2143     -0.9630
9759    0.0001         1.0000        0.9968        49.2127     -0.9604
9760    0.0001         1.0000        0.9968        49.2110     -0.9586
9761    0.0001         1.0000        0.9968        49.2094     -0.9634
9762    0.0001         1.0000        0.9968        49.2078     -0.9590
9763    0.0001         1.0000        0.9968        49.2061     -0.9579
9764    0.0001         1.0000        0.9968        49.2045     -0.9604
9765    0.0001         1.0000        0.9968        49.2029     -0.9631
Epoch    Loss         Train Acc     Test Acc       L2 Norm   Dropout Gap
9766    0.0001         1.0000        0.9968        49.2012     -0.9610
9767    0.0001
              Per-Epoch  Results
                       1.0000
                                 (page  218
                                     0.9968
                                             of 223)
                                                   49.1996     -0.9625
9768    0.0001         1.0000        0.9968        49.1980     -0.9587
9769    0.0001         1.0000        0.9968        49.1963     -0.9620
9770    0.0001         1.0000        0.9968        49.1947     -0.9655
9771    0.0001         1.0000        0.9968        49.1931     -0.9598
9772    0.0001         1.0000        0.9968        49.1915     -0.9598
9773    0.0001         1.0000        0.9968        49.1898     -0.9584
9774    0.0001         1.0000        0.9968        49.1882     -0.9587
9775    0.0001         1.0000        0.9968        49.1866     -0.9540
9776    0.0001         1.0000        0.9968        49.1849     -0.9619
9777    0.0001         1.0000        0.9968        49.1833     -0.9599
9778    0.0001         1.0000        0.9968        49.1817     -0.9576
9779    0.0001         1.0000        0.9968        49.1801     -0.9620
9780    0.0001         1.0000        0.9968        49.1784     -0.9611
9781    0.0001         1.0000        0.9968        49.1768     -0.9607
9782    0.0001         1.0000        0.9968        49.1752     -0.9605
9783    0.0001         1.0000        0.9968        49.1735     -0.9601
9784    0.0001         1.0000        0.9968        49.1719     -0.9639
9785    0.0001         1.0000        0.9968        49.1703     -0.9586
9786    0.0001         1.0000        0.9968        49.1687     -0.9579
9787    0.0001         1.0000        0.9968        49.1671     -0.9593
9788    0.0001         1.0000        0.9968        49.1654     -0.9599
9789    0.0001         1.0000        0.9968        49.1638     -0.9570
9790    0.0001         1.0000        0.9968        49.1622     -0.9575
9791    0.0001         1.0000        0.9968        49.1606     -0.9586
9792    0.0001         1.0000        0.9968        49.1590     -0.9581
9793    0.0001         1.0000        0.9968        49.1574     -0.9624
9794    0.0001         1.0000        0.9968        49.1558     -0.9627
9795    0.0001         1.0000        0.9968        49.1541     -0.9595
9796    0.0001         1.0000        0.9968        49.1525     -0.9613
9797    0.0001         1.0000        0.9968        49.1509     -0.9579
9798    0.0001         1.0000        0.9968        49.1493     -0.9598
9799    0.0001         1.0000        0.9968        49.1477     -0.9584
9800    0.0001         1.0000        0.9968        49.1461     -0.9610
9801    0.0001         1.0000        0.9968        49.1445     -0.9587
9802    0.0001         1.0000        0.9968        49.1429     -0.9607
9803    0.0001         1.0000        0.9968        49.1412     -0.9605
9804    0.0001         1.0000        0.9968        49.1396     -0.9581
9805    0.0001         1.0000        0.9968        49.1380     -0.9619
9806    0.0001         1.0000        0.9968        49.1364     -0.9599
9807    0.0001         1.0000        0.9968        49.1348     -0.9657
9808    0.0001         1.0000        0.9968        49.1332     -0.9575
9809    0.0001         1.0000        0.9968        49.1315     -0.9596
9810    0.0001         1.0000        0.9968        49.1299     -0.9584
Epoch    Loss         Train Acc     Test Acc       L2 Norm   Dropout Gap
9811    0.0001         1.0000        0.9968        49.1283     -0.9616
9812    0.0001
              Per-Epoch  Results
                       1.0000
                                 (page  219
                                     0.9968
                                             of 223)
                                                   49.1267     -0.9637
9813    0.0001         1.0000        0.9968        49.1251     -0.9572
9814    0.0001         1.0000        0.9968        49.1235     -0.9592
9815    0.0001         1.0000        0.9968        49.1218     -0.9637
9816    0.0001         1.0000        0.9968        49.1202     -0.9587
9817    0.0001         1.0000        0.9968        49.1186     -0.9576
9818    0.0001         1.0000        0.9968        49.1170     -0.9549
9819    0.0001         1.0000        0.9968        49.1154     -0.9592
9820    0.0001         1.0000        0.9968        49.1138     -0.9604
9821    0.0001         1.0000        0.9968        49.1123     -0.9602
9822    0.0001         1.0000        0.9968        49.1106     -0.9637
9823    0.0001         1.0000        0.9968        49.1090     -0.9578
9824    0.0001         1.0000        0.9968        49.1074     -0.9608
9825    0.0001         1.0000        0.9968        49.1058     -0.9619
9826    0.0001         1.0000        0.9968        49.1042     -0.9602
9827    0.0001         1.0000        0.9968        49.1026     -0.9619
9828    0.0001         1.0000        0.9968        49.1010     -0.9557
9829    0.0001         1.0000        0.9968        49.0993     -0.9611
9830    0.0001         1.0000        0.9968        49.0977     -0.9602
9831    0.0001         1.0000        0.9968        49.0962     -0.9617
9832    0.0001         1.0000        0.9968        49.0946     -0.9611
9833    0.0001         1.0000        0.9968        49.0930     -0.9586
9834    0.0001         1.0000        0.9968        49.0914     -0.9554
9835    0.0001         1.0000        0.9968        49.0898     -0.9614
9836    0.0001         1.0000        0.9968        49.0882     -0.9578
9837    0.0001         1.0000        0.9968        49.0865     -0.9633
9838    0.0001         1.0000        0.9968        49.0849     -0.9607
9839    0.0001         1.0000        0.9968        49.0833     -0.9573
9840    0.0001         1.0000        0.9968        49.0817     -0.9640
9841    0.0001         1.0000        0.9968        49.0801     -0.9630
9842    0.0001         1.0000        0.9968        49.0785     -0.9628
9843    0.0001         1.0000        0.9968        49.0770     -0.9608
9844    0.0001         1.0000        0.9968        49.0754     -0.9622
9845    0.0001         1.0000        0.9968        49.0738     -0.9613
9846    0.0001         1.0000        0.9968        49.0722     -0.9604
9847    0.0001         1.0000        0.9968        49.0706     -0.9566
9848    0.0001         1.0000        0.9968        49.0690     -0.9646
9849    0.0001         1.0000        0.9968        49.0674     -0.9613
9850    0.0001         1.0000        0.9968        49.0658     -0.9599
9851    0.0001         1.0000        0.9968        49.0642     -0.9604
9852    0.0001         1.0000        0.9968        49.0627     -0.9589
9853    0.0001         1.0000        0.9968        49.0611     -0.9598
9854    0.0001         1.0000        0.9968        49.0595     -0.9608
9855    0.0001         1.0000        0.9968        49.0579     -0.9599
Epoch    Loss         Train Acc     Test Acc       L2 Norm   Dropout Gap
9856    0.0001         1.0000        0.9968        49.0563     -0.9576
9857    0.0001
              Per-Epoch  Results
                       1.0000
                                 (page  220
                                     0.9968
                                             of 223)
                                                   49.0547     -0.9593
9858    0.0001         1.0000        0.9968        49.0532     -0.9593
9859    0.0001         1.0000        0.9968        49.0516     -0.9617
9860    0.0001         1.0000        0.9968        49.0500     -0.9587
9861    0.0001         1.0000        0.9968        49.0484     -0.9573
9862    0.0001         1.0000        0.9968        49.0468     -0.9645
9863    0.0001         1.0000        0.9968        49.0453     -0.9643
9864    0.0001         1.0000        0.9968        49.0437     -0.9613
9865    0.0001         1.0000        0.9968        49.0421     -0.9595
9866    0.0001         1.0000        0.9968        49.0406     -0.9586
9867    0.0001         1.0000        0.9968        49.0390     -0.9610
9868    0.0001         1.0000        0.9968        49.0374     -0.9599
9869    0.0001         1.0000        0.9968        49.0359     -0.9572
9870    0.0001         1.0000        0.9967        49.0343     -0.9611
9871    0.0001         1.0000        0.9965        49.0327     -0.9598
9872    0.0001         1.0000        0.9965        49.0312     -0.9625
9873    0.0001         1.0000        0.9965        49.0296     -0.9583
9874    0.0001         1.0000        0.9965        49.0280     -0.9605
9875    0.0001         1.0000        0.9965        49.0265     -0.9602
9876    0.0001         1.0000        0.9965        49.0249     -0.9595
9877    0.0001         1.0000        0.9965        49.0234     -0.9598
9878    0.0001         1.0000        0.9965        49.0218     -0.9643
9879    0.0001         1.0000        0.9965        49.0203     -0.9576
9880    0.0001         1.0000        0.9965        49.0187     -0.9616
9881    0.0001         1.0000        0.9965        49.0171     -0.9587
9882    0.0001         1.0000        0.9965        49.0156     -0.9583
9883    0.0001         1.0000        0.9965        49.0140     -0.9622
9884    0.0001         1.0000        0.9965        49.0124     -0.9557
9885    0.0001         1.0000        0.9965        49.0109     -0.9595
9886    0.0001         1.0000        0.9965        49.0093     -0.9616
9887    0.0001         1.0000        0.9965        49.0078     -0.9566
9888    0.0001         1.0000        0.9965        49.0062     -0.9610
9889    0.0001         1.0000        0.9965        49.0046     -0.9619
9890    0.0001         1.0000        0.9965        49.0031     -0.9605
9891    0.0001         1.0000        0.9965        49.0015     -0.9610
9892    0.0001         1.0000        0.9965        48.9999     -0.9589
9893    0.0001         1.0000        0.9965        48.9984     -0.9596
9894    0.0001         1.0000        0.9965        48.9968     -0.9617
9895    0.0001         1.0000        0.9965        48.9952     -0.9633
9896    0.0001         1.0000        0.9965        48.9937     -0.9608
9897    0.0001         1.0000        0.9965        48.9921     -0.9567
9898    0.0001         1.0000        0.9965        48.9906     -0.9569
9899    0.0001         1.0000        0.9965        48.9890     -0.9604
9900    0.0001         1.0000        0.9965        48.9875     -0.9613
Epoch    Loss         Train Acc     Test Acc       L2 Norm   Dropout Gap
9901    0.0001         1.0000        0.9965        48.9859     -0.9601
9902    0.0001
              Per-Epoch  Results
                       1.0000
                                 (page  221
                                     0.9965
                                             of 223)
                                                   48.9844     -0.9616
9903    0.0001         1.0000        0.9965        48.9828     -0.9599
9904    0.0001         1.0000        0.9965        48.9812     -0.9593
9905    0.0001         1.0000        0.9965        48.9797     -0.9628
9906    0.0001         1.0000        0.9965        48.9781     -0.9613
9907    0.0001         1.0000        0.9965        48.9766     -0.9608
9908    0.0001         1.0000        0.9965        48.9750     -0.9570
9909    0.0001         1.0000        0.9965        48.9735     -0.9570
9910    0.0001         1.0000        0.9965        48.9719     -0.9607
9911    0.0001         1.0000        0.9965        48.9704     -0.9592
9912    0.0001         1.0000        0.9965        48.9688     -0.9607
9913    0.0001         1.0000        0.9965        48.9673     -0.9616
9914    0.0001         1.0000        0.9965        48.9657     -0.9611
9915    0.0001         1.0000        0.9965        48.9641     -0.9566
9916    0.0001         1.0000        0.9965        48.9626     -0.9570
9917    0.0001         1.0000        0.9965        48.9610     -0.9598
9918    0.0001         1.0000        0.9965        48.9595     -0.9570
9919    0.0001         1.0000        0.9965        48.9579     -0.9563
9920    0.0001         1.0000        0.9965        48.9564     -0.9589
9921    0.0001         1.0000        0.9965        48.9548     -0.9631
9922    0.0001         1.0000        0.9965        48.9533     -0.9564
9923    0.0001         1.0000        0.9965        48.9518     -0.9625
9924    0.0001         1.0000        0.9965        48.9502     -0.9648
9925    0.0001         1.0000        0.9965        48.9487     -0.9586
9926    0.0001         1.0000        0.9965        48.9471     -0.9590
9927    0.0001         1.0000        0.9965        48.9456     -0.9578
9928    0.0001         1.0000        0.9965        48.9441     -0.9579
9929    0.0001         1.0000        0.9965        48.9425     -0.9584
9930    0.0001         1.0000        0.9965        48.9410     -0.9557
9931    0.0001         1.0000        0.9965        48.9395     -0.9586
9932    0.0001         1.0000        0.9965        48.9379     -0.9602
9933    0.0001         1.0000        0.9965        48.9364     -0.9578
9934    0.0001         1.0000        0.9965        48.9348     -0.9627
9935    0.0001         1.0000        0.9965        48.9333     -0.9620
9936    0.0001         1.0000        0.9965        48.9317     -0.9551
9937    0.0001         1.0000        0.9965        48.9301     -0.9617
9938    0.0001         1.0000        0.9965        48.9286     -0.9549
9939    0.0001         1.0000        0.9965        48.9271     -0.9587
9940    0.0001         1.0000        0.9965        48.9255     -0.9578
9941    0.0001         1.0000        0.9965        48.9240     -0.9599
9942    0.0001         1.0000        0.9965        48.9224     -0.9578
9943    0.0001         1.0000        0.9965        48.9209     -0.9601
9944    0.0001         1.0000        0.9965        48.9194     -0.9605
9945    0.0001         1.0000        0.9965        48.9178     -0.9602
Epoch    Loss         Train Acc     Test Acc       L2 Norm   Dropout Gap
9946    0.0001         1.0000        0.9965        48.9163     -0.9622
9947    0.0001
              Per-Epoch  Results
                       1.0000
                                 (page  222
                                     0.9965
                                             of 223)
                                                   48.9148     -0.9614
9948    0.0001         1.0000        0.9965        48.9132     -0.9595
9949    0.0001         1.0000        0.9965        48.9116     -0.9584
9950    0.0001         1.0000        0.9965        48.9101     -0.9608
9951    0.0001         1.0000        0.9965        48.9085     -0.9602
9952    0.0001         1.0000        0.9965        48.9070     -0.9611
9953    0.0001         1.0000        0.9965        48.9054     -0.9624
9954    0.0001         1.0000        0.9965        48.9039     -0.9639
9955    0.0001         1.0000        0.9965        48.9024     -0.9557
9956    0.0001         1.0000        0.9965        48.9008     -0.9601
9957    0.0001         1.0000        0.9965        48.8992     -0.9627
9958    0.0001         1.0000        0.9965        48.8977     -0.9608
9959    0.0001         1.0000        0.9965        48.8961     -0.9589
9960    0.0001         1.0000        0.9965        48.8945     -0.9602
9961    0.0001         1.0000        0.9965        48.8930     -0.9593
9962    0.0001         1.0000        0.9965        48.8914     -0.9602
9963    0.0001         1.0000        0.9968        48.8898     -0.9599
9964    0.0001         1.0000        0.9968        48.8882     -0.9617
9965    0.0001         1.0000        0.9968        48.8867     -0.9552
9966    0.0001         1.0000        0.9968        48.8851     -0.9599
9967    0.0001         1.0000        0.9968        48.8835     -0.9598
9968    0.0001         1.0000        0.9968        48.8820     -0.9617
9969    0.0001         1.0000        0.9968        48.8804     -0.9599
9970    0.0001         1.0000        0.9968        48.8788     -0.9651
9971    0.0001         1.0000        0.9968        48.8772     -0.9595
9972    0.0001         1.0000        0.9968        48.8757     -0.9575
9973    0.0001         1.0000        0.9968        48.8741     -0.9633
9974    0.0001         1.0000        0.9968        48.8725     -0.9607
9975    0.0001         1.0000        0.9968        48.8709     -0.9646
9976    0.0001         1.0000        0.9968        48.8693     -0.9610
9977    0.0001         1.0000        0.9968        48.8678     -0.9552
9978    0.0001         1.0000        0.9968        48.8662     -0.9595
9979    0.0001         1.0000        0.9968        48.8646     -0.9576
9980    0.0001         1.0000        0.9968        48.8630     -0.9586
9981    0.0001         1.0000        0.9968        48.8614     -0.9593
9982    0.0001         1.0000        0.9968        48.8598     -0.9608
9983    0.0001         1.0000        0.9968        48.8582     -0.9628
9984    0.0001         1.0000        0.9968        48.8566     -0.9592
9985    0.0001         1.0000        0.9968        48.8551     -0.9652
9986    0.0001         1.0000        0.9968        48.8535     -0.9598
9987    0.0001         1.0000        0.9968        48.8519     -0.9625
9988    0.0001         1.0000        0.9968        48.8503     -0.9579
9989    0.0001         1.0000        0.9968        48.8487     -0.9607
9990    0.0001         1.0000        0.9968        48.8471     -0.9631
            Per-Epoch Results (page 223 of 223)




Epoch    Loss       Train Acc    Test Acc    L2 Norm   Dropout Gap
 9991   0.0001       1.0000       0.9968     48.8455     -0.9586
 9992   0.0001       1.0000       0.9968     48.8440     -0.9593
 9993   0.0001       1.0000       0.9968     48.8424     -0.9583
 9994   0.0001       1.0000       0.9968     48.8408     -0.9602
 9995   0.0001       1.0000       0.9968     48.8392     -0.9593
 9996   0.0001       1.0000       0.9968     48.8376     -0.9578
 9997   0.0001       1.0000       0.9968     48.8360     -0.9605
 9998   0.0001       1.0000       0.9968     48.8345     -0.9567
 9999   0.0001       1.0000       0.9968     48.8329     -0.9601
10000   0.0001       1.0000       0.9968     48.8313     -0.9620
